0.000000000 13.8
0.000001000 -40.0
0.000003000 65.0
0.000006000 20.0
0.000010000 5.0
0.000014000 14.5
0.000020000 13.5
0.000030000 13.9
0.000050000 13.8
0.004850000 14.1
0.009550000 13.5
0.009600000 13.8
0.009650000 0.5
0.012000000 0.6
0.014950000 0.5
0.015000000 13.8
0.015001000 -40.0
0.015003000 65.0
0.015006000 20.0
0.015010000 5.0
0.015014000 14.5
0.015020000 13.5
0.015030000 13.9
0.015050000 13.8
0.019850000 14.1
0.024550000 13.5
0.024600000 13.8
0.024650000 0.5
0.027000000 0.6
0.029950000 0.5
0.030000000 13.8
0.030001000 -40.0
0.030003000 65.0
0.030006000 20.0
0.030010000 5.0
0.030014000 14.5
0.030020000 13.5
0.030030000 13.9
0.030050000 13.8
0.034850000 14.1
0.039550000 13.5
0.039600000 13.8
0.039650000 0.5
0.042000000 0.6
0.044950000 0.5
0.045000000 13.8
0.045001000 -40.0
0.045003000 65.0
0.045006000 20.0
0.045010000 5.0
0.045014000 14.5
0.045020000 13.5
0.045030000 13.9
0.045050000 13.8
0.049850000 14.1
0.054550000 13.5
0.054600000 13.8
0.054650000 0.5
0.057000000 0.6
0.059950000 0.5
0.060000000 13.8
0.060001000 -40.0
0.060003000 65.0
0.060006000 20.0
0.060010000 5.0
0.060014000 14.5
0.060020000 13.5
0.060030000 13.9
0.060050000 13.8
0.064850000 14.1
0.069550000 13.5
0.069600000 13.8
0.069650000 0.5
0.072000000 0.6
0.074950000 0.5
0.075000000 13.8
0.075001000 -40.0
0.075003000 65.0
0.075006000 20.0
0.075010000 5.0
0.075014000 14.5
0.075020000 13.5
0.075030000 13.9
0.075050000 13.8
0.079850000 14.1
0.084550000 13.5
0.084600000 13.8
0.084650000 0.5
0.087000000 0.6
0.089950000 0.5
0.090000000 13.8
0.090001000 -40.0
0.090003000 65.0
0.090006000 20.0
0.090010000 5.0
0.090014000 14.5
0.090020000 13.5
0.090030000 13.9
0.090050000 13.8
0.094850000 14.1
0.099550000 13.5
0.099600000 13.8
0.099650000 0.5
0.102000000 0.6
0.104950000 0.5
0.105000000 13.8
0.105001000 -40.0
0.105003000 65.0
0.105006000 20.0
0.105010000 5.0
0.105014000 14.5
0.105020000 13.5
0.105030000 13.9
0.105050000 13.8
0.109850000 14.1
0.114550000 13.5
0.114600000 13.8
0.114650000 0.5
0.117000000 0.6
0.119950000 0.5
0.120000000 13.8
0.120001000 -40.0
0.120003000 65.0
0.120006000 20.0
0.120010000 5.0
0.120014000 14.5
0.120020000 13.5
0.120030000 13.9
0.120050000 13.8
0.124850000 14.1
0.129550000 13.5
0.129600000 13.8
0.129650000 0.5
0.132000000 0.6
0.134950000 0.5
0.135000000 13.8
0.135001000 -40.0
0.135003000 65.0
0.135006000 20.0
0.135010000 5.0
0.135014000 14.5
0.135020000 13.5
0.135030000 13.9
0.135050000 13.8
0.139850000 14.1
0.144550000 13.5
0.144600000 13.8
0.144650000 0.5
0.147000000 0.6
0.149950000 0.5
0.150000000 13.8
0.150001000 -40.0
0.150003000 65.0
0.150006000 20.0
0.150010000 5.0
0.150014000 14.5
0.150020000 13.5
0.150030000 13.9
0.150050000 13.8
0.154850000 14.1
0.159550000 13.5
0.159600000 13.8
0.159650000 0.5
0.162000000 0.6
0.164950000 0.5
0.165000000 13.8
0.165001000 -40.0
0.165003000 65.0
0.165006000 20.0
0.165010000 5.0
0.165014000 14.5
0.165020000 13.5
0.165030000 13.9
0.165050000 13.8
0.169850000 14.1
0.174550000 13.5
0.174600000 13.8
0.174650000 0.5
0.177000000 0.6
0.179950000 0.5
0.180000000 13.8
0.180001000 -40.0
0.180003000 65.0
0.180006000 20.0
0.180010000 5.0
0.180014000 14.5
0.180020000 13.5
0.180030000 13.9
0.180050000 13.8
0.184850000 14.1
0.189550000 13.5
0.189600000 13.8
0.189650000 0.5
0.192000000 0.6
0.194950000 0.5
0.195000000 13.8
0.195001000 -40.0
0.195003000 65.0
0.195006000 20.0
0.195010000 5.0
0.195014000 14.5
0.195020000 13.5
0.195030000 13.9
0.195050000 13.8
0.199850000 14.1
0.204550000 13.5
0.204600000 13.8
0.204650000 0.5
0.207000000 0.6
0.209950000 0.5
0.210000000 13.8
0.210001000 -40.0
0.210003000 65.0
0.210006000 20.0
0.210010000 5.0
0.210014000 14.5
0.210020000 13.5
0.210030000 13.9
0.210050000 13.8
0.214850000 14.1
0.219550000 13.5
0.219600000 13.8
0.219650000 0.5
0.222000000 0.6
0.224950000 0.5
0.225000000 13.8
0.225001000 -40.0
0.225003000 65.0
0.225006000 20.0
0.225010000 5.0
0.225014000 14.5
0.225020000 13.5
0.225030000 13.9
0.225050000 13.8
0.229850000 14.1
0.234550000 13.5
0.234600000 13.8
0.234650000 0.5
0.237000000 0.6
0.239950000 0.5
0.240000000 13.8
0.240001000 -40.0
0.240003000 65.0
0.240006000 20.0
0.240010000 5.0
0.240014000 14.5
0.240020000 13.5
0.240030000 13.9
0.240050000 13.8
0.244850000 14.1
0.249550000 13.5
0.249600000 13.8
0.249650000 0.5
0.252000000 0.6
0.254950000 0.5
0.255000000 13.8
0.255001000 -40.0
0.255003000 65.0
0.255006000 20.0
0.255010000 5.0
0.255014000 14.5
0.255020000 13.5
0.255030000 13.9
0.255050000 13.8
0.259850000 14.1
0.264550000 13.5
0.264600000 13.8
0.264650000 0.5
0.267000000 0.6
0.269950000 0.5
0.270000000 13.8
0.270001000 -40.0
0.270003000 65.0
0.270006000 20.0
0.270010000 5.0
0.270014000 14.5
0.270020000 13.5
0.270030000 13.9
0.270050000 13.8
0.274850000 14.1
0.279550000 13.5
0.279600000 13.8
0.279650000 0.5
0.282000000 0.6
0.284950000 0.5
0.285000000 13.8
0.285001000 -40.0
0.285003000 65.0
0.285006000 20.0
0.285010000 5.0
0.285014000 14.5
0.285020000 13.5
0.285030000 13.9
0.285050000 13.8
0.289850000 14.1
0.294550000 13.5
0.294600000 13.8
0.294650000 0.5
0.297000000 0.6
0.299950000 0.5
0.300000000 13.8
0.300001000 -40.0
0.300003000 65.0
0.300006000 20.0
0.300010000 5.0
0.300014000 14.5
0.300020000 13.5
0.300030000 13.9
0.300050000 13.8
0.304850000 14.1
0.309550000 13.5
0.309600000 13.8
0.309650000 0.5
0.312000000 0.6
0.314950000 0.5
0.315000000 13.8
0.315001000 -40.0
0.315003000 65.0
0.315006000 20.0
0.315010000 5.0
0.315014000 14.5
0.315020000 13.5
0.315030000 13.9
0.315050000 13.8
0.319850000 14.1
0.324550000 13.5
0.324600000 13.8
0.324650000 0.5
0.327000000 0.6
0.329950000 0.5
0.330000000 13.8
0.330001000 -40.0
0.330003000 65.0
0.330006000 20.0
0.330010000 5.0
0.330014000 14.5
0.330020000 13.5
0.330030000 13.9
0.330050000 13.8
0.334850000 14.1
0.339550000 13.5
0.339600000 13.8
0.339650000 0.5
0.342000000 0.6
0.344950000 0.5
0.345000000 13.8
0.345001000 -40.0
0.345003000 65.0
0.345006000 20.0
0.345010000 5.0
0.345014000 14.5
0.345020000 13.5
0.345030000 13.9
0.345050000 13.8
0.349850000 14.1
0.354550000 13.5
0.354600000 13.8
0.354650000 0.5
0.357000000 0.6
0.359950000 0.5
0.360000000 13.8
0.360001000 -40.0
0.360003000 65.0
0.360006000 20.0
0.360010000 5.0
0.360014000 14.5
0.360020000 13.5
0.360030000 13.9
0.360050000 13.8
0.364850000 14.1
0.369550000 13.5
0.369600000 13.8
0.369650000 0.5
0.372000000 0.6
0.374950000 0.5
0.375000000 13.8
0.375001000 -40.0
0.375003000 65.0
0.375006000 20.0
0.375010000 5.0
0.375014000 14.5
0.375020000 13.5
0.375030000 13.9
0.375050000 13.8
0.379850000 14.1
0.384550000 13.5
0.384600000 13.8
0.384650000 0.5
0.387000000 0.6
0.389950000 0.5
0.390000000 13.8
0.390001000 -40.0
0.390003000 65.0
0.390006000 20.0
0.390010000 5.0
0.390014000 14.5
0.390020000 13.5
0.390030000 13.9
0.390050000 13.8
0.394850000 14.1
0.399550000 13.5
0.399600000 13.8
0.399650000 0.5
0.402000000 0.6
0.404950000 0.5
0.405000000 13.8
0.405001000 -40.0
0.405003000 65.0
0.405006000 20.0
0.405010000 5.0
0.405014000 14.5
0.405020000 13.5
0.405030000 13.9
0.405050000 13.8
0.409850000 14.1
0.414550000 13.5
0.414600000 13.8
0.414650000 0.5
0.417000000 0.6
0.419950000 0.5
0.420000000 13.8
0.420001000 -40.0
0.420003000 65.0
0.420006000 20.0
0.420010000 5.0
0.420014000 14.5
0.420020000 13.5
0.420030000 13.9
0.420050000 13.8
0.424850000 14.1
0.429550000 13.5
0.429600000 13.8
0.429650000 0.5
0.432000000 0.6
0.434950000 0.5
0.435000000 13.8
0.435001000 -40.0
0.435003000 65.0
0.435006000 20.0
0.435010000 5.0
0.435014000 14.5
0.435020000 13.5
0.435030000 13.9
0.435050000 13.8
0.439850000 14.1
0.444550000 13.5
0.444600000 13.8
0.444650000 0.5
0.447000000 0.6
0.449950000 0.5
0.450000000 13.8
0.450001000 -40.0
0.450003000 65.0
0.450006000 20.0
0.450010000 5.0
0.450014000 14.5
0.450020000 13.5
0.450030000 13.9
0.450050000 13.8
0.454850000 14.1
0.459550000 13.5
0.459600000 13.8
0.459650000 0.5
0.462000000 0.6
0.464950000 0.5
0.465000000 13.8
0.465001000 -40.0
0.465003000 65.0
0.465006000 20.0
0.465010000 5.0
0.465014000 14.5
0.465020000 13.5
0.465030000 13.9
0.465050000 13.8
0.469850000 14.1
0.474550000 13.5
0.474600000 13.8
0.474650000 0.5
0.477000000 0.6
0.479950000 0.5
0.480000000 13.8
0.480001000 -40.0
0.480003000 65.0
0.480006000 20.0
0.480010000 5.0
0.480014000 14.5
0.480020000 13.5
0.480030000 13.9
0.480050000 13.8
0.484850000 14.1
0.489550000 13.5
0.489600000 13.8
0.489650000 0.5
0.492000000 0.6
0.494950000 0.5
0.495000000 13.8
0.495001000 -40.0
0.495003000 65.0
0.495006000 20.0
0.495010000 5.0
0.495014000 14.5
0.495020000 13.5
0.495030000 13.9
0.495050000 13.8
0.499850000 14.1
0.504550000 13.5
0.504600000 13.8
0.504650000 0.5
0.507000000 0.6
0.509950000 0.5
0.510000000 13.8
0.510001000 -40.0
0.510003000 65.0
0.510006000 20.0
0.510010000 5.0
0.510014000 14.5
0.510020000 13.5
0.510030000 13.9
0.510050000 13.8
0.514850000 14.1
0.519550000 13.5
0.519600000 13.8
0.519650000 0.5
0.522000000 0.6
0.524950000 0.5
0.525000000 13.8
0.525001000 -40.0
0.525003000 65.0
0.525006000 20.0
0.525010000 5.0
0.525014000 14.5
0.525020000 13.5
0.525030000 13.9
0.525050000 13.8
0.529850000 14.1
0.534550000 13.5
0.534600000 13.8
0.534650000 0.5
0.537000000 0.6
0.539950000 0.5
0.540000000 13.8
0.540001000 -40.0
0.540003000 65.0
0.540006000 20.0
0.540010000 5.0
0.540014000 14.5
0.540020000 13.5
0.540030000 13.9
0.540050000 13.8
0.544850000 14.1
0.549550000 13.5
0.549600000 13.8
0.549650000 0.5
0.552000000 0.6
0.554950000 0.5
0.555000000 13.8
0.555001000 -40.0
0.555003000 65.0
0.555006000 20.0
0.555010000 5.0
0.555014000 14.5
0.555020000 13.5
0.555030000 13.9
0.555050000 13.8
0.559850000 14.1
0.564550000 13.5
0.564600000 13.8
0.564650000 0.5
0.567000000 0.6
0.569950000 0.5
0.570000000 13.8
0.570001000 -40.0
0.570003000 65.0
0.570006000 20.0
0.570010000 5.0
0.570014000 14.5
0.570020000 13.5
0.570030000 13.9
0.570050000 13.8
0.574850000 14.1
0.579550000 13.5
0.579600000 13.8
0.579650000 0.5
0.582000000 0.6
0.584950000 0.5
0.585000000 13.8
0.585001000 -40.0
0.585003000 65.0
0.585006000 20.0
0.585010000 5.0
0.585014000 14.5
0.585020000 13.5
0.585030000 13.9
0.585050000 13.8
0.589850000 14.1
0.594550000 13.5
0.594600000 13.8
0.594650000 0.5
0.597000000 0.6
0.599950000 0.5
0.600000000 13.8
0.600001000 -40.0
0.600003000 65.0
0.600006000 20.0
0.600010000 5.0
0.600014000 14.5
0.600020000 13.5
0.600030000 13.9
0.600050000 13.8
0.604850000 14.1
0.609550000 13.5
0.609600000 13.8
0.609650000 0.5
0.612000000 0.6
0.614950000 0.5
0.615000000 13.8
0.615001000 -40.0
0.615003000 65.0
0.615006000 20.0
0.615010000 5.0
0.615014000 14.5
0.615020000 13.5
0.615030000 13.9
0.615050000 13.8
0.619850000 14.1
0.624550000 13.5
0.624600000 13.8
0.624650000 0.5
0.627000000 0.6
0.629950000 0.5
0.630000000 13.8
0.630001000 -40.0
0.630003000 65.0
0.630006000 20.0
0.630010000 5.0
0.630014000 14.5
0.630020000 13.5
0.630030000 13.9
0.630050000 13.8
0.634850000 14.1
0.639550000 13.5
0.639600000 13.8
0.639650000 0.5
0.642000000 0.6
0.644950000 0.5
0.645000000 13.8
0.645001000 -40.0
0.645003000 65.0
0.645006000 20.0
0.645010000 5.0
0.645014000 14.5
0.645020000 13.5
0.645030000 13.9
0.645050000 13.8
0.649850000 14.1
0.654550000 13.5
0.654600000 13.8
0.654650000 0.5
0.657000000 0.6
0.659950000 0.5
0.660000000 13.8
0.660001000 -40.0
0.660003000 65.0
0.660006000 20.0
0.660010000 5.0
0.660014000 14.5
0.660020000 13.5
0.660030000 13.9
0.660050000 13.8
0.664850000 14.1
0.669550000 13.5
0.669600000 13.8
0.669650000 0.5
0.672000000 0.6
0.674950000 0.5
0.675000000 13.8
0.675001000 -40.0
0.675003000 65.0
0.675006000 20.0
0.675010000 5.0
0.675014000 14.5
0.675020000 13.5
0.675030000 13.9
0.675050000 13.8
0.679850000 14.1
0.684550000 13.5
0.684600000 13.8
0.684650000 0.5
0.687000000 0.6
0.689950000 0.5
0.690000000 13.8
0.690001000 -40.0
0.690003000 65.0
0.690006000 20.0
0.690010000 5.0
0.690014000 14.5
0.690020000 13.5
0.690030000 13.9
0.690050000 13.8
0.694850000 14.1
0.699550000 13.5
0.699600000 13.8
0.699650000 0.5
0.702000000 0.6
0.704950000 0.5
0.705000000 13.8
0.705001000 -40.0
0.705003000 65.0
0.705006000 20.0
0.705010000 5.0
0.705014000 14.5
0.705020000 13.5
0.705030000 13.9
0.705050000 13.8
0.709850000 14.1
0.714550000 13.5
0.714600000 13.8
0.714650000 0.5
0.717000000 0.6
0.719950000 0.5
0.720000000 13.8
0.720001000 -40.0
0.720003000 65.0
0.720006000 20.0
0.720010000 5.0
0.720014000 14.5
0.720020000 13.5
0.720030000 13.9
0.720050000 13.8
0.724850000 14.1
0.729550000 13.5
0.729600000 13.8
0.729650000 0.5
0.732000000 0.6
0.734950000 0.5
0.735000000 13.8
0.735001000 -40.0
0.735003000 65.0
0.735006000 20.0
0.735010000 5.0
0.735014000 14.5
0.735020000 13.5
0.735030000 13.9
0.735050000 13.8
0.739850000 14.1
0.744550000 13.5
0.744600000 13.8
0.744650000 0.5
0.747000000 0.6
0.749950000 0.5
0.750000000 13.8
0.750001000 -40.0
0.750003000 65.0
0.750006000 20.0
0.750010000 5.0
0.750014000 14.5
0.750020000 13.5
0.750030000 13.9
0.750050000 13.8
0.754850000 14.1
0.759550000 13.5
0.759600000 13.8
0.759650000 0.5
0.762000000 0.6
0.764950000 0.5
0.765000000 13.8
0.765001000 -40.0
0.765003000 65.0
0.765006000 20.0
0.765010000 5.0
0.765014000 14.5
0.765020000 13.5
0.765030000 13.9
0.765050000 13.8
0.769850000 14.1
0.774550000 13.5
0.774600000 13.8
0.774650000 0.5
0.777000000 0.6
0.779950000 0.5
0.780000000 13.8
0.780001000 -40.0
0.780003000 65.0
0.780006000 20.0
0.780010000 5.0
0.780014000 14.5
0.780020000 13.5
0.780030000 13.9
0.780050000 13.8
0.784850000 14.1
0.789550000 13.5
0.789600000 13.8
0.789650000 0.5
0.792000000 0.6
0.794950000 0.5
0.795000000 13.8
0.795001000 -40.0
0.795003000 65.0
0.795006000 20.0
0.795010000 5.0
0.795014000 14.5
0.795020000 13.5
0.795030000 13.9
0.795050000 13.8
0.799850000 14.1
0.804550000 13.5
0.804600000 13.8
0.804650000 0.5
0.807000000 0.6
0.809950000 0.5
0.810000000 13.8
0.810001000 -40.0
0.810003000 65.0
0.810006000 20.0
0.810010000 5.0
0.810014000 14.5
0.810020000 13.5
0.810030000 13.9
0.810050000 13.8
0.814850000 14.1
0.819550000 13.5
0.819600000 13.8
0.819650000 0.5
0.822000000 0.6
0.824950000 0.5
0.825000000 13.8
0.825001000 -40.0
0.825003000 65.0
0.825006000 20.0
0.825010000 5.0
0.825014000 14.5
0.825020000 13.5
0.825030000 13.9
0.825050000 13.8
0.829850000 14.1
0.834550000 13.5
0.834600000 13.8
0.834650000 0.5
0.837000000 0.6
0.839950000 0.5
0.840000000 13.8
0.840001000 -40.0
0.840003000 65.0
0.840006000 20.0
0.840010000 5.0
0.840014000 14.5
0.840020000 13.5
0.840030000 13.9
0.840050000 13.8
0.844850000 14.1
0.849550000 13.5
0.849600000 13.8
0.849650000 0.5
0.852000000 0.6
0.854950000 0.5
0.855000000 13.8
0.855001000 -40.0
0.855003000 65.0
0.855006000 20.0
0.855010000 5.0
0.855014000 14.5
0.855020000 13.5
0.855030000 13.9
0.855050000 13.8
0.859850000 14.1
0.864550000 13.5
0.864600000 13.8
0.864650000 0.5
0.867000000 0.6
0.869950000 0.5
0.870000000 13.8
0.870001000 -40.0
0.870003000 65.0
0.870006000 20.0
0.870010000 5.0
0.870014000 14.5
0.870020000 13.5
0.870030000 13.9
0.870050000 13.8
0.874850000 14.1
0.879550000 13.5
0.879600000 13.8
0.879650000 0.5
0.882000000 0.6
0.884950000 0.5
0.885000000 13.8
0.885001000 -40.0
0.885003000 65.0
0.885006000 20.0
0.885010000 5.0
0.885014000 14.5
0.885020000 13.5
0.885030000 13.9
0.885050000 13.8
0.889850000 14.1
0.894550000 13.5
0.894600000 13.8
0.894650000 0.5
0.897000000 0.6
0.899950000 0.5
0.900000000 13.8
0.900001000 -40.0
0.900003000 65.0
0.900006000 20.0
0.900010000 5.0
0.900014000 14.5
0.900020000 13.5
0.900030000 13.9
0.900050000 13.8
0.904850000 14.1
0.909550000 13.5
0.909600000 13.8
0.909650000 0.5
0.912000000 0.6
0.914950000 0.5
0.915000000 13.8
0.915001000 -40.0
0.915003000 65.0
0.915006000 20.0
0.915010000 5.0
0.915014000 14.5
0.915020000 13.5
0.915030000 13.9
0.915050000 13.8
0.919850000 14.1
0.924550000 13.5
0.924600000 13.8
0.924650000 0.5
0.927000000 0.6
0.929950000 0.5
0.930000000 13.8
0.930001000 -40.0
0.930003000 65.0
0.930006000 20.0
0.930010000 5.0
0.930014000 14.5
0.930020000 13.5
0.930030000 13.9
0.930050000 13.8
0.934850000 14.1
0.939550000 13.5
0.939600000 13.8
0.939650000 0.5
0.942000000 0.6
0.944950000 0.5
0.945000000 13.8
0.945001000 -40.0
0.945003000 65.0
0.945006000 20.0
0.945010000 5.0
0.945014000 14.5
0.945020000 13.5
0.945030000 13.9
0.945050000 13.8
0.949850000 14.1
0.954550000 13.5
0.954600000 13.8
0.954650000 0.5
0.957000000 0.6
0.959950000 0.5
0.960000000 13.8
0.960001000 -40.0
0.960003000 65.0
0.960006000 20.0
0.960010000 5.0
0.960014000 14.5
0.960020000 13.5
0.960030000 13.9
0.960050000 13.8
0.964850000 14.1
0.969550000 13.5
0.969600000 13.8
0.969650000 0.5
0.972000000 0.6
0.974950000 0.5
0.975000000 13.8
0.975001000 -40.0
0.975003000 65.0
0.975006000 20.0
0.975010000 5.0
0.975014000 14.5
0.975020000 13.5
0.975030000 13.9
0.975050000 13.8
0.979850000 14.1
0.984550000 13.5
0.984600000 13.8
0.984650000 0.5
0.987000000 0.6
0.989950000 0.5
0.990000000 13.8
0.990001000 -40.0
0.990003000 65.0
0.990006000 20.0
0.990010000 5.0
0.990014000 14.5
0.990020000 13.5
0.990030000 13.9
0.990050000 13.8
0.994850000 14.1
0.999550000 13.5
0.999600000 13.8
0.999650000 0.5
1.002000000 0.6
1.004950000 0.5
1.005000000 13.8
1.005001000 -40.0
1.005003000 65.0
1.005006000 20.0
1.005010000 5.0
1.005014000 14.5
1.005020000 13.5
1.005030000 13.9
1.005050000 13.8
1.009850000 14.1
1.014550000 13.5
1.014600000 13.8
1.014650000 0.5
1.017000000 0.6
1.019950000 0.5
1.020000000 13.8
1.020001000 -40.0
1.020003000 65.0
1.020006000 20.0
1.020010000 5.0
1.020014000 14.5
1.020020000 13.5
1.020030000 13.9
1.020050000 13.8
1.024850000 14.1
1.029550000 13.5
1.029600000 13.8
1.029650000 0.5
1.032000000 0.6
1.034950000 0.5
1.035000000 13.8
1.035001000 -40.0
1.035003000 65.0
1.035006000 20.0
1.035010000 5.0
1.035014000 14.5
1.035020000 13.5
1.035030000 13.9
1.035050000 13.8
1.039850000 14.1
1.044550000 13.5
1.044600000 13.8
1.044650000 0.5
1.047000000 0.6
1.049950000 0.5
1.050000000 13.8
1.050001000 -40.0
1.050003000 65.0
1.050006000 20.0
1.050010000 5.0
1.050014000 14.5
1.050020000 13.5
1.050030000 13.9
1.050050000 13.8
1.054850000 14.1
1.059550000 13.5
1.059600000 13.8
1.059650000 0.5
1.062000000 0.6
1.064950000 0.5
1.065000000 13.8
1.065001000 -40.0
1.065003000 65.0
1.065006000 20.0
1.065010000 5.0
1.065014000 14.5
1.065020000 13.5
1.065030000 13.9
1.065050000 13.8
1.069850000 14.1
1.074550000 13.5
1.074600000 13.8
1.074650000 0.5
1.077000000 0.6
1.079950000 0.5
1.080000000 13.8
1.080001000 -40.0
1.080003000 65.0
1.080006000 20.0
1.080010000 5.0
1.080014000 14.5
1.080020000 13.5
1.080030000 13.9
1.080050000 13.8
1.084850000 14.1
1.089550000 13.5
1.089600000 13.8
1.089650000 0.5
1.092000000 0.6
1.094950000 0.5
1.095000000 13.8
1.095001000 -40.0
1.095003000 65.0
1.095006000 20.0
1.095010000 5.0
1.095014000 14.5
1.095020000 13.5
1.095030000 13.9
1.095050000 13.8
1.099850000 14.1
1.104550000 13.5
1.104600000 13.8
1.104650000 0.5
1.107000000 0.6
1.109950000 0.5
1.110000000 13.8
1.110001000 -40.0
1.110003000 65.0
1.110006000 20.0
1.110010000 5.0
1.110014000 14.5
1.110020000 13.5
1.110030000 13.9
1.110050000 13.8
1.114850000 14.1
1.119550000 13.5
1.119600000 13.8
1.119650000 0.5
1.122000000 0.6
1.124950000 0.5
1.125000000 13.8
1.125001000 -40.0
1.125003000 65.0
1.125006000 20.0
1.125010000 5.0
1.125014000 14.5
1.125020000 13.5
1.125030000 13.9
1.125050000 13.8
1.129850000 14.1
1.134550000 13.5
1.134600000 13.8
1.134650000 0.5
1.137000000 0.6
1.139950000 0.5
1.140000000 13.8
1.140001000 -40.0
1.140003000 65.0
1.140006000 20.0
1.140010000 5.0
1.140014000 14.5
1.140020000 13.5
1.140030000 13.9
1.140050000 13.8
1.144850000 14.1
1.149550000 13.5
1.149600000 13.8
1.149650000 0.5
1.152000000 0.6
1.154950000 0.5
1.155000000 13.8
1.155001000 -40.0
1.155003000 65.0
1.155006000 20.0
1.155010000 5.0
1.155014000 14.5
1.155020000 13.5
1.155030000 13.9
1.155050000 13.8
1.159850000 14.1
1.164550000 13.5
1.164600000 13.8
1.164650000 0.5
1.167000000 0.6
1.169950000 0.5
1.170000000 13.8
1.170001000 -40.0
1.170003000 65.0
1.170006000 20.0
1.170010000 5.0
1.170014000 14.5
1.170020000 13.5
1.170030000 13.9
1.170050000 13.8
1.174850000 14.1
1.179550000 13.5
1.179600000 13.8
1.179650000 0.5
1.182000000 0.6
1.184950000 0.5
1.185000000 13.8
1.185001000 -40.0
1.185003000 65.0
1.185006000 20.0
1.185010000 5.0
1.185014000 14.5
1.185020000 13.5
1.185030000 13.9
1.185050000 13.8
1.189850000 14.1
1.194550000 13.5
1.194600000 13.8
1.194650000 0.5
1.197000000 0.6
1.199950000 0.5
1.200000000 13.8
1.200001000 -40.0
1.200003000 65.0
1.200006000 20.0
1.200010000 5.0
1.200014000 14.5
1.200020000 13.5
1.200030000 13.9
1.200050000 13.8
1.204850000 14.1
1.209550000 13.5
1.209600000 13.8
1.209650000 0.5
1.212000000 0.6
1.214950000 0.5
1.215000000 13.8
1.215001000 -40.0
1.215003000 65.0
1.215006000 20.0
1.215010000 5.0
1.215014000 14.5
1.215020000 13.5
1.215030000 13.9
1.215050000 13.8
1.219850000 14.1
1.224550000 13.5
1.224600000 13.8
1.224650000 0.5
1.227000000 0.6
1.229950000 0.5
1.230000000 13.8
1.230001000 -40.0
1.230003000 65.0
1.230006000 20.0
1.230010000 5.0
1.230014000 14.5
1.230020000 13.5
1.230030000 13.9
1.230050000 13.8
1.234850000 14.1
1.239550000 13.5
1.239600000 13.8
1.239650000 0.5
1.242000000 0.6
1.244950000 0.5
1.245000000 13.8
1.245001000 -40.0
1.245003000 65.0
1.245006000 20.0
1.245010000 5.0
1.245014000 14.5
1.245020000 13.5
1.245030000 13.9
1.245050000 13.8
1.249850000 14.1
1.254550000 13.5
1.254600000 13.8
1.254650000 0.5
1.257000000 0.6
1.259950000 0.5
1.260000000 13.8
1.260001000 -40.0
1.260003000 65.0
1.260006000 20.0
1.260010000 5.0
1.260014000 14.5
1.260020000 13.5
1.260030000 13.9
1.260050000 13.8
1.264850000 14.1
1.269550000 13.5
1.269600000 13.8
1.269650000 0.5
1.272000000 0.6
1.274950000 0.5
1.275000000 13.8
1.275001000 -40.0
1.275003000 65.0
1.275006000 20.0
1.275010000 5.0
1.275014000 14.5
1.275020000 13.5
1.275030000 13.9
1.275050000 13.8
1.279850000 14.1
1.284550000 13.5
1.284600000 13.8
1.284650000 0.5
1.287000000 0.6
1.289950000 0.5
1.290000000 13.8
1.290001000 -40.0
1.290003000 65.0
1.290006000 20.0
1.290010000 5.0
1.290014000 14.5
1.290020000 13.5
1.290030000 13.9
1.290050000 13.8
1.294850000 14.1
1.299550000 13.5
1.299600000 13.8
1.299650000 0.5
1.302000000 0.6
1.304950000 0.5
1.305000000 13.8
1.305001000 -40.0
1.305003000 65.0
1.305006000 20.0
1.305010000 5.0
1.305014000 14.5
1.305020000 13.5
1.305030000 13.9
1.305050000 13.8
1.309850000 14.1
1.314550000 13.5
1.314600000 13.8
1.314650000 0.5
1.317000000 0.6
1.319950000 0.5
1.320000000 13.8
1.320001000 -40.0
1.320003000 65.0
1.320006000 20.0
1.320010000 5.0
1.320014000 14.5
1.320020000 13.5
1.320030000 13.9
1.320050000 13.8
1.324850000 14.1
1.329550000 13.5
1.329600000 13.8
1.329650000 0.5
1.332000000 0.6
1.334950000 0.5
1.335000000 13.8
1.335001000 -40.0
1.335003000 65.0
1.335006000 20.0
1.335010000 5.0
1.335014000 14.5
1.335020000 13.5
1.335030000 13.9
1.335050000 13.8
1.339850000 14.1
1.344550000 13.5
1.344600000 13.8
1.344650000 0.5
1.347000000 0.6
1.349950000 0.5
1.350000000 13.8
1.350001000 -40.0
1.350003000 65.0
1.350006000 20.0
1.350010000 5.0
1.350014000 14.5
1.350020000 13.5
1.350030000 13.9
1.350050000 13.8
1.354850000 14.1
1.359550000 13.5
1.359600000 13.8
1.359650000 0.5
1.362000000 0.6
1.364950000 0.5
1.365000000 13.8
1.365001000 -40.0
1.365003000 65.0
1.365006000 20.0
1.365010000 5.0
1.365014000 14.5
1.365020000 13.5
1.365030000 13.9
1.365050000 13.8
1.369850000 14.1
1.374550000 13.5
1.374600000 13.8
1.374650000 0.5
1.377000000 0.6
1.379950000 0.5
1.380000000 13.8
1.380001000 -40.0
1.380003000 65.0
1.380006000 20.0
1.380010000 5.0
1.380014000 14.5
1.380020000 13.5
1.380030000 13.9
1.380050000 13.8
1.384850000 14.1
1.389550000 13.5
1.389600000 13.8
1.389650000 0.5
1.392000000 0.6
1.394950000 0.5
1.395000000 13.8
1.395001000 -40.0
1.395003000 65.0
1.395006000 20.0
1.395010000 5.0
1.395014000 14.5
1.395020000 13.5
1.395030000 13.9
1.395050000 13.8
1.399850000 14.1
1.404550000 13.5
1.404600000 13.8
1.404650000 0.5
1.407000000 0.6
1.409950000 0.5
1.410000000 13.8
1.410001000 -40.0
1.410003000 65.0
1.410006000 20.0
1.410010000 5.0
1.410014000 14.5
1.410020000 13.5
1.410030000 13.9
1.410050000 13.8
1.414850000 14.1
1.419550000 13.5
1.419600000 13.8
1.419650000 0.5
1.422000000 0.6
1.424950000 0.5
1.425000000 13.8
1.425001000 -40.0
1.425003000 65.0
1.425006000 20.0
1.425010000 5.0
1.425014000 14.5
1.425020000 13.5
1.425030000 13.9
1.425050000 13.8
1.429850000 14.1
1.434550000 13.5
1.434600000 13.8
1.434650000 0.5
1.437000000 0.6
1.439950000 0.5
1.440000000 13.8
1.440001000 -40.0
1.440003000 65.0
1.440006000 20.0
1.440010000 5.0
1.440014000 14.5
1.440020000 13.5
1.440030000 13.9
1.440050000 13.8
1.444850000 14.1
1.449550000 13.5
1.449600000 13.8
1.449650000 0.5
1.452000000 0.6
1.454950000 0.5
1.455000000 13.8
1.455001000 -40.0
1.455003000 65.0
1.455006000 20.0
1.455010000 5.0
1.455014000 14.5
1.455020000 13.5
1.455030000 13.9
1.455050000 13.8
1.459850000 14.1
1.464550000 13.5
1.464600000 13.8
1.464650000 0.5
1.467000000 0.6
1.469950000 0.5
1.470000000 13.8
1.470001000 -40.0
1.470003000 65.0
1.470006000 20.0
1.470010000 5.0
1.470014000 14.5
1.470020000 13.5
1.470030000 13.9
1.470050000 13.8
1.474850000 14.1
1.479550000 13.5
1.479600000 13.8
1.479650000 0.5
1.482000000 0.6
1.484950000 0.5
1.485000000 13.8
1.485001000 -40.0
1.485003000 65.0
1.485006000 20.0
1.485010000 5.0
1.485014000 14.5
1.485020000 13.5
1.485030000 13.9
1.485050000 13.8
1.489850000 14.1
1.494550000 13.5
1.494600000 13.8
1.494650000 0.5
1.497000000 0.6
1.499950000 0.5
1.500000000 13.8
1.500001000 -40.0
1.500003000 65.0
1.500006000 20.0
1.500010000 5.0
1.500014000 14.5
1.500020000 13.5
1.500030000 13.9
1.500050000 13.8
1.504850000 14.1
1.509550000 13.5
1.509600000 13.8
1.509650000 0.5
1.512000000 0.6
1.514950000 0.5
1.515000000 13.8
1.515001000 -40.0
1.515003000 65.0
1.515006000 20.0
1.515010000 5.0
1.515014000 14.5
1.515020000 13.5
1.515030000 13.9
1.515050000 13.8
1.519850000 14.1
1.524550000 13.5
1.524600000 13.8
1.524650000 0.5
1.527000000 0.6
1.529950000 0.5
1.530000000 13.8
1.530001000 -40.0
1.530003000 65.0
1.530006000 20.0
1.530010000 5.0
1.530014000 14.5
1.530020000 13.5
1.530030000 13.9
1.530050000 13.8
1.534850000 14.1
1.539550000 13.5
1.539600000 13.8
1.539650000 0.5
1.542000000 0.6
1.544950000 0.5
1.545000000 13.8
1.545001000 -40.0
1.545003000 65.0
1.545006000 20.0
1.545010000 5.0
1.545014000 14.5
1.545020000 13.5
1.545030000 13.9
1.545050000 13.8
1.549850000 14.1
1.554550000 13.5
1.554600000 13.8
1.554650000 0.5
1.557000000 0.6
1.559950000 0.5
1.560000000 13.8
1.560001000 -40.0
1.560003000 65.0
1.560006000 20.0
1.560010000 5.0
1.560014000 14.5
1.560020000 13.5
1.560030000 13.9
1.560050000 13.8
1.564850000 14.1
1.569550000 13.5
1.569600000 13.8
1.569650000 0.5
1.572000000 0.6
1.574950000 0.5
1.575000000 13.8
1.575001000 -40.0
1.575003000 65.0
1.575006000 20.0
1.575010000 5.0
1.575014000 14.5
1.575020000 13.5
1.575030000 13.9
1.575050000 13.8
1.579850000 14.1
1.584550000 13.5
1.584600000 13.8
1.584650000 0.5
1.587000000 0.6
1.589950000 0.5
1.590000000 13.8
1.590001000 -40.0
1.590003000 65.0
1.590006000 20.0
1.590010000 5.0
1.590014000 14.5
1.590020000 13.5
1.590030000 13.9
1.590050000 13.8
1.594850000 14.1
1.599550000 13.5
1.599600000 13.8
1.599650000 0.5
1.602000000 0.6
1.604950000 0.5
1.605000000 13.8
1.605001000 -40.0
1.605003000 65.0
1.605006000 20.0
1.605010000 5.0
1.605014000 14.5
1.605020000 13.5
1.605030000 13.9
1.605050000 13.8
1.609850000 14.1
1.614550000 13.5
1.614600000 13.8
1.614650000 0.5
1.617000000 0.6
1.619950000 0.5
1.620000000 13.8
1.620001000 -40.0
1.620003000 65.0
1.620006000 20.0
1.620010000 5.0
1.620014000 14.5
1.620020000 13.5
1.620030000 13.9
1.620050000 13.8
1.624850000 14.1
1.629550000 13.5
1.629600000 13.8
1.629650000 0.5
1.632000000 0.6
1.634950000 0.5
1.635000000 13.8
1.635001000 -40.0
1.635003000 65.0
1.635006000 20.0
1.635010000 5.0
1.635014000 14.5
1.635020000 13.5
1.635030000 13.9
1.635050000 13.8
1.639850000 14.1
1.644550000 13.5
1.644600000 13.8
1.644650000 0.5
1.647000000 0.6
1.649950000 0.5
1.650000000 13.8
1.650001000 -40.0
1.650003000 65.0
1.650006000 20.0
1.650010000 5.0
1.650014000 14.5
1.650020000 13.5
1.650030000 13.9
1.650050000 13.8
1.654850000 14.1
1.659550000 13.5
1.659600000 13.8
1.659650000 0.5
1.662000000 0.6
1.664950000 0.5
1.665000000 13.8
1.665001000 -40.0
1.665003000 65.0
1.665006000 20.0
1.665010000 5.0
1.665014000 14.5
1.665020000 13.5
1.665030000 13.9
1.665050000 13.8
1.669850000 14.1
1.674550000 13.5
1.674600000 13.8
1.674650000 0.5
1.677000000 0.6
1.679950000 0.5
1.680000000 13.8
1.680001000 -40.0
1.680003000 65.0
1.680006000 20.0
1.680010000 5.0
1.680014000 14.5
1.680020000 13.5
1.680030000 13.9
1.680050000 13.8
1.684850000 14.1
1.689550000 13.5
1.689600000 13.8
1.689650000 0.5
1.692000000 0.6
1.694950000 0.5
1.695000000 13.8
1.695001000 -40.0
1.695003000 65.0
1.695006000 20.0
1.695010000 5.0
1.695014000 14.5
1.695020000 13.5
1.695030000 13.9
1.695050000 13.8
1.699850000 14.1
1.704550000 13.5
1.704600000 13.8
1.704650000 0.5
1.707000000 0.6
1.709950000 0.5
1.710000000 13.8
1.710001000 -40.0
1.710003000 65.0
1.710006000 20.0
1.710010000 5.0
1.710014000 14.5
1.710020000 13.5
1.710030000 13.9
1.710050000 13.8
1.714850000 14.1
1.719550000 13.5
1.719600000 13.8
1.719650000 0.5
1.722000000 0.6
1.724950000 0.5
1.725000000 13.8
1.725001000 -40.0
1.725003000 65.0
1.725006000 20.0
1.725010000 5.0
1.725014000 14.5
1.725020000 13.5
1.725030000 13.9
1.725050000 13.8
1.729850000 14.1
1.734550000 13.5
1.734600000 13.8
1.734650000 0.5
1.737000000 0.6
1.739950000 0.5
1.740000000 13.8
1.740001000 -40.0
1.740003000 65.0
1.740006000 20.0
1.740010000 5.0
1.740014000 14.5
1.740020000 13.5
1.740030000 13.9
1.740050000 13.8
1.744850000 14.1
1.749550000 13.5
1.749600000 13.8
1.749650000 0.5
1.752000000 0.6
1.754950000 0.5
1.755000000 13.8
1.755001000 -40.0
1.755003000 65.0
1.755006000 20.0
1.755010000 5.0
1.755014000 14.5
1.755020000 13.5
1.755030000 13.9
1.755050000 13.8
1.759850000 14.1
1.764550000 13.5
1.764600000 13.8
1.764650000 0.5
1.767000000 0.6
1.769950000 0.5
1.770000000 13.8
1.770001000 -40.0
1.770003000 65.0
1.770006000 20.0
1.770010000 5.0
1.770014000 14.5
1.770020000 13.5
1.770030000 13.9
1.770050000 13.8
1.774850000 14.1
1.779550000 13.5
1.779600000 13.8
1.779650000 0.5
1.782000000 0.6
1.784950000 0.5
1.785000000 13.8
1.785001000 -40.0
1.785003000 65.0
1.785006000 20.0
1.785010000 5.0
1.785014000 14.5
1.785020000 13.5
1.785030000 13.9
1.785050000 13.8
1.789850000 14.1
1.794550000 13.5
1.794600000 13.8
1.794650000 0.5
1.797000000 0.6
1.799950000 0.5
1.800000000 13.8
1.800001000 -40.0
1.800003000 65.0
1.800006000 20.0
1.800010000 5.0
1.800014000 14.5
1.800020000 13.5
1.800030000 13.9
1.800050000 13.8
1.804850000 14.1
1.809550000 13.5
1.809600000 13.8
1.809650000 0.5
1.812000000 0.6
1.814950000 0.5
1.815000000 13.8
1.815001000 -40.0
1.815003000 65.0
1.815006000 20.0
1.815010000 5.0
1.815014000 14.5
1.815020000 13.5
1.815030000 13.9
1.815050000 13.8
1.819850000 14.1
1.824550000 13.5
1.824600000 13.8
1.824650000 0.5
1.827000000 0.6
1.829950000 0.5
1.830000000 13.8
1.830001000 -40.0
1.830003000 65.0
1.830006000 20.0
1.830010000 5.0
1.830014000 14.5
1.830020000 13.5
1.830030000 13.9
1.830050000 13.8
1.834850000 14.1
1.839550000 13.5
1.839600000 13.8
1.839650000 0.5
1.842000000 0.6
1.844950000 0.5
1.845000000 13.8
1.845001000 -40.0
1.845003000 65.0
1.845006000 20.0
1.845010000 5.0
1.845014000 14.5
1.845020000 13.5
1.845030000 13.9
1.845050000 13.8
1.849850000 14.1
1.854550000 13.5
1.854600000 13.8
1.854650000 0.5
1.857000000 0.6
1.859950000 0.5
1.860000000 13.8
1.860001000 -40.0
1.860003000 65.0
1.860006000 20.0
1.860010000 5.0
1.860014000 14.5
1.860020000 13.5
1.860030000 13.9
1.860050000 13.8
1.864850000 14.1
1.869550000 13.5
1.869600000 13.8
1.869650000 0.5
1.872000000 0.6
1.874950000 0.5
1.875000000 13.8
1.875001000 -40.0
1.875003000 65.0
1.875006000 20.0
1.875010000 5.0
1.875014000 14.5
1.875020000 13.5
1.875030000 13.9
1.875050000 13.8
1.879850000 14.1
1.884550000 13.5
1.884600000 13.8
1.884650000 0.5
1.887000000 0.6
1.889950000 0.5
1.890000000 13.8
1.890001000 -40.0
1.890003000 65.0
1.890006000 20.0
1.890010000 5.0
1.890014000 14.5
1.890020000 13.5
1.890030000 13.9
1.890050000 13.8
1.894850000 14.1
1.899550000 13.5
1.899600000 13.8
1.899650000 0.5
1.902000000 0.6
1.904950000 0.5
1.905000000 13.8
1.905001000 -40.0
1.905003000 65.0
1.905006000 20.0
1.905010000 5.0
1.905014000 14.5
1.905020000 13.5
1.905030000 13.9
1.905050000 13.8
1.909850000 14.1
1.914550000 13.5
1.914600000 13.8
1.914650000 0.5
1.917000000 0.6
1.919950000 0.5
1.920000000 13.8
1.920001000 -40.0
1.920003000 65.0
1.920006000 20.0
1.920010000 5.0
1.920014000 14.5
1.920020000 13.5
1.920030000 13.9
1.920050000 13.8
1.924850000 14.1
1.929550000 13.5
1.929600000 13.8
1.929650000 0.5
1.932000000 0.6
1.934950000 0.5
1.935000000 13.8
1.935001000 -40.0
1.935003000 65.0
1.935006000 20.0
1.935010000 5.0
1.935014000 14.5
1.935020000 13.5
1.935030000 13.9
1.935050000 13.8
1.939850000 14.1
1.944550000 13.5
1.944600000 13.8
1.944650000 0.5
1.947000000 0.6
1.949950000 0.5
1.950000000 13.8
1.950001000 -40.0
1.950003000 65.0
1.950006000 20.0
1.950010000 5.0
1.950014000 14.5
1.950020000 13.5
1.950030000 13.9
1.950050000 13.8
1.954850000 14.1
1.959550000 13.5
1.959600000 13.8
1.959650000 0.5
1.962000000 0.6
1.964950000 0.5
1.965000000 13.8
1.965001000 -40.0
1.965003000 65.0
1.965006000 20.0
1.965010000 5.0
1.965014000 14.5
1.965020000 13.5
1.965030000 13.9
1.965050000 13.8
1.969850000 14.1
1.974550000 13.5
1.974600000 13.8
1.974650000 0.5
1.977000000 0.6
1.979950000 0.5
1.980000000 13.8
1.980001000 -40.0
1.980003000 65.0
1.980006000 20.0
1.980010000 5.0
1.980014000 14.5
1.980020000 13.5
1.980030000 13.9
1.980050000 13.8
1.984850000 14.1
1.989550000 13.5
1.989600000 13.8
1.989650000 0.5
1.992000000 0.6
1.994950000 0.5
1.995000000 13.8
1.995001000 -40.0
1.995003000 65.0
1.995006000 20.0
1.995010000 5.0
1.995014000 14.5
1.995020000 13.5
1.995030000 13.9
1.995050000 13.8
1.999850000 14.1
2.004550000 13.5
2.004600000 13.8
2.004650000 0.5
2.007000000 0.6
2.009950000 0.5
2.010000000 13.8
2.010001000 -40.0
2.010003000 65.0
2.010006000 20.0
2.010010000 5.0
2.010014000 14.5
2.010020000 13.5
2.010030000 13.9
2.010050000 13.8
2.014850000 14.1
2.019550000 13.5
2.019600000 13.8
2.019650000 0.5
2.022000000 0.6
2.024950000 0.5
2.025000000 13.8
2.025001000 -40.0
2.025003000 65.0
2.025006000 20.0
2.025010000 5.0
2.025014000 14.5
2.025020000 13.5
2.025030000 13.9
2.025050000 13.8
2.029850000 14.1
2.034550000 13.5
2.034600000 13.8
2.034650000 0.5
2.037000000 0.6
2.039950000 0.5
2.040000000 13.8
2.040001000 -40.0
2.040003000 65.0
2.040006000 20.0
2.040010000 5.0
2.040014000 14.5
2.040020000 13.5
2.040030000 13.9
2.040050000 13.8
2.044850000 14.1
2.049550000 13.5
2.049600000 13.8
2.049650000 0.5
2.052000000 0.6
2.054950000 0.5
2.055000000 13.8
2.055001000 -40.0
2.055003000 65.0
2.055006000 20.0
2.055010000 5.0
2.055014000 14.5
2.055020000 13.5
2.055030000 13.9
2.055050000 13.8
2.059850000 14.1
2.064550000 13.5
2.064600000 13.8
2.064650000 0.5
2.067000000 0.6
2.069950000 0.5
2.070000000 13.8
2.070001000 -40.0
2.070003000 65.0
2.070006000 20.0
2.070010000 5.0
2.070014000 14.5
2.070020000 13.5
2.070030000 13.9
2.070050000 13.8
2.074850000 14.1
2.079550000 13.5
2.079600000 13.8
2.079650000 0.5
2.082000000 0.6
2.084950000 0.5
2.085000000 13.8
2.085001000 -40.0
2.085003000 65.0
2.085006000 20.0
2.085010000 5.0
2.085014000 14.5
2.085020000 13.5
2.085030000 13.9
2.085050000 13.8
2.089850000 14.1
2.094550000 13.5
2.094600000 13.8
2.094650000 0.5
2.097000000 0.6
2.099950000 0.5
2.100000000 13.8
2.100001000 -40.0
2.100003000 65.0
2.100006000 20.0
2.100010000 5.0
2.100014000 14.5
2.100020000 13.5
2.100030000 13.9
2.100050000 13.8
2.104850000 14.1
2.109550000 13.5
2.109600000 13.8
2.109650000 0.5
2.112000000 0.6
2.114950000 0.5
2.115000000 13.8
2.115001000 -40.0
2.115003000 65.0
2.115006000 20.0
2.115010000 5.0
2.115014000 14.5
2.115020000 13.5
2.115030000 13.9
2.115050000 13.8
2.119850000 14.1
2.124550000 13.5
2.124600000 13.8
2.124650000 0.5
2.127000000 0.6
2.129950000 0.5
2.130000000 13.8
2.130001000 -40.0
2.130003000 65.0
2.130006000 20.0
2.130010000 5.0
2.130014000 14.5
2.130020000 13.5
2.130030000 13.9
2.130050000 13.8
2.134850000 14.1
2.139550000 13.5
2.139600000 13.8
2.139650000 0.5
2.142000000 0.6
2.144950000 0.5
2.145000000 13.8
2.145001000 -40.0
2.145003000 65.0
2.145006000 20.0
2.145010000 5.0
2.145014000 14.5
2.145020000 13.5
2.145030000 13.9
2.145050000 13.8
2.149850000 14.1
2.154550000 13.5
2.154600000 13.8
2.154650000 0.5
2.157000000 0.6
2.159950000 0.5
2.160000000 13.8
2.160001000 -40.0
2.160003000 65.0
2.160006000 20.0
2.160010000 5.0
2.160014000 14.5
2.160020000 13.5
2.160030000 13.9
2.160050000 13.8
2.164850000 14.1
2.169550000 13.5
2.169600000 13.8
2.169650000 0.5
2.172000000 0.6
2.174950000 0.5
2.175000000 13.8
2.175001000 -40.0
2.175003000 65.0
2.175006000 20.0
2.175010000 5.0
2.175014000 14.5
2.175020000 13.5
2.175030000 13.9
2.175050000 13.8
2.179850000 14.1
2.184550000 13.5
2.184600000 13.8
2.184650000 0.5
2.187000000 0.6
2.189950000 0.5
2.190000000 13.8
2.190001000 -40.0
2.190003000 65.0
2.190006000 20.0
2.190010000 5.0
2.190014000 14.5
2.190020000 13.5
2.190030000 13.9
2.190050000 13.8
2.194850000 14.1
2.199550000 13.5
2.199600000 13.8
2.199650000 0.5
2.202000000 0.6
2.204950000 0.5
2.205000000 13.8
2.205001000 -40.0
2.205003000 65.0
2.205006000 20.0
2.205010000 5.0
2.205014000 14.5
2.205020000 13.5
2.205030000 13.9
2.205050000 13.8
2.209850000 14.1
2.214550000 13.5
2.214600000 13.8
2.214650000 0.5
2.217000000 0.6
2.219950000 0.5
2.220000000 13.8
2.220001000 -40.0
2.220003000 65.0
2.220006000 20.0
2.220010000 5.0
2.220014000 14.5
2.220020000 13.5
2.220030000 13.9
2.220050000 13.8
2.224850000 14.1
2.229550000 13.5
2.229600000 13.8
2.229650000 0.5
2.232000000 0.6
2.234950000 0.5
2.235000000 13.8
2.235001000 -40.0
2.235003000 65.0
2.235006000 20.0
2.235010000 5.0
2.235014000 14.5
2.235020000 13.5
2.235030000 13.9
2.235050000 13.8
2.239850000 14.1
2.244550000 13.5
2.244600000 13.8
2.244650000 0.5
2.247000000 0.6
2.249950000 0.5
2.250000000 13.8
2.250001000 -40.0
2.250003000 65.0
2.250006000 20.0
2.250010000 5.0
2.250014000 14.5
2.250020000 13.5
2.250030000 13.9
2.250050000 13.8
2.254850000 14.1
2.259550000 13.5
2.259600000 13.8
2.259650000 0.5
2.262000000 0.6
2.264950000 0.5
2.265000000 13.8
2.265001000 -40.0
2.265003000 65.0
2.265006000 20.0
2.265010000 5.0
2.265014000 14.5
2.265020000 13.5
2.265030000 13.9
2.265050000 13.8
2.269850000 14.1
2.274550000 13.5
2.274600000 13.8
2.274650000 0.5
2.277000000 0.6
2.279950000 0.5
2.280000000 13.8
2.280001000 -40.0
2.280003000 65.0
2.280006000 20.0
2.280010000 5.0
2.280014000 14.5
2.280020000 13.5
2.280030000 13.9
2.280050000 13.8
2.284850000 14.1
2.289550000 13.5
2.289600000 13.8
2.289650000 0.5
2.292000000 0.6
2.294950000 0.5
2.295000000 13.8
2.295001000 -40.0
2.295003000 65.0
2.295006000 20.0
2.295010000 5.0
2.295014000 14.5
2.295020000 13.5
2.295030000 13.9
2.295050000 13.8
2.299850000 14.1
2.304550000 13.5
2.304600000 13.8
2.304650000 0.5
2.307000000 0.6
2.309950000 0.5
2.310000000 13.8
2.310001000 -40.0
2.310003000 65.0
2.310006000 20.0
2.310010000 5.0
2.310014000 14.5
2.310020000 13.5
2.310030000 13.9
2.310050000 13.8
2.314850000 14.1
2.319550000 13.5
2.319600000 13.8
2.319650000 0.5
2.322000000 0.6
2.324950000 0.5
2.325000000 13.8
2.325001000 -40.0
2.325003000 65.0
2.325006000 20.0
2.325010000 5.0
2.325014000 14.5
2.325020000 13.5
2.325030000 13.9
2.325050000 13.8
2.329850000 14.1
2.334550000 13.5
2.334600000 13.8
2.334650000 0.5
2.337000000 0.6
2.339950000 0.5
2.340000000 13.8
2.340001000 -40.0
2.340003000 65.0
2.340006000 20.0
2.340010000 5.0
2.340014000 14.5
2.340020000 13.5
2.340030000 13.9
2.340050000 13.8
2.344850000 14.1
2.349550000 13.5
2.349600000 13.8
2.349650000 0.5
2.352000000 0.6
2.354950000 0.5
2.355000000 13.8
2.355001000 -40.0
2.355003000 65.0
2.355006000 20.0
2.355010000 5.0
2.355014000 14.5
2.355020000 13.5
2.355030000 13.9
2.355050000 13.8
2.359850000 14.1
2.364550000 13.5
2.364600000 13.8
2.364650000 0.5
2.367000000 0.6
2.369950000 0.5
2.370000000 13.8
2.370001000 -40.0
2.370003000 65.0
2.370006000 20.0
2.370010000 5.0
2.370014000 14.5
2.370020000 13.5
2.370030000 13.9
2.370050000 13.8
2.374850000 14.1
2.379550000 13.5
2.379600000 13.8
2.379650000 0.5
2.382000000 0.6
2.384950000 0.5
2.385000000 13.8
2.385001000 -40.0
2.385003000 65.0
2.385006000 20.0
2.385010000 5.0
2.385014000 14.5
2.385020000 13.5
2.385030000 13.9
2.385050000 13.8
2.389850000 14.1
2.394550000 13.5
2.394600000 13.8
2.394650000 0.5
2.397000000 0.6
2.399950000 0.5
2.400000000 13.8
2.400001000 -40.0
2.400003000 65.0
2.400006000 20.0
2.400010000 5.0
2.400014000 14.5
2.400020000 13.5
2.400030000 13.9
2.400050000 13.8
2.404850000 14.1
2.409550000 13.5
2.409600000 13.8
2.409650000 0.5
2.412000000 0.6
2.414950000 0.5
2.415000000 13.8
2.415001000 -40.0
2.415003000 65.0
2.415006000 20.0
2.415010000 5.0
2.415014000 14.5
2.415020000 13.5
2.415030000 13.9
2.415050000 13.8
2.419850000 14.1
2.424550000 13.5
2.424600000 13.8
2.424650000 0.5
2.427000000 0.6
2.429950000 0.5
2.430000000 13.8
2.430001000 -40.0
2.430003000 65.0
2.430006000 20.0
2.430010000 5.0
2.430014000 14.5
2.430020000 13.5
2.430030000 13.9
2.430050000 13.8
2.434850000 14.1
2.439550000 13.5
2.439600000 13.8
2.439650000 0.5
2.442000000 0.6
2.444950000 0.5
2.445000000 13.8
2.445001000 -40.0
2.445003000 65.0
2.445006000 20.0
2.445010000 5.0
2.445014000 14.5
2.445020000 13.5
2.445030000 13.9
2.445050000 13.8
2.449850000 14.1
2.454550000 13.5
2.454600000 13.8
2.454650000 0.5
2.457000000 0.6
2.459950000 0.5
2.460000000 13.8
2.460001000 -40.0
2.460003000 65.0
2.460006000 20.0
2.460010000 5.0
2.460014000 14.5
2.460020000 13.5
2.460030000 13.9
2.460050000 13.8
2.464850000 14.1
2.469550000 13.5
2.469600000 13.8
2.469650000 0.5
2.472000000 0.6
2.474950000 0.5
2.475000000 13.8
2.475001000 -40.0
2.475003000 65.0
2.475006000 20.0
2.475010000 5.0
2.475014000 14.5
2.475020000 13.5
2.475030000 13.9
2.475050000 13.8
2.479850000 14.1
2.484550000 13.5
2.484600000 13.8
2.484650000 0.5
2.487000000 0.6
2.489950000 0.5
2.490000000 13.8
2.490001000 -40.0
2.490003000 65.0
2.490006000 20.0
2.490010000 5.0
2.490014000 14.5
2.490020000 13.5
2.490030000 13.9
2.490050000 13.8
2.494850000 14.1
2.499550000 13.5
2.499600000 13.8
2.499650000 0.5
2.502000000 0.6
2.504950000 0.5
2.505000000 13.8
2.505001000 -40.0
2.505003000 65.0
2.505006000 20.0
2.505010000 5.0
2.505014000 14.5
2.505020000 13.5
2.505030000 13.9
2.505050000 13.8
2.509850000 14.1
2.514550000 13.5
2.514600000 13.8
2.514650000 0.5
2.517000000 0.6
2.519950000 0.5
2.520000000 13.8
2.520001000 -40.0
2.520003000 65.0
2.520006000 20.0
2.520010000 5.0
2.520014000 14.5
2.520020000 13.5
2.520030000 13.9
2.520050000 13.8
2.524850000 14.1
2.529550000 13.5
2.529600000 13.8
2.529650000 0.5
2.532000000 0.6
2.534950000 0.5
2.535000000 13.8
2.535001000 -40.0
2.535003000 65.0
2.535006000 20.0
2.535010000 5.0
2.535014000 14.5
2.535020000 13.5
2.535030000 13.9
2.535050000 13.8
2.539850000 14.1
2.544550000 13.5
2.544600000 13.8
2.544650000 0.5
2.547000000 0.6
2.549950000 0.5
2.550000000 13.8
2.550001000 -40.0
2.550003000 65.0
2.550006000 20.0
2.550010000 5.0
2.550014000 14.5
2.550020000 13.5
2.550030000 13.9
2.550050000 13.8
2.554850000 14.1
2.559550000 13.5
2.559600000 13.8
2.559650000 0.5
2.562000000 0.6
2.564950000 0.5
2.565000000 13.8
2.565001000 -40.0
2.565003000 65.0
2.565006000 20.0
2.565010000 5.0
2.565014000 14.5
2.565020000 13.5
2.565030000 13.9
2.565050000 13.8
2.569850000 14.1
2.574550000 13.5
2.574600000 13.8
2.574650000 0.5
2.577000000 0.6
2.579950000 0.5
2.580000000 13.8
2.580001000 -40.0
2.580003000 65.0
2.580006000 20.0
2.580010000 5.0
2.580014000 14.5
2.580020000 13.5
2.580030000 13.9
2.580050000 13.8
2.584850000 14.1
2.589550000 13.5
2.589600000 13.8
2.589650000 0.5
2.592000000 0.6
2.594950000 0.5
2.595000000 13.8
2.595001000 -40.0
2.595003000 65.0
2.595006000 20.0
2.595010000 5.0
2.595014000 14.5
2.595020000 13.5
2.595030000 13.9
2.595050000 13.8
2.599850000 14.1
2.604550000 13.5
2.604600000 13.8
2.604650000 0.5
2.607000000 0.6
2.609950000 0.5
2.610000000 13.8
2.610001000 -40.0
2.610003000 65.0
2.610006000 20.0
2.610010000 5.0
2.610014000 14.5
2.610020000 13.5
2.610030000 13.9
2.610050000 13.8
2.614850000 14.1
2.619550000 13.5
2.619600000 13.8
2.619650000 0.5
2.622000000 0.6
2.624950000 0.5
2.625000000 13.8
2.625001000 -40.0
2.625003000 65.0
2.625006000 20.0
2.625010000 5.0
2.625014000 14.5
2.625020000 13.5
2.625030000 13.9
2.625050000 13.8
2.629850000 14.1
2.634550000 13.5
2.634600000 13.8
2.634650000 0.5
2.637000000 0.6
2.639950000 0.5
2.640000000 13.8
2.640001000 -40.0
2.640003000 65.0
2.640006000 20.0
2.640010000 5.0
2.640014000 14.5
2.640020000 13.5
2.640030000 13.9
2.640050000 13.8
2.644850000 14.1
2.649550000 13.5
2.649600000 13.8
2.649650000 0.5
2.652000000 0.6
2.654950000 0.5
2.655000000 13.8
2.655001000 -40.0
2.655003000 65.0
2.655006000 20.0
2.655010000 5.0
2.655014000 14.5
2.655020000 13.5
2.655030000 13.9
2.655050000 13.8
2.659850000 14.1
2.664550000 13.5
2.664600000 13.8
2.664650000 0.5
2.667000000 0.6
2.669950000 0.5
2.670000000 13.8
2.670001000 -40.0
2.670003000 65.0
2.670006000 20.0
2.670010000 5.0
2.670014000 14.5
2.670020000 13.5
2.670030000 13.9
2.670050000 13.8
2.674850000 14.1
2.679550000 13.5
2.679600000 13.8
2.679650000 0.5
2.682000000 0.6
2.684950000 0.5
2.685000000 13.8
2.685001000 -40.0
2.685003000 65.0
2.685006000 20.0
2.685010000 5.0
2.685014000 14.5
2.685020000 13.5
2.685030000 13.9
2.685050000 13.8
2.689850000 14.1
2.694550000 13.5
2.694600000 13.8
2.694650000 0.5
2.697000000 0.6
2.699950000 0.5
2.700000000 13.8
2.700001000 -40.0
2.700003000 65.0
2.700006000 20.0
2.700010000 5.0
2.700014000 14.5
2.700020000 13.5
2.700030000 13.9
2.700050000 13.8
2.704850000 14.1
2.709550000 13.5
2.709600000 13.8
2.709650000 0.5
2.712000000 0.6
2.714950000 0.5
2.715000000 13.8
2.715001000 -40.0
2.715003000 65.0
2.715006000 20.0
2.715010000 5.0
2.715014000 14.5
2.715020000 13.5
2.715030000 13.9
2.715050000 13.8
2.719850000 14.1
2.724550000 13.5
2.724600000 13.8
2.724650000 0.5
2.727000000 0.6
2.729950000 0.5
2.730000000 13.8
2.730001000 -40.0
2.730003000 65.0
2.730006000 20.0
2.730010000 5.0
2.730014000 14.5
2.730020000 13.5
2.730030000 13.9
2.730050000 13.8
2.734850000 14.1
2.739550000 13.5
2.739600000 13.8
2.739650000 0.5
2.742000000 0.6
2.744950000 0.5
2.745000000 13.8
2.745001000 -40.0
2.745003000 65.0
2.745006000 20.0
2.745010000 5.0
2.745014000 14.5
2.745020000 13.5
2.745030000 13.9
2.745050000 13.8
2.749850000 14.1
2.754550000 13.5
2.754600000 13.8
2.754650000 0.5
2.757000000 0.6
2.759950000 0.5
2.760000000 13.8
2.760001000 -40.0
2.760003000 65.0
2.760006000 20.0
2.760010000 5.0
2.760014000 14.5
2.760020000 13.5
2.760030000 13.9
2.760050000 13.8
2.764850000 14.1
2.769550000 13.5
2.769600000 13.8
2.769650000 0.5
2.772000000 0.6
2.774950000 0.5
2.775000000 13.8
2.775001000 -40.0
2.775003000 65.0
2.775006000 20.0
2.775010000 5.0
2.775014000 14.5
2.775020000 13.5
2.775030000 13.9
2.775050000 13.8
2.779850000 14.1
2.784550000 13.5
2.784600000 13.8
2.784650000 0.5
2.787000000 0.6
2.789950000 0.5
2.790000000 13.8
2.790001000 -40.0
2.790003000 65.0
2.790006000 20.0
2.790010000 5.0
2.790014000 14.5
2.790020000 13.5
2.790030000 13.9
2.790050000 13.8
2.794850000 14.1
2.799550000 13.5
2.799600000 13.8
2.799650000 0.5
2.802000000 0.6
2.804950000 0.5
2.805000000 13.8
2.805001000 -40.0
2.805003000 65.0
2.805006000 20.0
2.805010000 5.0
2.805014000 14.5
2.805020000 13.5
2.805030000 13.9
2.805050000 13.8
2.809850000 14.1
2.814550000 13.5
2.814600000 13.8
2.814650000 0.5
2.817000000 0.6
2.819950000 0.5
2.820000000 13.8
2.820001000 -40.0
2.820003000 65.0
2.820006000 20.0
2.820010000 5.0
2.820014000 14.5
2.820020000 13.5
2.820030000 13.9
2.820050000 13.8
2.824850000 14.1
2.829550000 13.5
2.829600000 13.8
2.829650000 0.5
2.832000000 0.6
2.834950000 0.5
2.835000000 13.8
2.835001000 -40.0
2.835003000 65.0
2.835006000 20.0
2.835010000 5.0
2.835014000 14.5
2.835020000 13.5
2.835030000 13.9
2.835050000 13.8
2.839850000 14.1
2.844550000 13.5
2.844600000 13.8
2.844650000 0.5
2.847000000 0.6
2.849950000 0.5
2.850000000 13.8
2.850001000 -40.0
2.850003000 65.0
2.850006000 20.0
2.850010000 5.0
2.850014000 14.5
2.850020000 13.5
2.850030000 13.9
2.850050000 13.8
2.854850000 14.1
2.859550000 13.5
2.859600000 13.8
2.859650000 0.5
2.862000000 0.6
2.864950000 0.5
2.865000000 13.8
2.865001000 -40.0
2.865003000 65.0
2.865006000 20.0
2.865010000 5.0
2.865014000 14.5
2.865020000 13.5
2.865030000 13.9
2.865050000 13.8
2.869850000 14.1
2.874550000 13.5
2.874600000 13.8
2.874650000 0.5
2.877000000 0.6
2.879950000 0.5
2.880000000 13.8
2.880001000 -40.0
2.880003000 65.0
2.880006000 20.0
2.880010000 5.0
2.880014000 14.5
2.880020000 13.5
2.880030000 13.9
2.880050000 13.8
2.884850000 14.1
2.889550000 13.5
2.889600000 13.8
2.889650000 0.5
2.892000000 0.6
2.894950000 0.5
2.895000000 13.8
2.895001000 -40.0
2.895003000 65.0
2.895006000 20.0
2.895010000 5.0
2.895014000 14.5
2.895020000 13.5
2.895030000 13.9
2.895050000 13.8
2.899850000 14.1
2.904550000 13.5
2.904600000 13.8
2.904650000 0.5
2.907000000 0.6
2.909950000 0.5
2.910000000 13.8
2.910001000 -40.0
2.910003000 65.0
2.910006000 20.0
2.910010000 5.0
2.910014000 14.5
2.910020000 13.5
2.910030000 13.9
2.910050000 13.8
2.914850000 14.1
2.919550000 13.5
2.919600000 13.8
2.919650000 0.5
2.922000000 0.6
2.924950000 0.5
2.925000000 13.8
2.925001000 -40.0
2.925003000 65.0
2.925006000 20.0
2.925010000 5.0
2.925014000 14.5
2.925020000 13.5
2.925030000 13.9
2.925050000 13.8
2.929850000 14.1
2.934550000 13.5
2.934600000 13.8
2.934650000 0.5
2.937000000 0.6
2.939950000 0.5
2.940000000 13.8
2.940001000 -40.0
2.940003000 65.0
2.940006000 20.0
2.940010000 5.0
2.940014000 14.5
2.940020000 13.5
2.940030000 13.9
2.940050000 13.8
2.944850000 14.1
2.949550000 13.5
2.949600000 13.8
2.949650000 0.5
2.952000000 0.6
2.954950000 0.5
2.955000000 13.8
2.955001000 -40.0
2.955003000 65.0
2.955006000 20.0
2.955010000 5.0
2.955014000 14.5
2.955020000 13.5
2.955030000 13.9
2.955050000 13.8
2.959850000 14.1
2.964550000 13.5
2.964600000 13.8
2.964650000 0.5
2.967000000 0.6
2.969950000 0.5
2.970000000 13.8
2.970001000 -40.0
2.970003000 65.0
2.970006000 20.0
2.970010000 5.0
2.970014000 14.5
2.970020000 13.5
2.970030000 13.9
2.970050000 13.8
2.974850000 14.1
2.979550000 13.5
2.979600000 13.8
2.979650000 0.5
2.982000000 0.6
2.984950000 0.5
2.985000000 13.8
2.985001000 -40.0
2.985003000 65.0
2.985006000 20.0
2.985010000 5.0
2.985014000 14.5
2.985020000 13.5
2.985030000 13.9
2.985050000 13.8
2.989850000 14.1
2.994550000 13.5
2.994600000 13.8
2.994650000 0.5
2.997000000 0.6
2.999950000 0.5
3.000000000 13.8
3.000001000 -40.0
3.000003000 65.0
3.000006000 20.0
3.000010000 5.0
3.000014000 14.5
3.000020000 13.5
3.000030000 13.9
3.000050000 13.8
3.004850000 14.1
3.009550000 13.5
3.009600000 13.8
3.009650000 0.5
3.012000000 0.6
3.014950000 0.5
3.015000000 13.8
3.015001000 -40.0
3.015003000 65.0
3.015006000 20.0
3.015010000 5.0
3.015014000 14.5
3.015020000 13.5
3.015030000 13.9
3.015050000 13.8
3.019850000 14.1
3.024550000 13.5
3.024600000 13.8
3.024650000 0.5
3.027000000 0.6
3.029950000 0.5
3.030000000 13.8
3.030001000 -40.0
3.030003000 65.0
3.030006000 20.0
3.030010000 5.0
3.030014000 14.5
3.030020000 13.5
3.030030000 13.9
3.030050000 13.8
3.034850000 14.1
3.039550000 13.5
3.039600000 13.8
3.039650000 0.5
3.042000000 0.6
3.044950000 0.5
3.045000000 13.8
3.045001000 -40.0
3.045003000 65.0
3.045006000 20.0
3.045010000 5.0
3.045014000 14.5
3.045020000 13.5
3.045030000 13.9
3.045050000 13.8
3.049850000 14.1
3.054550000 13.5
3.054600000 13.8
3.054650000 0.5
3.057000000 0.6
3.059950000 0.5
3.060000000 13.8
3.060001000 -40.0
3.060003000 65.0
3.060006000 20.0
3.060010000 5.0
3.060014000 14.5
3.060020000 13.5
3.060030000 13.9
3.060050000 13.8
3.064850000 14.1
3.069550000 13.5
3.069600000 13.8
3.069650000 0.5
3.072000000 0.6
3.074950000 0.5
3.075000000 13.8
3.075001000 -40.0
3.075003000 65.0
3.075006000 20.0
3.075010000 5.0
3.075014000 14.5
3.075020000 13.5
3.075030000 13.9
3.075050000 13.8
3.079850000 14.1
3.084550000 13.5
3.084600000 13.8
3.084650000 0.5
3.087000000 0.6
3.089950000 0.5
3.090000000 13.8
3.090001000 -40.0
3.090003000 65.0
3.090006000 20.0
3.090010000 5.0
3.090014000 14.5
3.090020000 13.5
3.090030000 13.9
3.090050000 13.8
3.094850000 14.1
3.099550000 13.5
3.099600000 13.8
3.099650000 0.5
3.102000000 0.6
3.104950000 0.5
3.105000000 13.8
3.105001000 -40.0
3.105003000 65.0
3.105006000 20.0
3.105010000 5.0
3.105014000 14.5
3.105020000 13.5
3.105030000 13.9
3.105050000 13.8
3.109850000 14.1
3.114550000 13.5
3.114600000 13.8
3.114650000 0.5
3.117000000 0.6
3.119950000 0.5
3.120000000 13.8
3.120001000 -40.0
3.120003000 65.0
3.120006000 20.0
3.120010000 5.0
3.120014000 14.5
3.120020000 13.5
3.120030000 13.9
3.120050000 13.8
3.124850000 14.1
3.129550000 13.5
3.129600000 13.8
3.129650000 0.5
3.132000000 0.6
3.134950000 0.5
3.135000000 13.8
3.135001000 -40.0
3.135003000 65.0
3.135006000 20.0
3.135010000 5.0
3.135014000 14.5
3.135020000 13.5
3.135030000 13.9
3.135050000 13.8
3.139850000 14.1
3.144550000 13.5
3.144600000 13.8
3.144650000 0.5
3.147000000 0.6
3.149950000 0.5
3.150000000 13.8
3.150001000 -40.0
3.150003000 65.0
3.150006000 20.0
3.150010000 5.0
3.150014000 14.5
3.150020000 13.5
3.150030000 13.9
3.150050000 13.8
3.154850000 14.1
3.159550000 13.5
3.159600000 13.8
3.159650000 0.5
3.162000000 0.6
3.164950000 0.5
3.165000000 13.8
3.165001000 -40.0
3.165003000 65.0
3.165006000 20.0
3.165010000 5.0
3.165014000 14.5
3.165020000 13.5
3.165030000 13.9
3.165050000 13.8
3.169850000 14.1
3.174550000 13.5
3.174600000 13.8
3.174650000 0.5
3.177000000 0.6
3.179950000 0.5
3.180000000 13.8
3.180001000 -40.0
3.180003000 65.0
3.180006000 20.0
3.180010000 5.0
3.180014000 14.5
3.180020000 13.5
3.180030000 13.9
3.180050000 13.8
3.184850000 14.1
3.189550000 13.5
3.189600000 13.8
3.189650000 0.5
3.192000000 0.6
3.194950000 0.5
3.195000000 13.8
3.195001000 -40.0
3.195003000 65.0
3.195006000 20.0
3.195010000 5.0
3.195014000 14.5
3.195020000 13.5
3.195030000 13.9
3.195050000 13.8
3.199850000 14.1
3.204550000 13.5
3.204600000 13.8
3.204650000 0.5
3.207000000 0.6
3.209950000 0.5
3.210000000 13.8
3.210001000 -40.0
3.210003000 65.0
3.210006000 20.0
3.210010000 5.0
3.210014000 14.5
3.210020000 13.5
3.210030000 13.9
3.210050000 13.8
3.214850000 14.1
3.219550000 13.5
3.219600000 13.8
3.219650000 0.5
3.222000000 0.6
3.224950000 0.5
3.225000000 13.8
3.225001000 -40.0
3.225003000 65.0
3.225006000 20.0
3.225010000 5.0
3.225014000 14.5
3.225020000 13.5
3.225030000 13.9
3.225050000 13.8
3.229850000 14.1
3.234550000 13.5
3.234600000 13.8
3.234650000 0.5
3.237000000 0.6
3.239950000 0.5
3.240000000 13.8
3.240001000 -40.0
3.240003000 65.0
3.240006000 20.0
3.240010000 5.0
3.240014000 14.5
3.240020000 13.5
3.240030000 13.9
3.240050000 13.8
3.244850000 14.1
3.249550000 13.5
3.249600000 13.8
3.249650000 0.5
3.252000000 0.6
3.254950000 0.5
3.255000000 13.8
3.255001000 -40.0
3.255003000 65.0
3.255006000 20.0
3.255010000 5.0
3.255014000 14.5
3.255020000 13.5
3.255030000 13.9
3.255050000 13.8
3.259850000 14.1
3.264550000 13.5
3.264600000 13.8
3.264650000 0.5
3.267000000 0.6
3.269950000 0.5
3.270000000 13.8
3.270001000 -40.0
3.270003000 65.0
3.270006000 20.0
3.270010000 5.0
3.270014000 14.5
3.270020000 13.5
3.270030000 13.9
3.270050000 13.8
3.274850000 14.1
3.279550000 13.5
3.279600000 13.8
3.279650000 0.5
3.282000000 0.6
3.284950000 0.5
3.285000000 13.8
3.285001000 -40.0
3.285003000 65.0
3.285006000 20.0
3.285010000 5.0
3.285014000 14.5
3.285020000 13.5
3.285030000 13.9
3.285050000 13.8
3.289850000 14.1
3.294550000 13.5
3.294600000 13.8
3.294650000 0.5
3.297000000 0.6
3.299950000 0.5
3.300000000 13.8
3.300001000 -40.0
3.300003000 65.0
3.300006000 20.0
3.300010000 5.0
3.300014000 14.5
3.300020000 13.5
3.300030000 13.9
3.300050000 13.8
3.304850000 14.1
3.309550000 13.5
3.309600000 13.8
3.309650000 0.5
3.312000000 0.6
3.314950000 0.5
3.315000000 13.8
3.315001000 -40.0
3.315003000 65.0
3.315006000 20.0
3.315010000 5.0
3.315014000 14.5
3.315020000 13.5
3.315030000 13.9
3.315050000 13.8
3.319850000 14.1
3.324550000 13.5
3.324600000 13.8
3.324650000 0.5
3.327000000 0.6
3.329950000 0.5
3.330000000 13.8
3.330001000 -40.0
3.330003000 65.0
3.330006000 20.0
3.330010000 5.0
3.330014000 14.5
3.330020000 13.5
3.330030000 13.9
3.330050000 13.8
3.334850000 14.1
3.339550000 13.5
3.339600000 13.8
3.339650000 0.5
3.342000000 0.6
3.344950000 0.5
3.345000000 13.8
3.345001000 -40.0
3.345003000 65.0
3.345006000 20.0
3.345010000 5.0
3.345014000 14.5
3.345020000 13.5
3.345030000 13.9
3.345050000 13.8
3.349850000 14.1
3.354550000 13.5
3.354600000 13.8
3.354650000 0.5
3.357000000 0.6
3.359950000 0.5
3.360000000 13.8
3.360001000 -40.0
3.360003000 65.0
3.360006000 20.0
3.360010000 5.0
3.360014000 14.5
3.360020000 13.5
3.360030000 13.9
3.360050000 13.8
3.364850000 14.1
3.369550000 13.5
3.369600000 13.8
3.369650000 0.5
3.372000000 0.6
3.374950000 0.5
3.375000000 13.8
3.375001000 -40.0
3.375003000 65.0
3.375006000 20.0
3.375010000 5.0
3.375014000 14.5
3.375020000 13.5
3.375030000 13.9
3.375050000 13.8
3.379850000 14.1
3.384550000 13.5
3.384600000 13.8
3.384650000 0.5
3.387000000 0.6
3.389950000 0.5
3.390000000 13.8
3.390001000 -40.0
3.390003000 65.0
3.390006000 20.0
3.390010000 5.0
3.390014000 14.5
3.390020000 13.5
3.390030000 13.9
3.390050000 13.8
3.394850000 14.1
3.399550000 13.5
3.399600000 13.8
3.399650000 0.5
3.402000000 0.6
3.404950000 0.5
3.405000000 13.8
3.405001000 -40.0
3.405003000 65.0
3.405006000 20.0
3.405010000 5.0
3.405014000 14.5
3.405020000 13.5
3.405030000 13.9
3.405050000 13.8
3.409850000 14.1
3.414550000 13.5
3.414600000 13.8
3.414650000 0.5
3.417000000 0.6
3.419950000 0.5
3.420000000 13.8
3.420001000 -40.0
3.420003000 65.0
3.420006000 20.0
3.420010000 5.0
3.420014000 14.5
3.420020000 13.5
3.420030000 13.9
3.420050000 13.8
3.424850000 14.1
3.429550000 13.5
3.429600000 13.8
3.429650000 0.5
3.432000000 0.6
3.434950000 0.5
3.435000000 13.8
3.435001000 -40.0
3.435003000 65.0
3.435006000 20.0
3.435010000 5.0
3.435014000 14.5
3.435020000 13.5
3.435030000 13.9
3.435050000 13.8
3.439850000 14.1
3.444550000 13.5
3.444600000 13.8
3.444650000 0.5
3.447000000 0.6
3.449950000 0.5
3.450000000 13.8
3.450001000 -40.0
3.450003000 65.0
3.450006000 20.0
3.450010000 5.0
3.450014000 14.5
3.450020000 13.5
3.450030000 13.9
3.450050000 13.8
3.454850000 14.1
3.459550000 13.5
3.459600000 13.8
3.459650000 0.5
3.462000000 0.6
3.464950000 0.5
3.465000000 13.8
3.465001000 -40.0
3.465003000 65.0
3.465006000 20.0
3.465010000 5.0
3.465014000 14.5
3.465020000 13.5
3.465030000 13.9
3.465050000 13.8
3.469850000 14.1
3.474550000 13.5
3.474600000 13.8
3.474650000 0.5
3.477000000 0.6
3.479950000 0.5
3.480000000 13.8
3.480001000 -40.0
3.480003000 65.0
3.480006000 20.0
3.480010000 5.0
3.480014000 14.5
3.480020000 13.5
3.480030000 13.9
3.480050000 13.8
3.484850000 14.1
3.489550000 13.5
3.489600000 13.8
3.489650000 0.5
3.492000000 0.6
3.494950000 0.5
3.495000000 13.8
3.495001000 -40.0
3.495003000 65.0
3.495006000 20.0
3.495010000 5.0
3.495014000 14.5
3.495020000 13.5
3.495030000 13.9
3.495050000 13.8
3.499850000 14.1
3.504550000 13.5
3.504600000 13.8
3.504650000 0.5
3.507000000 0.6
3.509950000 0.5
3.510000000 13.8
3.510001000 -40.0
3.510003000 65.0
3.510006000 20.0
3.510010000 5.0
3.510014000 14.5
3.510020000 13.5
3.510030000 13.9
3.510050000 13.8
3.514850000 14.1
3.519550000 13.5
3.519600000 13.8
3.519650000 0.5
3.522000000 0.6
3.524950000 0.5
3.525000000 13.8
3.525001000 -40.0
3.525003000 65.0
3.525006000 20.0
3.525010000 5.0
3.525014000 14.5
3.525020000 13.5
3.525030000 13.9
3.525050000 13.8
3.529850000 14.1
3.534550000 13.5
3.534600000 13.8
3.534650000 0.5
3.537000000 0.6
3.539950000 0.5
3.540000000 13.8
3.540001000 -40.0
3.540003000 65.0
3.540006000 20.0
3.540010000 5.0
3.540014000 14.5
3.540020000 13.5
3.540030000 13.9
3.540050000 13.8
3.544850000 14.1
3.549550000 13.5
3.549600000 13.8
3.549650000 0.5
3.552000000 0.6
3.554950000 0.5
3.555000000 13.8
3.555001000 -40.0
3.555003000 65.0
3.555006000 20.0
3.555010000 5.0
3.555014000 14.5
3.555020000 13.5
3.555030000 13.9
3.555050000 13.8
3.559850000 14.1
3.564550000 13.5
3.564600000 13.8
3.564650000 0.5
3.567000000 0.6
3.569950000 0.5
3.570000000 13.8
3.570001000 -40.0
3.570003000 65.0
3.570006000 20.0
3.570010000 5.0
3.570014000 14.5
3.570020000 13.5
3.570030000 13.9
3.570050000 13.8
3.574850000 14.1
3.579550000 13.5
3.579600000 13.8
3.579650000 0.5
3.582000000 0.6
3.584950000 0.5
3.585000000 13.8
3.585001000 -40.0
3.585003000 65.0
3.585006000 20.0
3.585010000 5.0
3.585014000 14.5
3.585020000 13.5
3.585030000 13.9
3.585050000 13.8
3.589850000 14.1
3.594550000 13.5
3.594600000 13.8
3.594650000 0.5
3.597000000 0.6
3.599950000 0.5
3.600000000 13.8
3.600001000 -40.0
3.600003000 65.0
3.600006000 20.0
3.600010000 5.0
3.600014000 14.5
3.600020000 13.5
3.600030000 13.9
3.600050000 13.8
3.604850000 14.1
3.609550000 13.5
3.609600000 13.8
3.609650000 0.5
3.612000000 0.6
3.614950000 0.5
3.615000000 13.8
3.615001000 -40.0
3.615003000 65.0
3.615006000 20.0
3.615010000 5.0
3.615014000 14.5
3.615020000 13.5
3.615030000 13.9
3.615050000 13.8
3.619850000 14.1
3.624550000 13.5
3.624600000 13.8
3.624650000 0.5
3.627000000 0.6
3.629950000 0.5
3.630000000 13.8
3.630001000 -40.0
3.630003000 65.0
3.630006000 20.0
3.630010000 5.0
3.630014000 14.5
3.630020000 13.5
3.630030000 13.9
3.630050000 13.8
3.634850000 14.1
3.639550000 13.5
3.639600000 13.8
3.639650000 0.5
3.642000000 0.6
3.644950000 0.5
3.645000000 13.8
3.645001000 -40.0
3.645003000 65.0
3.645006000 20.0
3.645010000 5.0
3.645014000 14.5
3.645020000 13.5
3.645030000 13.9
3.645050000 13.8
3.649850000 14.1
3.654550000 13.5
3.654600000 13.8
3.654650000 0.5
3.657000000 0.6
3.659950000 0.5
3.660000000 13.8
3.660001000 -40.0
3.660003000 65.0
3.660006000 20.0
3.660010000 5.0
3.660014000 14.5
3.660020000 13.5
3.660030000 13.9
3.660050000 13.8
3.664850000 14.1
3.669550000 13.5
3.669600000 13.8
3.669650000 0.5
3.672000000 0.6
3.674950000 0.5
3.675000000 13.8
3.675001000 -40.0
3.675003000 65.0
3.675006000 20.0
3.675010000 5.0
3.675014000 14.5
3.675020000 13.5
3.675030000 13.9
3.675050000 13.8
3.679850000 14.1
3.684550000 13.5
3.684600000 13.8
3.684650000 0.5
3.687000000 0.6
3.689950000 0.5
3.690000000 13.8
3.690001000 -40.0
3.690003000 65.0
3.690006000 20.0
3.690010000 5.0
3.690014000 14.5
3.690020000 13.5
3.690030000 13.9
3.690050000 13.8
3.694850000 14.1
3.699550000 13.5
3.699600000 13.8
3.699650000 0.5
3.702000000 0.6
3.704950000 0.5
3.705000000 13.8
3.705001000 -40.0
3.705003000 65.0
3.705006000 20.0
3.705010000 5.0
3.705014000 14.5
3.705020000 13.5
3.705030000 13.9
3.705050000 13.8
3.709850000 14.1
3.714550000 13.5
3.714600000 13.8
3.714650000 0.5
3.717000000 0.6
3.719950000 0.5
3.720000000 13.8
3.720001000 -40.0
3.720003000 65.0
3.720006000 20.0
3.720010000 5.0
3.720014000 14.5
3.720020000 13.5
3.720030000 13.9
3.720050000 13.8
3.724850000 14.1
3.729550000 13.5
3.729600000 13.8
3.729650000 0.5
3.732000000 0.6
3.734950000 0.5
3.735000000 13.8
3.735001000 -40.0
3.735003000 65.0
3.735006000 20.0
3.735010000 5.0
3.735014000 14.5
3.735020000 13.5
3.735030000 13.9
3.735050000 13.8
3.739850000 14.1
3.744550000 13.5
3.744600000 13.8
3.744650000 0.5
3.747000000 0.6
3.749950000 0.5
3.750000000 13.8
3.750001000 -40.0
3.750003000 65.0
3.750006000 20.0
3.750010000 5.0
3.750014000 14.5
3.750020000 13.5
3.750030000 13.9
3.750050000 13.8
3.754850000 14.1
3.759550000 13.5
3.759600000 13.8
3.759650000 0.5
3.762000000 0.6
3.764950000 0.5
3.765000000 13.8
3.765001000 -40.0
3.765003000 65.0
3.765006000 20.0
3.765010000 5.0
3.765014000 14.5
3.765020000 13.5
3.765030000 13.9
3.765050000 13.8
3.769850000 14.1
3.774550000 13.5
3.774600000 13.8
3.774650000 0.5
3.777000000 0.6
3.779950000 0.5
3.780000000 13.8
3.780001000 -40.0
3.780003000 65.0
3.780006000 20.0
3.780010000 5.0
3.780014000 14.5
3.780020000 13.5
3.780030000 13.9
3.780050000 13.8
3.784850000 14.1
3.789550000 13.5
3.789600000 13.8
3.789650000 0.5
3.792000000 0.6
3.794950000 0.5
3.795000000 13.8
3.795001000 -40.0
3.795003000 65.0
3.795006000 20.0
3.795010000 5.0
3.795014000 14.5
3.795020000 13.5
3.795030000 13.9
3.795050000 13.8
3.799850000 14.1
3.804550000 13.5
3.804600000 13.8
3.804650000 0.5
3.807000000 0.6
3.809950000 0.5
3.810000000 13.8
3.810001000 -40.0
3.810003000 65.0
3.810006000 20.0
3.810010000 5.0
3.810014000 14.5
3.810020000 13.5
3.810030000 13.9
3.810050000 13.8
3.814850000 14.1
3.819550000 13.5
3.819600000 13.8
3.819650000 0.5
3.822000000 0.6
3.824950000 0.5
3.825000000 13.8
3.825001000 -40.0
3.825003000 65.0
3.825006000 20.0
3.825010000 5.0
3.825014000 14.5
3.825020000 13.5
3.825030000 13.9
3.825050000 13.8
3.829850000 14.1
3.834550000 13.5
3.834600000 13.8
3.834650000 0.5
3.837000000 0.6
3.839950000 0.5
3.840000000 13.8
3.840001000 -40.0
3.840003000 65.0
3.840006000 20.0
3.840010000 5.0
3.840014000 14.5
3.840020000 13.5
3.840030000 13.9
3.840050000 13.8
3.844850000 14.1
3.849550000 13.5
3.849600000 13.8
3.849650000 0.5
3.852000000 0.6
3.854950000 0.5
3.855000000 13.8
3.855001000 -40.0
3.855003000 65.0
3.855006000 20.0
3.855010000 5.0
3.855014000 14.5
3.855020000 13.5
3.855030000 13.9
3.855050000 13.8
3.859850000 14.1
3.864550000 13.5
3.864600000 13.8
3.864650000 0.5
3.867000000 0.6
3.869950000 0.5
3.870000000 13.8
3.870001000 -40.0
3.870003000 65.0
3.870006000 20.0
3.870010000 5.0
3.870014000 14.5
3.870020000 13.5
3.870030000 13.9
3.870050000 13.8
3.874850000 14.1
3.879550000 13.5
3.879600000 13.8
3.879650000 0.5
3.882000000 0.6
3.884950000 0.5
3.885000000 13.8
3.885001000 -40.0
3.885003000 65.0
3.885006000 20.0
3.885010000 5.0
3.885014000 14.5
3.885020000 13.5
3.885030000 13.9
3.885050000 13.8
3.889850000 14.1
3.894550000 13.5
3.894600000 13.8
3.894650000 0.5
3.897000000 0.6
3.899950000 0.5
3.900000000 13.8
3.900001000 -40.0
3.900003000 65.0
3.900006000 20.0
3.900010000 5.0
3.900014000 14.5
3.900020000 13.5
3.900030000 13.9
3.900050000 13.8
3.904850000 14.1
3.909550000 13.5
3.909600000 13.8
3.909650000 0.5
3.912000000 0.6
3.914950000 0.5
3.915000000 13.8
3.915001000 -40.0
3.915003000 65.0
3.915006000 20.0
3.915010000 5.0
3.915014000 14.5
3.915020000 13.5
3.915030000 13.9
3.915050000 13.8
3.919850000 14.1
3.924550000 13.5
3.924600000 13.8
3.924650000 0.5
3.927000000 0.6
3.929950000 0.5
3.930000000 13.8
3.930001000 -40.0
3.930003000 65.0
3.930006000 20.0
3.930010000 5.0
3.930014000 14.5
3.930020000 13.5
3.930030000 13.9
3.930050000 13.8
3.934850000 14.1
3.939550000 13.5
3.939600000 13.8
3.939650000 0.5
3.942000000 0.6
3.944950000 0.5
3.945000000 13.8
3.945001000 -40.0
3.945003000 65.0
3.945006000 20.0
3.945010000 5.0
3.945014000 14.5
3.945020000 13.5
3.945030000 13.9
3.945050000 13.8
3.949850000 14.1
3.954550000 13.5
3.954600000 13.8
3.954650000 0.5
3.957000000 0.6
3.959950000 0.5
3.960000000 13.8
3.960001000 -40.0
3.960003000 65.0
3.960006000 20.0
3.960010000 5.0
3.960014000 14.5
3.960020000 13.5
3.960030000 13.9
3.960050000 13.8
3.964850000 14.1
3.969550000 13.5
3.969600000 13.8
3.969650000 0.5
3.972000000 0.6
3.974950000 0.5
3.975000000 13.8
3.975001000 -40.0
3.975003000 65.0
3.975006000 20.0
3.975010000 5.0
3.975014000 14.5
3.975020000 13.5
3.975030000 13.9
3.975050000 13.8
3.979850000 14.1
3.984550000 13.5
3.984600000 13.8
3.984650000 0.5
3.987000000 0.6
3.989950000 0.5
3.990000000 13.8
3.990001000 -40.0
3.990003000 65.0
3.990006000 20.0
3.990010000 5.0
3.990014000 14.5
3.990020000 13.5
3.990030000 13.9
3.990050000 13.8
3.994850000 14.1
3.999550000 13.5
3.999600000 13.8
3.999650000 0.5
4.002000000 0.6
4.004950000 0.5
4.005000000 13.8
4.005001000 -40.0
4.005003000 65.0
4.005006000 20.0
4.005010000 5.0
4.005014000 14.5
4.005020000 13.5
4.005030000 13.9
4.005050000 13.8
4.009850000 14.1
4.014550000 13.5
4.014600000 13.8
4.014650000 0.5
4.017000000 0.6
4.019950000 0.5
4.020000000 13.8
4.020001000 -40.0
4.020003000 65.0
4.020006000 20.0
4.020010000 5.0
4.020014000 14.5
4.020020000 13.5
4.020030000 13.9
4.020050000 13.8
4.024850000 14.1
4.029550000 13.5
4.029600000 13.8
4.029650000 0.5
4.032000000 0.6
4.034950000 0.5
4.035000000 13.8
4.035001000 -40.0
4.035003000 65.0
4.035006000 20.0
4.035010000 5.0
4.035014000 14.5
4.035020000 13.5
4.035030000 13.9
4.035050000 13.8
4.039850000 14.1
4.044550000 13.5
4.044600000 13.8
4.044650000 0.5
4.047000000 0.6
4.049950000 0.5
4.050000000 13.8
4.050001000 -40.0
4.050003000 65.0
4.050006000 20.0
4.050010000 5.0
4.050014000 14.5
4.050020000 13.5
4.050030000 13.9
4.050050000 13.8
4.054850000 14.1
4.059550000 13.5
4.059600000 13.8
4.059650000 0.5
4.062000000 0.6
4.064950000 0.5
4.065000000 13.8
4.065001000 -40.0
4.065003000 65.0
4.065006000 20.0
4.065010000 5.0
4.065014000 14.5
4.065020000 13.5
4.065030000 13.9
4.065050000 13.8
4.069850000 14.1
4.074550000 13.5
4.074600000 13.8
4.074650000 0.5
4.077000000 0.6
4.079950000 0.5
4.080000000 13.8
4.080001000 -40.0
4.080003000 65.0
4.080006000 20.0
4.080010000 5.0
4.080014000 14.5
4.080020000 13.5
4.080030000 13.9
4.080050000 13.8
4.084850000 14.1
4.089550000 13.5
4.089600000 13.8
4.089650000 0.5
4.092000000 0.6
4.094950000 0.5
4.095000000 13.8
4.095001000 -40.0
4.095003000 65.0
4.095006000 20.0
4.095010000 5.0
4.095014000 14.5
4.095020000 13.5
4.095030000 13.9
4.095050000 13.8
4.099850000 14.1
4.104550000 13.5
4.104600000 13.8
4.104650000 0.5
4.107000000 0.6
4.109950000 0.5
4.110000000 13.8
4.110001000 -40.0
4.110003000 65.0
4.110006000 20.0
4.110010000 5.0
4.110014000 14.5
4.110020000 13.5
4.110030000 13.9
4.110050000 13.8
4.114850000 14.1
4.119550000 13.5
4.119600000 13.8
4.119650000 0.5
4.122000000 0.6
4.124950000 0.5
4.125000000 13.8
4.125001000 -40.0
4.125003000 65.0
4.125006000 20.0
4.125010000 5.0
4.125014000 14.5
4.125020000 13.5
4.125030000 13.9
4.125050000 13.8
4.129850000 14.1
4.134550000 13.5
4.134600000 13.8
4.134650000 0.5
4.137000000 0.6
4.139950000 0.5
4.140000000 13.8
4.140001000 -40.0
4.140003000 65.0
4.140006000 20.0
4.140010000 5.0
4.140014000 14.5
4.140020000 13.5
4.140030000 13.9
4.140050000 13.8
4.144850000 14.1
4.149550000 13.5
4.149600000 13.8
4.149650000 0.5
4.152000000 0.6
4.154950000 0.5
4.155000000 13.8
4.155001000 -40.0
4.155003000 65.0
4.155006000 20.0
4.155010000 5.0
4.155014000 14.5
4.155020000 13.5
4.155030000 13.9
4.155050000 13.8
4.159850000 14.1
4.164550000 13.5
4.164600000 13.8
4.164650000 0.5
4.167000000 0.6
4.169950000 0.5
4.170000000 13.8
4.170001000 -40.0
4.170003000 65.0
4.170006000 20.0
4.170010000 5.0
4.170014000 14.5
4.170020000 13.5
4.170030000 13.9
4.170050000 13.8
4.174850000 14.1
4.179550000 13.5
4.179600000 13.8
4.179650000 0.5
4.182000000 0.6
4.184950000 0.5
4.185000000 13.8
4.185001000 -40.0
4.185003000 65.0
4.185006000 20.0
4.185010000 5.0
4.185014000 14.5
4.185020000 13.5
4.185030000 13.9
4.185050000 13.8
4.189850000 14.1
4.194550000 13.5
4.194600000 13.8
4.194650000 0.5
4.197000000 0.6
4.199950000 0.5
4.200000000 13.8
4.200001000 -40.0
4.200003000 65.0
4.200006000 20.0
4.200010000 5.0
4.200014000 14.5
4.200020000 13.5
4.200030000 13.9
4.200050000 13.8
4.204850000 14.1
4.209550000 13.5
4.209600000 13.8
4.209650000 0.5
4.212000000 0.6
4.214950000 0.5
4.215000000 13.8
4.215001000 -40.0
4.215003000 65.0
4.215006000 20.0
4.215010000 5.0
4.215014000 14.5
4.215020000 13.5
4.215030000 13.9
4.215050000 13.8
4.219850000 14.1
4.224550000 13.5
4.224600000 13.8
4.224650000 0.5
4.227000000 0.6
4.229950000 0.5
4.230000000 13.8
4.230001000 -40.0
4.230003000 65.0
4.230006000 20.0
4.230010000 5.0
4.230014000 14.5
4.230020000 13.5
4.230030000 13.9
4.230050000 13.8
4.234850000 14.1
4.239550000 13.5
4.239600000 13.8
4.239650000 0.5
4.242000000 0.6
4.244950000 0.5
4.245000000 13.8
4.245001000 -40.0
4.245003000 65.0
4.245006000 20.0
4.245010000 5.0
4.245014000 14.5
4.245020000 13.5
4.245030000 13.9
4.245050000 13.8
4.249850000 14.1
4.254550000 13.5
4.254600000 13.8
4.254650000 0.5
4.257000000 0.6
4.259950000 0.5
4.260000000 13.8
4.260001000 -40.0
4.260003000 65.0
4.260006000 20.0
4.260010000 5.0
4.260014000 14.5
4.260020000 13.5
4.260030000 13.9
4.260050000 13.8
4.264850000 14.1
4.269550000 13.5
4.269600000 13.8
4.269650000 0.5
4.272000000 0.6
4.274950000 0.5
4.275000000 13.8
4.275001000 -40.0
4.275003000 65.0
4.275006000 20.0
4.275010000 5.0
4.275014000 14.5
4.275020000 13.5
4.275030000 13.9
4.275050000 13.8
4.279850000 14.1
4.284550000 13.5
4.284600000 13.8
4.284650000 0.5
4.287000000 0.6
4.289950000 0.5
4.290000000 13.8
4.290001000 -40.0
4.290003000 65.0
4.290006000 20.0
4.290010000 5.0
4.290014000 14.5
4.290020000 13.5
4.290030000 13.9
4.290050000 13.8
4.294850000 14.1
4.299550000 13.5
4.299600000 13.8
4.299650000 0.5
4.302000000 0.6
4.304950000 0.5
4.305000000 13.8
4.305001000 -40.0
4.305003000 65.0
4.305006000 20.0
4.305010000 5.0
4.305014000 14.5
4.305020000 13.5
4.305030000 13.9
4.305050000 13.8
4.309850000 14.1
4.314550000 13.5
4.314600000 13.8
4.314650000 0.5
4.317000000 0.6
4.319950000 0.5
4.320000000 13.8
4.320001000 -40.0
4.320003000 65.0
4.320006000 20.0
4.320010000 5.0
4.320014000 14.5
4.320020000 13.5
4.320030000 13.9
4.320050000 13.8
4.324850000 14.1
4.329550000 13.5
4.329600000 13.8
4.329650000 0.5
4.332000000 0.6
4.334950000 0.5
4.335000000 13.8
4.335001000 -40.0
4.335003000 65.0
4.335006000 20.0
4.335010000 5.0
4.335014000 14.5
4.335020000 13.5
4.335030000 13.9
4.335050000 13.8
4.339850000 14.1
4.344550000 13.5
4.344600000 13.8
4.344650000 0.5
4.347000000 0.6
4.349950000 0.5
4.350000000 13.8
4.350001000 -40.0
4.350003000 65.0
4.350006000 20.0
4.350010000 5.0
4.350014000 14.5
4.350020000 13.5
4.350030000 13.9
4.350050000 13.8
4.354850000 14.1
4.359550000 13.5
4.359600000 13.8
4.359650000 0.5
4.362000000 0.6
4.364950000 0.5
4.365000000 13.8
4.365001000 -40.0
4.365003000 65.0
4.365006000 20.0
4.365010000 5.0
4.365014000 14.5
4.365020000 13.5
4.365030000 13.9
4.365050000 13.8
4.369850000 14.1
4.374550000 13.5
4.374600000 13.8
4.374650000 0.5
4.377000000 0.6
4.379950000 0.5
4.380000000 13.8
4.380001000 -40.0
4.380003000 65.0
4.380006000 20.0
4.380010000 5.0
4.380014000 14.5
4.380020000 13.5
4.380030000 13.9
4.380050000 13.8
4.384850000 14.1
4.389550000 13.5
4.389600000 13.8
4.389650000 0.5
4.392000000 0.6
4.394950000 0.5
4.395000000 13.8
4.395001000 -40.0
4.395003000 65.0
4.395006000 20.0
4.395010000 5.0
4.395014000 14.5
4.395020000 13.5
4.395030000 13.9
4.395050000 13.8
4.399850000 14.1
4.404550000 13.5
4.404600000 13.8
4.404650000 0.5
4.407000000 0.6
4.409950000 0.5
4.410000000 13.8
4.410001000 -40.0
4.410003000 65.0
4.410006000 20.0
4.410010000 5.0
4.410014000 14.5
4.410020000 13.5
4.410030000 13.9
4.410050000 13.8
4.414850000 14.1
4.419550000 13.5
4.419600000 13.8
4.419650000 0.5
4.422000000 0.6
4.424950000 0.5
4.425000000 13.8
4.425001000 -40.0
4.425003000 65.0
4.425006000 20.0
4.425010000 5.0
4.425014000 14.5
4.425020000 13.5
4.425030000 13.9
4.425050000 13.8
4.429850000 14.1
4.434550000 13.5
4.434600000 13.8
4.434650000 0.5
4.437000000 0.6
4.439950000 0.5
4.440000000 13.8
4.440001000 -40.0
4.440003000 65.0
4.440006000 20.0
4.440010000 5.0
4.440014000 14.5
4.440020000 13.5
4.440030000 13.9
4.440050000 13.8
4.444850000 14.1
4.449550000 13.5
4.449600000 13.8
4.449650000 0.5
4.452000000 0.6
4.454950000 0.5
4.455000000 13.8
4.455001000 -40.0
4.455003000 65.0
4.455006000 20.0
4.455010000 5.0
4.455014000 14.5
4.455020000 13.5
4.455030000 13.9
4.455050000 13.8
4.459850000 14.1
4.464550000 13.5
4.464600000 13.8
4.464650000 0.5
4.467000000 0.6
4.469950000 0.5
4.470000000 13.8
4.470001000 -40.0
4.470003000 65.0
4.470006000 20.0
4.470010000 5.0
4.470014000 14.5
4.470020000 13.5
4.470030000 13.9
4.470050000 13.8
4.474850000 14.1
4.479550000 13.5
4.479600000 13.8
4.479650000 0.5
4.482000000 0.6
4.484950000 0.5
4.485000000 13.8
4.485001000 -40.0
4.485003000 65.0
4.485006000 20.0
4.485010000 5.0
4.485014000 14.5
4.485020000 13.5
4.485030000 13.9
4.485050000 13.8
4.489850000 14.1
4.494550000 13.5
4.494600000 13.8
4.494650000 0.5
4.497000000 0.6
4.499950000 0.5
4.500000000 13.8
4.500001000 -40.0
4.500003000 65.0
4.500006000 20.0
4.500010000 5.0
4.500014000 14.5
4.500020000 13.5
4.500030000 13.9
4.500050000 13.8
4.504850000 14.1
4.509550000 13.5
4.509600000 13.8
4.509650000 0.5
4.512000000 0.6
4.514950000 0.5
4.515000000 13.8
4.515001000 -40.0
4.515003000 65.0
4.515006000 20.0
4.515010000 5.0
4.515014000 14.5
4.515020000 13.5
4.515030000 13.9
4.515050000 13.8
4.519850000 14.1
4.524550000 13.5
4.524600000 13.8
4.524650000 0.5
4.527000000 0.6
4.529950000 0.5
4.530000000 13.8
4.530001000 -40.0
4.530003000 65.0
4.530006000 20.0
4.530010000 5.0
4.530014000 14.5
4.530020000 13.5
4.530030000 13.9
4.530050000 13.8
4.534850000 14.1
4.539550000 13.5
4.539600000 13.8
4.539650000 0.5
4.542000000 0.6
4.544950000 0.5
4.545000000 13.8
4.545001000 -40.0
4.545003000 65.0
4.545006000 20.0
4.545010000 5.0
4.545014000 14.5
4.545020000 13.5
4.545030000 13.9
4.545050000 13.8
4.549850000 14.1
4.554550000 13.5
4.554600000 13.8
4.554650000 0.5
4.557000000 0.6
4.559950000 0.5
4.560000000 13.8
4.560001000 -40.0
4.560003000 65.0
4.560006000 20.0
4.560010000 5.0
4.560014000 14.5
4.560020000 13.5
4.560030000 13.9
4.560050000 13.8
4.564850000 14.1
4.569550000 13.5
4.569600000 13.8
4.569650000 0.5
4.572000000 0.6
4.574950000 0.5
4.575000000 13.8
4.575001000 -40.0
4.575003000 65.0
4.575006000 20.0
4.575010000 5.0
4.575014000 14.5
4.575020000 13.5
4.575030000 13.9
4.575050000 13.8
4.579850000 14.1
4.584550000 13.5
4.584600000 13.8
4.584650000 0.5
4.587000000 0.6
4.589950000 0.5
4.590000000 13.8
4.590001000 -40.0
4.590003000 65.0
4.590006000 20.0
4.590010000 5.0
4.590014000 14.5
4.590020000 13.5
4.590030000 13.9
4.590050000 13.8
4.594850000 14.1
4.599550000 13.5
4.599600000 13.8
4.599650000 0.5
4.602000000 0.6
4.604950000 0.5
4.605000000 13.8
4.605001000 -40.0
4.605003000 65.0
4.605006000 20.0
4.605010000 5.0
4.605014000 14.5
4.605020000 13.5
4.605030000 13.9
4.605050000 13.8
4.609850000 14.1
4.614550000 13.5
4.614600000 13.8
4.614650000 0.5
4.617000000 0.6
4.619950000 0.5
4.620000000 13.8
4.620001000 -40.0
4.620003000 65.0
4.620006000 20.0
4.620010000 5.0
4.620014000 14.5
4.620020000 13.5
4.620030000 13.9
4.620050000 13.8
4.624850000 14.1
4.629550000 13.5
4.629600000 13.8
4.629650000 0.5
4.632000000 0.6
4.634950000 0.5
4.635000000 13.8
4.635001000 -40.0
4.635003000 65.0
4.635006000 20.0
4.635010000 5.0
4.635014000 14.5
4.635020000 13.5
4.635030000 13.9
4.635050000 13.8
4.639850000 14.1
4.644550000 13.5
4.644600000 13.8
4.644650000 0.5
4.647000000 0.6
4.649950000 0.5
4.650000000 13.8
4.650001000 -40.0
4.650003000 65.0
4.650006000 20.0
4.650010000 5.0
4.650014000 14.5
4.650020000 13.5
4.650030000 13.9
4.650050000 13.8
4.654850000 14.1
4.659550000 13.5
4.659600000 13.8
4.659650000 0.5
4.662000000 0.6
4.664950000 0.5
4.665000000 13.8
4.665001000 -40.0
4.665003000 65.0
4.665006000 20.0
4.665010000 5.0
4.665014000 14.5
4.665020000 13.5
4.665030000 13.9
4.665050000 13.8
4.669850000 14.1
4.674550000 13.5
4.674600000 13.8
4.674650000 0.5
4.677000000 0.6
4.679950000 0.5
4.680000000 13.8
4.680001000 -40.0
4.680003000 65.0
4.680006000 20.0
4.680010000 5.0
4.680014000 14.5
4.680020000 13.5
4.680030000 13.9
4.680050000 13.8
4.684850000 14.1
4.689550000 13.5
4.689600000 13.8
4.689650000 0.5
4.692000000 0.6
4.694950000 0.5
4.695000000 13.8
4.695001000 -40.0
4.695003000 65.0
4.695006000 20.0
4.695010000 5.0
4.695014000 14.5
4.695020000 13.5
4.695030000 13.9
4.695050000 13.8
4.699850000 14.1
4.704550000 13.5
4.704600000 13.8
4.704650000 0.5
4.707000000 0.6
4.709950000 0.5
4.710000000 13.8
4.710001000 -40.0
4.710003000 65.0
4.710006000 20.0
4.710010000 5.0
4.710014000 14.5
4.710020000 13.5
4.710030000 13.9
4.710050000 13.8
4.714850000 14.1
4.719550000 13.5
4.719600000 13.8
4.719650000 0.5
4.722000000 0.6
4.724950000 0.5
4.725000000 13.8
4.725001000 -40.0
4.725003000 65.0
4.725006000 20.0
4.725010000 5.0
4.725014000 14.5
4.725020000 13.5
4.725030000 13.9
4.725050000 13.8
4.729850000 14.1
4.734550000 13.5
4.734600000 13.8
4.734650000 0.5
4.737000000 0.6
4.739950000 0.5
4.740000000 13.8
4.740001000 -40.0
4.740003000 65.0
4.740006000 20.0
4.740010000 5.0
4.740014000 14.5
4.740020000 13.5
4.740030000 13.9
4.740050000 13.8
4.744850000 14.1
4.749550000 13.5
4.749600000 13.8
4.749650000 0.5
4.752000000 0.6
4.754950000 0.5
4.755000000 13.8
4.755001000 -40.0
4.755003000 65.0
4.755006000 20.0
4.755010000 5.0
4.755014000 14.5
4.755020000 13.5
4.755030000 13.9
4.755050000 13.8
4.759850000 14.1
4.764550000 13.5
4.764600000 13.8
4.764650000 0.5
4.767000000 0.6
4.769950000 0.5
4.770000000 13.8
4.770001000 -40.0
4.770003000 65.0
4.770006000 20.0
4.770010000 5.0
4.770014000 14.5
4.770020000 13.5
4.770030000 13.9
4.770050000 13.8
4.774850000 14.1
4.779550000 13.5
4.779600000 13.8
4.779650000 0.5
4.782000000 0.6
4.784950000 0.5
4.785000000 13.8
4.785001000 -40.0
4.785003000 65.0
4.785006000 20.0
4.785010000 5.0
4.785014000 14.5
4.785020000 13.5
4.785030000 13.9
4.785050000 13.8
4.789850000 14.1
4.794550000 13.5
4.794600000 13.8
4.794650000 0.5
4.797000000 0.6
4.799950000 0.5
4.800000000 13.8
4.800001000 -40.0
4.800003000 65.0
4.800006000 20.0
4.800010000 5.0
4.800014000 14.5
4.800020000 13.5
4.800030000 13.9
4.800050000 13.8
4.804850000 14.1
4.809550000 13.5
4.809600000 13.8
4.809650000 0.5
4.812000000 0.6
4.814950000 0.5
4.815000000 13.8
4.815001000 -40.0
4.815003000 65.0
4.815006000 20.0
4.815010000 5.0
4.815014000 14.5
4.815020000 13.5
4.815030000 13.9
4.815050000 13.8
4.819850000 14.1
4.824550000 13.5
4.824600000 13.8
4.824650000 0.5
4.827000000 0.6
4.829950000 0.5
4.830000000 13.8
4.830001000 -40.0
4.830003000 65.0
4.830006000 20.0
4.830010000 5.0
4.830014000 14.5
4.830020000 13.5
4.830030000 13.9
4.830050000 13.8
4.834850000 14.1
4.839550000 13.5
4.839600000 13.8
4.839650000 0.5
4.842000000 0.6
4.844950000 0.5
4.845000000 13.8
4.845001000 -40.0
4.845003000 65.0
4.845006000 20.0
4.845010000 5.0
4.845014000 14.5
4.845020000 13.5
4.845030000 13.9
4.845050000 13.8
4.849850000 14.1
4.854550000 13.5
4.854600000 13.8
4.854650000 0.5
4.857000000 0.6
4.859950000 0.5
4.860000000 13.8
4.860001000 -40.0
4.860003000 65.0
4.860006000 20.0
4.860010000 5.0
4.860014000 14.5
4.860020000 13.5
4.860030000 13.9
4.860050000 13.8
4.864850000 14.1
4.869550000 13.5
4.869600000 13.8
4.869650000 0.5
4.872000000 0.6
4.874950000 0.5
4.875000000 13.8
4.875001000 -40.0
4.875003000 65.0
4.875006000 20.0
4.875010000 5.0
4.875014000 14.5
4.875020000 13.5
4.875030000 13.9
4.875050000 13.8
4.879850000 14.1
4.884550000 13.5
4.884600000 13.8
4.884650000 0.5
4.887000000 0.6
4.889950000 0.5
4.890000000 13.8
4.890001000 -40.0
4.890003000 65.0
4.890006000 20.0
4.890010000 5.0
4.890014000 14.5
4.890020000 13.5
4.890030000 13.9
4.890050000 13.8
4.894850000 14.1
4.899550000 13.5
4.899600000 13.8
4.899650000 0.5
4.902000000 0.6
4.904950000 0.5
4.905000000 13.8
4.905001000 -40.0
4.905003000 65.0
4.905006000 20.0
4.905010000 5.0
4.905014000 14.5
4.905020000 13.5
4.905030000 13.9
4.905050000 13.8
4.909850000 14.1
4.914550000 13.5
4.914600000 13.8
4.914650000 0.5
4.917000000 0.6
4.919950000 0.5
4.920000000 13.8
4.920001000 -40.0
4.920003000 65.0
4.920006000 20.0
4.920010000 5.0
4.920014000 14.5
4.920020000 13.5
4.920030000 13.9
4.920050000 13.8
4.924850000 14.1
4.929550000 13.5
4.929600000 13.8
4.929650000 0.5
4.932000000 0.6
4.934950000 0.5
4.935000000 13.8
4.935001000 -40.0
4.935003000 65.0
4.935006000 20.0
4.935010000 5.0
4.935014000 14.5
4.935020000 13.5
4.935030000 13.9
4.935050000 13.8
4.939850000 14.1
4.944550000 13.5
4.944600000 13.8
4.944650000 0.5
4.947000000 0.6
4.949950000 0.5
4.950000000 13.8
4.950001000 -40.0
4.950003000 65.0
4.950006000 20.0
4.950010000 5.0
4.950014000 14.5
4.950020000 13.5
4.950030000 13.9
4.950050000 13.8
4.954850000 14.1
4.959550000 13.5
4.959600000 13.8
4.959650000 0.5
4.962000000 0.6
4.964950000 0.5
4.965000000 13.8
4.965001000 -40.0
4.965003000 65.0
4.965006000 20.0
4.965010000 5.0
4.965014000 14.5
4.965020000 13.5
4.965030000 13.9
4.965050000 13.8
4.969850000 14.1
4.974550000 13.5
4.974600000 13.8
4.974650000 0.5
4.977000000 0.6
4.979950000 0.5
4.980000000 13.8
4.980001000 -40.0
4.980003000 65.0
4.980006000 20.0
4.980010000 5.0
4.980014000 14.5
4.980020000 13.5
4.980030000 13.9
4.980050000 13.8
4.984850000 14.1
4.989550000 13.5
4.989600000 13.8
4.989650000 0.5
4.992000000 0.6
4.994950000 0.5
4.995000000 13.8
4.995001000 -40.0
4.995003000 65.0
4.995006000 20.0
4.995010000 5.0
4.995014000 14.5
4.995020000 13.5
4.995030000 13.9
4.995050000 13.8
4.999850000 14.1
5.000000000 13.8
5.000001000 -40.0
5.000003000 65.0
5.000006000 20.0
5.000010000 5.0
5.000014000 14.5
5.000020000 13.5
5.000050000 13.8
5.001600000 13.8
5.001650000 0.5
5.002450000 0.5
5.002500000 13.8
5.002501000 -40.0
5.002503000 65.0
5.002506000 20.0
5.002510000 5.0
5.002514000 14.5
5.002520000 13.5
5.002550000 13.8
5.004100000 13.8
5.004150000 0.5
5.004950000 0.5
5.005000000 13.8
5.005001000 -40.0
5.005003000 65.0
5.005006000 20.0
5.005010000 5.0
5.005014000 14.5
5.005020000 13.5
5.005050000 13.8
5.006600000 13.8
5.006650000 0.5
5.007450000 0.5
5.007500000 13.8
5.007501000 -40.0
5.007503000 65.0
5.007506000 20.0
5.007510000 5.0
5.007514000 14.5
5.007520000 13.5
5.007550000 13.8
5.009100000 13.8
5.009150000 0.5
5.009950000 0.5
5.010000000 13.8
5.010001000 -40.0
5.010003000 65.0
5.010006000 20.0
5.010010000 5.0
5.010014000 14.5
5.010020000 13.5
5.010050000 13.8
5.011600000 13.8
5.011650000 0.5
5.012450000 0.5
5.012500000 13.8
5.012501000 -40.0
5.012503000 65.0
5.012506000 20.0
5.012510000 5.0
5.012514000 14.5
5.012520000 13.5
5.012550000 13.8
5.014100000 13.8
5.014150000 0.5
5.014950000 0.5
5.015000000 13.8
5.015001000 -40.0
5.015003000 65.0
5.015006000 20.0
5.015010000 5.0
5.015014000 14.5
5.015020000 13.5
5.015050000 13.8
5.016600000 13.8
5.016650000 0.5
5.017450000 0.5
5.017500000 13.8
5.017501000 -40.0
5.017503000 65.0
5.017506000 20.0
5.017510000 5.0
5.017514000 14.5
5.017520000 13.5
5.017550000 13.8
5.019100000 13.8
5.019150000 0.5
5.019950000 0.5
5.020000000 13.8
5.020001000 -40.0
5.020003000 65.0
5.020006000 20.0
5.020010000 5.0
5.020014000 14.5
5.020020000 13.5
5.020050000 13.8
5.021600000 13.8
5.021650000 0.5
5.022450000 0.5
5.022500000 13.8
5.022501000 -40.0
5.022503000 65.0
5.022506000 20.0
5.022510000 5.0
5.022514000 14.5
5.022520000 13.5
5.022550000 13.8
5.024100000 13.8
5.024150000 0.5
5.024950000 0.5
5.025000000 13.8
5.025001000 -40.0
5.025003000 65.0
5.025006000 20.0
5.025010000 5.0
5.025014000 14.5
5.025020000 13.5
5.025050000 13.8
5.026600000 13.8
5.026650000 0.5
5.027450000 0.5
5.027500000 13.8
5.027501000 -40.0
5.027503000 65.0
5.027506000 20.0
5.027510000 5.0
5.027514000 14.5
5.027520000 13.5
5.027550000 13.8
5.029100000 13.8
5.029150000 0.5
5.029950000 0.5
5.030000000 13.8
5.030001000 -40.0
5.030003000 65.0
5.030006000 20.0
5.030010000 5.0
5.030014000 14.5
5.030020000 13.5
5.030050000 13.8
5.031600000 13.8
5.031650000 0.5
5.032450000 0.5
5.032500000 13.8
5.032501000 -40.0
5.032503000 65.0
5.032506000 20.0
5.032510000 5.0
5.032514000 14.5
5.032520000 13.5
5.032550000 13.8
5.034100000 13.8
5.034150000 0.5
5.034950000 0.5
5.035000000 13.8
5.035001000 -40.0
5.035003000 65.0
5.035006000 20.0
5.035010000 5.0
5.035014000 14.5
5.035020000 13.5
5.035050000 13.8
5.036600000 13.8
5.036650000 0.5
5.037450000 0.5
5.037500000 13.8
5.037501000 -40.0
5.037503000 65.0
5.037506000 20.0
5.037510000 5.0
5.037514000 14.5
5.037520000 13.5
5.037550000 13.8
5.039100000 13.8
5.039150000 0.5
5.039950000 0.5
5.040000000 13.8
5.040001000 -40.0
5.040003000 65.0
5.040006000 20.0
5.040010000 5.0
5.040014000 14.5
5.040020000 13.5
5.040050000 13.8
5.041600000 13.8
5.041650000 0.5
5.042450000 0.5
5.042500000 13.8
5.042501000 -40.0
5.042503000 65.0
5.042506000 20.0
5.042510000 5.0
5.042514000 14.5
5.042520000 13.5
5.042550000 13.8
5.044100000 13.8
5.044150000 0.5
5.044950000 0.5
5.045000000 13.8
5.045001000 -40.0
5.045003000 65.0
5.045006000 20.0
5.045010000 5.0
5.045014000 14.5
5.045020000 13.5
5.045050000 13.8
5.046600000 13.8
5.046650000 0.5
5.047450000 0.5
5.047500000 13.8
5.047501000 -40.0
5.047503000 65.0
5.047506000 20.0
5.047510000 5.0
5.047514000 14.5
5.047520000 13.5
5.047550000 13.8
5.049100000 13.8
5.049150000 0.5
5.049950000 0.5
5.050000000 13.8
5.050001000 -40.0
5.050003000 65.0
5.050006000 20.0
5.050010000 5.0
5.050014000 14.5
5.050020000 13.5
5.050050000 13.8
5.051600000 13.8
5.051650000 0.5
5.052450000 0.5
5.052500000 13.8
5.052501000 -40.0
5.052503000 65.0
5.052506000 20.0
5.052510000 5.0
5.052514000 14.5
5.052520000 13.5
5.052550000 13.8
5.054100000 13.8
5.054150000 0.5
5.054950000 0.5
5.055000000 13.8
5.055001000 -40.0
5.055003000 65.0
5.055006000 20.0
5.055010000 5.0
5.055014000 14.5
5.055020000 13.5
5.055050000 13.8
5.056600000 13.8
5.056650000 0.5
5.057450000 0.5
5.057500000 13.8
5.057501000 -40.0
5.057503000 65.0
5.057506000 20.0
5.057510000 5.0
5.057514000 14.5
5.057520000 13.5
5.057550000 13.8
5.059100000 13.8
5.059150000 0.5
5.059950000 0.5
5.060000000 13.8
5.060001000 -40.0
5.060003000 65.0
5.060006000 20.0
5.060010000 5.0
5.060014000 14.5
5.060020000 13.5
5.060050000 13.8
5.061600000 13.8
5.061650000 0.5
5.062450000 0.5
5.062500000 13.8
5.062501000 -40.0
5.062503000 65.0
5.062506000 20.0
5.062510000 5.0
5.062514000 14.5
5.062520000 13.5
5.062550000 13.8
5.064100000 13.8
5.064150000 0.5
5.064950000 0.5
5.065000000 13.8
5.065001000 -40.0
5.065003000 65.0
5.065006000 20.0
5.065010000 5.0
5.065014000 14.5
5.065020000 13.5
5.065050000 13.8
5.066600000 13.8
5.066650000 0.5
5.067450000 0.5
5.067500000 13.8
5.067501000 -40.0
5.067503000 65.0
5.067506000 20.0
5.067510000 5.0
5.067514000 14.5
5.067520000 13.5
5.067550000 13.8
5.069100000 13.8
5.069150000 0.5
5.069950000 0.5
5.070000000 13.8
5.070001000 -40.0
5.070003000 65.0
5.070006000 20.0
5.070010000 5.0
5.070014000 14.5
5.070020000 13.5
5.070050000 13.8
5.071600000 13.8
5.071650000 0.5
5.072450000 0.5
5.072500000 13.8
5.072501000 -40.0
5.072503000 65.0
5.072506000 20.0
5.072510000 5.0
5.072514000 14.5
5.072520000 13.5
5.072550000 13.8
5.074100000 13.8
5.074150000 0.5
5.074950000 0.5
5.075000000 13.8
5.075001000 -40.0
5.075003000 65.0
5.075006000 20.0
5.075010000 5.0
5.075014000 14.5
5.075020000 13.5
5.075050000 13.8
5.076600000 13.8
5.076650000 0.5
5.077450000 0.5
5.077500000 13.8
5.077501000 -40.0
5.077503000 65.0
5.077506000 20.0
5.077510000 5.0
5.077514000 14.5
5.077520000 13.5
5.077550000 13.8
5.079100000 13.8
5.079150000 0.5
5.079950000 0.5
5.080000000 13.8
5.080001000 -40.0
5.080003000 65.0
5.080006000 20.0
5.080010000 5.0
5.080014000 14.5
5.080020000 13.5
5.080050000 13.8
5.081600000 13.8
5.081650000 0.5
5.082450000 0.5
5.082500000 13.8
5.082501000 -40.0
5.082503000 65.0
5.082506000 20.0
5.082510000 5.0
5.082514000 14.5
5.082520000 13.5
5.082550000 13.8
5.084100000 13.8
5.084150000 0.5
5.084950000 0.5
5.085000000 13.8
5.085001000 -40.0
5.085003000 65.0
5.085006000 20.0
5.085010000 5.0
5.085014000 14.5
5.085020000 13.5
5.085050000 13.8
5.086600000 13.8
5.086650000 0.5
5.087450000 0.5
5.087500000 13.8
5.087501000 -40.0
5.087503000 65.0
5.087506000 20.0
5.087510000 5.0
5.087514000 14.5
5.087520000 13.5
5.087550000 13.8
5.089100000 13.8
5.089150000 0.5
5.089950000 0.5
5.090000000 13.8
5.090001000 -40.0
5.090003000 65.0
5.090006000 20.0
5.090010000 5.0
5.090014000 14.5
5.090020000 13.5
5.090050000 13.8
5.091600000 13.8
5.091650000 0.5
5.092450000 0.5
5.092500000 13.8
5.092501000 -40.0
5.092503000 65.0
5.092506000 20.0
5.092510000 5.0
5.092514000 14.5
5.092520000 13.5
5.092550000 13.8
5.094100000 13.8
5.094150000 0.5
5.094950000 0.5
5.095000000 13.8
5.095001000 -40.0
5.095003000 65.0
5.095006000 20.0
5.095010000 5.0
5.095014000 14.5
5.095020000 13.5
5.095050000 13.8
5.096600000 13.8
5.096650000 0.5
5.097450000 0.5
5.097500000 13.8
5.097501000 -40.0
5.097503000 65.0
5.097506000 20.0
5.097510000 5.0
5.097514000 14.5
5.097520000 13.5
5.097550000 13.8
5.099100000 13.8
5.099150000 0.5
5.099950000 0.5
5.100000000 13.8
5.100001000 -40.0
5.100003000 65.0
5.100006000 20.0
5.100010000 5.0
5.100014000 14.5
5.100020000 13.5
5.100050000 13.8
5.101600000 13.8
5.101650000 0.5
5.102450000 0.5
5.102500000 13.8
5.102501000 -40.0
5.102503000 65.0
5.102506000 20.0
5.102510000 5.0
5.102514000 14.5
5.102520000 13.5
5.102550000 13.8
5.104100000 13.8
5.104150000 0.5
5.104950000 0.5
5.105000000 13.8
5.105001000 -40.0
5.105003000 65.0
5.105006000 20.0
5.105010000 5.0
5.105014000 14.5
5.105020000 13.5
5.105050000 13.8
5.106600000 13.8
5.106650000 0.5
5.107450000 0.5
5.107500000 13.8
5.107501000 -40.0
5.107503000 65.0
5.107506000 20.0
5.107510000 5.0
5.107514000 14.5
5.107520000 13.5
5.107550000 13.8
5.109100000 13.8
5.109150000 0.5
5.109950000 0.5
5.110000000 13.8
5.110001000 -40.0
5.110003000 65.0
5.110006000 20.0
5.110010000 5.0
5.110014000 14.5
5.110020000 13.5
5.110050000 13.8
5.111600000 13.8
5.111650000 0.5
5.112450000 0.5
5.112500000 13.8
5.112501000 -40.0
5.112503000 65.0
5.112506000 20.0
5.112510000 5.0
5.112514000 14.5
5.112520000 13.5
5.112550000 13.8
5.114100000 13.8
5.114150000 0.5
5.114950000 0.5
5.115000000 13.8
5.115001000 -40.0
5.115003000 65.0
5.115006000 20.0
5.115010000 5.0
5.115014000 14.5
5.115020000 13.5
5.115050000 13.8
5.116600000 13.8
5.116650000 0.5
5.117450000 0.5
5.117500000 13.8
5.117501000 -40.0
5.117503000 65.0
5.117506000 20.0
5.117510000 5.0
5.117514000 14.5
5.117520000 13.5
5.117550000 13.8
5.119100000 13.8
5.119150000 0.5
5.119950000 0.5
5.120000000 13.8
5.120001000 -40.0
5.120003000 65.0
5.120006000 20.0
5.120010000 5.0
5.120014000 14.5
5.120020000 13.5
5.120050000 13.8
5.121600000 13.8
5.121650000 0.5
5.122450000 0.5
5.122500000 13.8
5.122501000 -40.0
5.122503000 65.0
5.122506000 20.0
5.122510000 5.0
5.122514000 14.5
5.122520000 13.5
5.122550000 13.8
5.124100000 13.8
5.124150000 0.5
5.124950000 0.5
5.125000000 13.8
5.125001000 -40.0
5.125003000 65.0
5.125006000 20.0
5.125010000 5.0
5.125014000 14.5
5.125020000 13.5
5.125050000 13.8
5.126600000 13.8
5.126650000 0.5
5.127450000 0.5
5.127500000 13.8
5.127501000 -40.0
5.127503000 65.0
5.127506000 20.0
5.127510000 5.0
5.127514000 14.5
5.127520000 13.5
5.127550000 13.8
5.129100000 13.8
5.129150000 0.5
5.129950000 0.5
5.130000000 13.8
5.130001000 -40.0
5.130003000 65.0
5.130006000 20.0
5.130010000 5.0
5.130014000 14.5
5.130020000 13.5
5.130050000 13.8
5.131600000 13.8
5.131650000 0.5
5.132450000 0.5
5.132500000 13.8
5.132501000 -40.0
5.132503000 65.0
5.132506000 20.0
5.132510000 5.0
5.132514000 14.5
5.132520000 13.5
5.132550000 13.8
5.134100000 13.8
5.134150000 0.5
5.134950000 0.5
5.135000000 13.8
5.135001000 -40.0
5.135003000 65.0
5.135006000 20.0
5.135010000 5.0
5.135014000 14.5
5.135020000 13.5
5.135050000 13.8
5.136600000 13.8
5.136650000 0.5
5.137450000 0.5
5.137500000 13.8
5.137501000 -40.0
5.137503000 65.0
5.137506000 20.0
5.137510000 5.0
5.137514000 14.5
5.137520000 13.5
5.137550000 13.8
5.139100000 13.8
5.139150000 0.5
5.139950000 0.5
5.140000000 13.8
5.140001000 -40.0
5.140003000 65.0
5.140006000 20.0
5.140010000 5.0
5.140014000 14.5
5.140020000 13.5
5.140050000 13.8
5.141600000 13.8
5.141650000 0.5
5.142450000 0.5
5.142500000 13.8
5.142501000 -40.0
5.142503000 65.0
5.142506000 20.0
5.142510000 5.0
5.142514000 14.5
5.142520000 13.5
5.142550000 13.8
5.144100000 13.8
5.144150000 0.5
5.144950000 0.5
5.145000000 13.8
5.145001000 -40.0
5.145003000 65.0
5.145006000 20.0
5.145010000 5.0
5.145014000 14.5
5.145020000 13.5
5.145050000 13.8
5.146600000 13.8
5.146650000 0.5
5.147450000 0.5
5.147500000 13.8
5.147501000 -40.0
5.147503000 65.0
5.147506000 20.0
5.147510000 5.0
5.147514000 14.5
5.147520000 13.5
5.147550000 13.8
5.149100000 13.8
5.149150000 0.5
5.149950000 0.5
5.150000000 13.8
5.150001000 -40.0
5.150003000 65.0
5.150006000 20.0
5.150010000 5.0
5.150014000 14.5
5.150020000 13.5
5.150050000 13.8
5.151600000 13.8
5.151650000 0.5
5.152450000 0.5
5.152500000 13.8
5.152501000 -40.0
5.152503000 65.0
5.152506000 20.0
5.152510000 5.0
5.152514000 14.5
5.152520000 13.5
5.152550000 13.8
5.154100000 13.8
5.154150000 0.5
5.154950000 0.5
5.155000000 13.8
5.155001000 -40.0
5.155003000 65.0
5.155006000 20.0
5.155010000 5.0
5.155014000 14.5
5.155020000 13.5
5.155050000 13.8
5.156600000 13.8
5.156650000 0.5
5.157450000 0.5
5.157500000 13.8
5.157501000 -40.0
5.157503000 65.0
5.157506000 20.0
5.157510000 5.0
5.157514000 14.5
5.157520000 13.5
5.157550000 13.8
5.159100000 13.8
5.159150000 0.5
5.159950000 0.5
5.160000000 13.8
5.160001000 -40.0
5.160003000 65.0
5.160006000 20.0
5.160010000 5.0
5.160014000 14.5
5.160020000 13.5
5.160050000 13.8
5.161600000 13.8
5.161650000 0.5
5.162450000 0.5
5.162500000 13.8
5.162501000 -40.0
5.162503000 65.0
5.162506000 20.0
5.162510000 5.0
5.162514000 14.5
5.162520000 13.5
5.162550000 13.8
5.164100000 13.8
5.164150000 0.5
5.164950000 0.5
5.165000000 13.8
5.165001000 -40.0
5.165003000 65.0
5.165006000 20.0
5.165010000 5.0
5.165014000 14.5
5.165020000 13.5
5.165050000 13.8
5.166600000 13.8
5.166650000 0.5
5.167450000 0.5
5.167500000 13.8
5.167501000 -40.0
5.167503000 65.0
5.167506000 20.0
5.167510000 5.0
5.167514000 14.5
5.167520000 13.5
5.167550000 13.8
5.169100000 13.8
5.169150000 0.5
5.169950000 0.5
5.170000000 13.8
5.170001000 -40.0
5.170003000 65.0
5.170006000 20.0
5.170010000 5.0
5.170014000 14.5
5.170020000 13.5
5.170050000 13.8
5.171600000 13.8
5.171650000 0.5
5.172450000 0.5
5.172500000 13.8
5.172501000 -40.0
5.172503000 65.0
5.172506000 20.0
5.172510000 5.0
5.172514000 14.5
5.172520000 13.5
5.172550000 13.8
5.174100000 13.8
5.174150000 0.5
5.174950000 0.5
5.175000000 13.8
5.175001000 -40.0
5.175003000 65.0
5.175006000 20.0
5.175010000 5.0
5.175014000 14.5
5.175020000 13.5
5.175050000 13.8
5.176600000 13.8
5.176650000 0.5
5.177450000 0.5
5.177500000 13.8
5.177501000 -40.0
5.177503000 65.0
5.177506000 20.0
5.177510000 5.0
5.177514000 14.5
5.177520000 13.5
5.177550000 13.8
5.179100000 13.8
5.179150000 0.5
5.179950000 0.5
5.180000000 13.8
5.180001000 -40.0
5.180003000 65.0
5.180006000 20.0
5.180010000 5.0
5.180014000 14.5
5.180020000 13.5
5.180050000 13.8
5.181600000 13.8
5.181650000 0.5
5.182450000 0.5
5.182500000 13.8
5.182501000 -40.0
5.182503000 65.0
5.182506000 20.0
5.182510000 5.0
5.182514000 14.5
5.182520000 13.5
5.182550000 13.8
5.184100000 13.8
5.184150000 0.5
5.184950000 0.5
5.185000000 13.8
5.185001000 -40.0
5.185003000 65.0
5.185006000 20.0
5.185010000 5.0
5.185014000 14.5
5.185020000 13.5
5.185050000 13.8
5.186600000 13.8
5.186650000 0.5
5.187450000 0.5
5.187500000 13.8
5.187501000 -40.0
5.187503000 65.0
5.187506000 20.0
5.187510000 5.0
5.187514000 14.5
5.187520000 13.5
5.187550000 13.8
5.189100000 13.8
5.189150000 0.5
5.189950000 0.5
5.190000000 13.8
5.190001000 -40.0
5.190003000 65.0
5.190006000 20.0
5.190010000 5.0
5.190014000 14.5
5.190020000 13.5
5.190050000 13.8
5.191600000 13.8
5.191650000 0.5
5.192450000 0.5
5.192500000 13.8
5.192501000 -40.0
5.192503000 65.0
5.192506000 20.0
5.192510000 5.0
5.192514000 14.5
5.192520000 13.5
5.192550000 13.8
5.194100000 13.8
5.194150000 0.5
5.194950000 0.5
5.195000000 13.8
5.195001000 -40.0
5.195003000 65.0
5.195006000 20.0
5.195010000 5.0
5.195014000 14.5
5.195020000 13.5
5.195050000 13.8
5.196600000 13.8
5.196650000 0.5
5.197450000 0.5
5.197500000 13.8
5.197501000 -40.0
5.197503000 65.0
5.197506000 20.0
5.197510000 5.0
5.197514000 14.5
5.197520000 13.5
5.197550000 13.8
5.199100000 13.8
5.199150000 0.5
5.199950000 0.5
5.200000000 13.8
5.200001000 -40.0
5.200003000 65.0
5.200006000 20.0
5.200010000 5.0
5.200014000 14.5
5.200020000 13.5
5.200050000 13.8
5.201600000 13.8
5.201650000 0.5
5.202450000 0.5
5.202500000 13.8
5.202501000 -40.0
5.202503000 65.0
5.202506000 20.0
5.202510000 5.0
5.202514000 14.5
5.202520000 13.5
5.202550000 13.8
5.204100000 13.8
5.204150000 0.5
5.204950000 0.5
5.205000000 13.8
5.205001000 -40.0
5.205003000 65.0
5.205006000 20.0
5.205010000 5.0
5.205014000 14.5
5.205020000 13.5
5.205050000 13.8
5.206600000 13.8
5.206650000 0.5
5.207450000 0.5
5.207500000 13.8
5.207501000 -40.0
5.207503000 65.0
5.207506000 20.0
5.207510000 5.0
5.207514000 14.5
5.207520000 13.5
5.207550000 13.8
5.209100000 13.8
5.209150000 0.5
5.209950000 0.5
5.210000000 13.8
5.210001000 -40.0
5.210003000 65.0
5.210006000 20.0
5.210010000 5.0
5.210014000 14.5
5.210020000 13.5
5.210050000 13.8
5.211600000 13.8
5.211650000 0.5
5.212450000 0.5
5.212500000 13.8
5.212501000 -40.0
5.212503000 65.0
5.212506000 20.0
5.212510000 5.0
5.212514000 14.5
5.212520000 13.5
5.212550000 13.8
5.214100000 13.8
5.214150000 0.5
5.214950000 0.5
5.215000000 13.8
5.215001000 -40.0
5.215003000 65.0
5.215006000 20.0
5.215010000 5.0
5.215014000 14.5
5.215020000 13.5
5.215050000 13.8
5.216600000 13.8
5.216650000 0.5
5.217450000 0.5
5.217500000 13.8
5.217501000 -40.0
5.217503000 65.0
5.217506000 20.0
5.217510000 5.0
5.217514000 14.5
5.217520000 13.5
5.217550000 13.8
5.219100000 13.8
5.219150000 0.5
5.219950000 0.5
5.220000000 13.8
5.220001000 -40.0
5.220003000 65.0
5.220006000 20.0
5.220010000 5.0
5.220014000 14.5
5.220020000 13.5
5.220050000 13.8
5.221600000 13.8
5.221650000 0.5
5.222450000 0.5
5.222500000 13.8
5.222501000 -40.0
5.222503000 65.0
5.222506000 20.0
5.222510000 5.0
5.222514000 14.5
5.222520000 13.5
5.222550000 13.8
5.224100000 13.8
5.224150000 0.5
5.224950000 0.5
5.225000000 13.8
5.225001000 -40.0
5.225003000 65.0
5.225006000 20.0
5.225010000 5.0
5.225014000 14.5
5.225020000 13.5
5.225050000 13.8
5.226600000 13.8
5.226650000 0.5
5.227450000 0.5
5.227500000 13.8
5.227501000 -40.0
5.227503000 65.0
5.227506000 20.0
5.227510000 5.0
5.227514000 14.5
5.227520000 13.5
5.227550000 13.8
5.229100000 13.8
5.229150000 0.5
5.229950000 0.5
5.230000000 13.8
5.230001000 -40.0
5.230003000 65.0
5.230006000 20.0
5.230010000 5.0
5.230014000 14.5
5.230020000 13.5
5.230050000 13.8
5.231600000 13.8
5.231650000 0.5
5.232450000 0.5
5.232500000 13.8
5.232501000 -40.0
5.232503000 65.0
5.232506000 20.0
5.232510000 5.0
5.232514000 14.5
5.232520000 13.5
5.232550000 13.8
5.234100000 13.8
5.234150000 0.5
5.234950000 0.5
5.235000000 13.8
5.235001000 -40.0
5.235003000 65.0
5.235006000 20.0
5.235010000 5.0
5.235014000 14.5
5.235020000 13.5
5.235050000 13.8
5.236600000 13.8
5.236650000 0.5
5.237450000 0.5
5.237500000 13.8
5.237501000 -40.0
5.237503000 65.0
5.237506000 20.0
5.237510000 5.0
5.237514000 14.5
5.237520000 13.5
5.237550000 13.8
5.239100000 13.8
5.239150000 0.5
5.239950000 0.5
5.240000000 13.8
5.240001000 -40.0
5.240003000 65.0
5.240006000 20.0
5.240010000 5.0
5.240014000 14.5
5.240020000 13.5
5.240050000 13.8
5.241600000 13.8
5.241650000 0.5
5.242450000 0.5
5.242500000 13.8
5.242501000 -40.0
5.242503000 65.0
5.242506000 20.0
5.242510000 5.0
5.242514000 14.5
5.242520000 13.5
5.242550000 13.8
5.244100000 13.8
5.244150000 0.5
5.244950000 0.5
5.245000000 13.8
5.245001000 -40.0
5.245003000 65.0
5.245006000 20.0
5.245010000 5.0
5.245014000 14.5
5.245020000 13.5
5.245050000 13.8
5.246600000 13.8
5.246650000 0.5
5.247450000 0.5
5.247500000 13.8
5.247501000 -40.0
5.247503000 65.0
5.247506000 20.0
5.247510000 5.0
5.247514000 14.5
5.247520000 13.5
5.247550000 13.8
5.249100000 13.8
5.249150000 0.5
5.249950000 0.5
5.250000000 13.8
5.250001000 -40.0
5.250003000 65.0
5.250006000 20.0
5.250010000 5.0
5.250014000 14.5
5.250020000 13.5
5.250050000 13.8
5.251600000 13.8
5.251650000 0.5
5.252450000 0.5
5.252500000 13.8
5.252501000 -40.0
5.252503000 65.0
5.252506000 20.0
5.252510000 5.0
5.252514000 14.5
5.252520000 13.5
5.252550000 13.8
5.254100000 13.8
5.254150000 0.5
5.254950000 0.5
5.255000000 13.8
5.255001000 -40.0
5.255003000 65.0
5.255006000 20.0
5.255010000 5.0
5.255014000 14.5
5.255020000 13.5
5.255050000 13.8
5.256600000 13.8
5.256650000 0.5
5.257450000 0.5
5.257500000 13.8
5.257501000 -40.0
5.257503000 65.0
5.257506000 20.0
5.257510000 5.0
5.257514000 14.5
5.257520000 13.5
5.257550000 13.8
5.259100000 13.8
5.259150000 0.5
5.259950000 0.5
5.260000000 13.8
5.260001000 -40.0
5.260003000 65.0
5.260006000 20.0
5.260010000 5.0
5.260014000 14.5
5.260020000 13.5
5.260050000 13.8
5.261600000 13.8
5.261650000 0.5
5.262450000 0.5
5.262500000 13.8
5.262501000 -40.0
5.262503000 65.0
5.262506000 20.0
5.262510000 5.0
5.262514000 14.5
5.262520000 13.5
5.262550000 13.8
5.264100000 13.8
5.264150000 0.5
5.264950000 0.5
5.265000000 13.8
5.265001000 -40.0
5.265003000 65.0
5.265006000 20.0
5.265010000 5.0
5.265014000 14.5
5.265020000 13.5
5.265050000 13.8
5.266600000 13.8
5.266650000 0.5
5.267450000 0.5
5.267500000 13.8
5.267501000 -40.0
5.267503000 65.0
5.267506000 20.0
5.267510000 5.0
5.267514000 14.5
5.267520000 13.5
5.267550000 13.8
5.269100000 13.8
5.269150000 0.5
5.269950000 0.5
5.270000000 13.8
5.270001000 -40.0
5.270003000 65.0
5.270006000 20.0
5.270010000 5.0
5.270014000 14.5
5.270020000 13.5
5.270050000 13.8
5.271600000 13.8
5.271650000 0.5
5.272450000 0.5
5.272500000 13.8
5.272501000 -40.0
5.272503000 65.0
5.272506000 20.0
5.272510000 5.0
5.272514000 14.5
5.272520000 13.5
5.272550000 13.8
5.274100000 13.8
5.274150000 0.5
5.274950000 0.5
5.275000000 13.8
5.275001000 -40.0
5.275003000 65.0
5.275006000 20.0
5.275010000 5.0
5.275014000 14.5
5.275020000 13.5
5.275050000 13.8
5.276600000 13.8
5.276650000 0.5
5.277450000 0.5
5.277500000 13.8
5.277501000 -40.0
5.277503000 65.0
5.277506000 20.0
5.277510000 5.0
5.277514000 14.5
5.277520000 13.5
5.277550000 13.8
5.279100000 13.8
5.279150000 0.5
5.279950000 0.5
5.280000000 13.8
5.280001000 -40.0
5.280003000 65.0
5.280006000 20.0
5.280010000 5.0
5.280014000 14.5
5.280020000 13.5
5.280050000 13.8
5.281600000 13.8
5.281650000 0.5
5.282450000 0.5
5.282500000 13.8
5.282501000 -40.0
5.282503000 65.0
5.282506000 20.0
5.282510000 5.0
5.282514000 14.5
5.282520000 13.5
5.282550000 13.8
5.284100000 13.8
5.284150000 0.5
5.284950000 0.5
5.285000000 13.8
5.285001000 -40.0
5.285003000 65.0
5.285006000 20.0
5.285010000 5.0
5.285014000 14.5
5.285020000 13.5
5.285050000 13.8
5.286600000 13.8
5.286650000 0.5
5.287450000 0.5
5.287500000 13.8
5.287501000 -40.0
5.287503000 65.0
5.287506000 20.0
5.287510000 5.0
5.287514000 14.5
5.287520000 13.5
5.287550000 13.8
5.289100000 13.8
5.289150000 0.5
5.289950000 0.5
5.290000000 13.8
5.290001000 -40.0
5.290003000 65.0
5.290006000 20.0
5.290010000 5.0
5.290014000 14.5
5.290020000 13.5
5.290050000 13.8
5.291600000 13.8
5.291650000 0.5
5.292450000 0.5
5.292500000 13.8
5.292501000 -40.0
5.292503000 65.0
5.292506000 20.0
5.292510000 5.0
5.292514000 14.5
5.292520000 13.5
5.292550000 13.8
5.294100000 13.8
5.294150000 0.5
5.294950000 0.5
5.295000000 13.8
5.295001000 -40.0
5.295003000 65.0
5.295006000 20.0
5.295010000 5.0
5.295014000 14.5
5.295020000 13.5
5.295050000 13.8
5.296600000 13.8
5.296650000 0.5
5.297450000 0.5
5.297500000 13.8
5.297501000 -40.0
5.297503000 65.0
5.297506000 20.0
5.297510000 5.0
5.297514000 14.5
5.297520000 13.5
5.297550000 13.8
5.299100000 13.8
5.299150000 0.5
5.299950000 0.5
5.300000000 13.8
5.300001000 -40.0
5.300003000 65.0
5.300006000 20.0
5.300010000 5.0
5.300014000 14.5
5.300020000 13.5
5.300050000 13.8
5.301600000 13.8
5.301650000 0.5
5.302450000 0.5
5.302500000 13.8
5.302501000 -40.0
5.302503000 65.0
5.302506000 20.0
5.302510000 5.0
5.302514000 14.5
5.302520000 13.5
5.302550000 13.8
5.304100000 13.8
5.304150000 0.5
5.304950000 0.5
5.305000000 13.8
5.305001000 -40.0
5.305003000 65.0
5.305006000 20.0
5.305010000 5.0
5.305014000 14.5
5.305020000 13.5
5.305050000 13.8
5.306600000 13.8
5.306650000 0.5
5.307450000 0.5
5.307500000 13.8
5.307501000 -40.0
5.307503000 65.0
5.307506000 20.0
5.307510000 5.0
5.307514000 14.5
5.307520000 13.5
5.307550000 13.8
5.309100000 13.8
5.309150000 0.5
5.309950000 0.5
5.310000000 13.8
5.310001000 -40.0
5.310003000 65.0
5.310006000 20.0
5.310010000 5.0
5.310014000 14.5
5.310020000 13.5
5.310050000 13.8
5.311600000 13.8
5.311650000 0.5
5.312450000 0.5
5.312500000 13.8
5.312501000 -40.0
5.312503000 65.0
5.312506000 20.0
5.312510000 5.0
5.312514000 14.5
5.312520000 13.5
5.312550000 13.8
5.314100000 13.8
5.314150000 0.5
5.314950000 0.5
5.315000000 13.8
5.315001000 -40.0
5.315003000 65.0
5.315006000 20.0
5.315010000 5.0
5.315014000 14.5
5.315020000 13.5
5.315050000 13.8
5.316600000 13.8
5.316650000 0.5
5.317450000 0.5
5.317500000 13.8
5.317501000 -40.0
5.317503000 65.0
5.317506000 20.0
5.317510000 5.0
5.317514000 14.5
5.317520000 13.5
5.317550000 13.8
5.319100000 13.8
5.319150000 0.5
5.319950000 0.5
5.320000000 13.8
5.320001000 -40.0
5.320003000 65.0
5.320006000 20.0
5.320010000 5.0
5.320014000 14.5
5.320020000 13.5
5.320050000 13.8
5.321600000 13.8
5.321650000 0.5
5.322450000 0.5
5.322500000 13.8
5.322501000 -40.0
5.322503000 65.0
5.322506000 20.0
5.322510000 5.0
5.322514000 14.5
5.322520000 13.5
5.322550000 13.8
5.324100000 13.8
5.324150000 0.5
5.324950000 0.5
5.325000000 13.8
5.325001000 -40.0
5.325003000 65.0
5.325006000 20.0
5.325010000 5.0
5.325014000 14.5
5.325020000 13.5
5.325050000 13.8
5.326600000 13.8
5.326650000 0.5
5.327450000 0.5
5.327500000 13.8
5.327501000 -40.0
5.327503000 65.0
5.327506000 20.0
5.327510000 5.0
5.327514000 14.5
5.327520000 13.5
5.327550000 13.8
5.329100000 13.8
5.329150000 0.5
5.329950000 0.5
5.330000000 13.8
5.330001000 -40.0
5.330003000 65.0
5.330006000 20.0
5.330010000 5.0
5.330014000 14.5
5.330020000 13.5
5.330050000 13.8
5.331600000 13.8
5.331650000 0.5
5.332450000 0.5
5.332500000 13.8
5.332501000 -40.0
5.332503000 65.0
5.332506000 20.0
5.332510000 5.0
5.332514000 14.5
5.332520000 13.5
5.332550000 13.8
5.334100000 13.8
5.334150000 0.5
5.334950000 0.5
5.335000000 13.8
5.335001000 -40.0
5.335003000 65.0
5.335006000 20.0
5.335010000 5.0
5.335014000 14.5
5.335020000 13.5
5.335050000 13.8
5.336600000 13.8
5.336650000 0.5
5.337450000 0.5
5.337500000 13.8
5.337501000 -40.0
5.337503000 65.0
5.337506000 20.0
5.337510000 5.0
5.337514000 14.5
5.337520000 13.5
5.337550000 13.8
5.339100000 13.8
5.339150000 0.5
5.339950000 0.5
5.340000000 13.8
5.340001000 -40.0
5.340003000 65.0
5.340006000 20.0
5.340010000 5.0
5.340014000 14.5
5.340020000 13.5
5.340050000 13.8
5.341600000 13.8
5.341650000 0.5
5.342450000 0.5
5.342500000 13.8
5.342501000 -40.0
5.342503000 65.0
5.342506000 20.0
5.342510000 5.0
5.342514000 14.5
5.342520000 13.5
5.342550000 13.8
5.344100000 13.8
5.344150000 0.5
5.344950000 0.5
5.345000000 13.8
5.345001000 -40.0
5.345003000 65.0
5.345006000 20.0
5.345010000 5.0
5.345014000 14.5
5.345020000 13.5
5.345050000 13.8
5.346600000 13.8
5.346650000 0.5
5.347450000 0.5
5.347500000 13.8
5.347501000 -40.0
5.347503000 65.0
5.347506000 20.0
5.347510000 5.0
5.347514000 14.5
5.347520000 13.5
5.347550000 13.8
5.349100000 13.8
5.349150000 0.5
5.349950000 0.5
5.350000000 13.8
5.350001000 -40.0
5.350003000 65.0
5.350006000 20.0
5.350010000 5.0
5.350014000 14.5
5.350020000 13.5
5.350050000 13.8
5.351600000 13.8
5.351650000 0.5
5.352450000 0.5
5.352500000 13.8
5.352501000 -40.0
5.352503000 65.0
5.352506000 20.0
5.352510000 5.0
5.352514000 14.5
5.352520000 13.5
5.352550000 13.8
5.354100000 13.8
5.354150000 0.5
5.354950000 0.5
5.355000000 13.8
5.355001000 -40.0
5.355003000 65.0
5.355006000 20.0
5.355010000 5.0
5.355014000 14.5
5.355020000 13.5
5.355050000 13.8
5.356600000 13.8
5.356650000 0.5
5.357450000 0.5
5.357500000 13.8
5.357501000 -40.0
5.357503000 65.0
5.357506000 20.0
5.357510000 5.0
5.357514000 14.5
5.357520000 13.5
5.357550000 13.8
5.359100000 13.8
5.359150000 0.5
5.359950000 0.5
5.360000000 13.8
5.360001000 -40.0
5.360003000 65.0
5.360006000 20.0
5.360010000 5.0
5.360014000 14.5
5.360020000 13.5
5.360050000 13.8
5.361600000 13.8
5.361650000 0.5
5.362450000 0.5
5.362500000 13.8
5.362501000 -40.0
5.362503000 65.0
5.362506000 20.0
5.362510000 5.0
5.362514000 14.5
5.362520000 13.5
5.362550000 13.8
5.364100000 13.8
5.364150000 0.5
5.364950000 0.5
5.365000000 13.8
5.365001000 -40.0
5.365003000 65.0
5.365006000 20.0
5.365010000 5.0
5.365014000 14.5
5.365020000 13.5
5.365050000 13.8
5.366600000 13.8
5.366650000 0.5
5.367450000 0.5
5.367500000 13.8
5.367501000 -40.0
5.367503000 65.0
5.367506000 20.0
5.367510000 5.0
5.367514000 14.5
5.367520000 13.5
5.367550000 13.8
5.369100000 13.8
5.369150000 0.5
5.369950000 0.5
5.370000000 13.8
5.370001000 -40.0
5.370003000 65.0
5.370006000 20.0
5.370010000 5.0
5.370014000 14.5
5.370020000 13.5
5.370050000 13.8
5.371600000 13.8
5.371650000 0.5
5.372450000 0.5
5.372500000 13.8
5.372501000 -40.0
5.372503000 65.0
5.372506000 20.0
5.372510000 5.0
5.372514000 14.5
5.372520000 13.5
5.372550000 13.8
5.374100000 13.8
5.374150000 0.5
5.374950000 0.5
5.375000000 13.8
5.375001000 -40.0
5.375003000 65.0
5.375006000 20.0
5.375010000 5.0
5.375014000 14.5
5.375020000 13.5
5.375050000 13.8
5.376600000 13.8
5.376650000 0.5
5.377450000 0.5
5.377500000 13.8
5.377501000 -40.0
5.377503000 65.0
5.377506000 20.0
5.377510000 5.0
5.377514000 14.5
5.377520000 13.5
5.377550000 13.8
5.379100000 13.8
5.379150000 0.5
5.379950000 0.5
5.380000000 13.8
5.380001000 -40.0
5.380003000 65.0
5.380006000 20.0
5.380010000 5.0
5.380014000 14.5
5.380020000 13.5
5.380050000 13.8
5.381600000 13.8
5.381650000 0.5
5.382450000 0.5
5.382500000 13.8
5.382501000 -40.0
5.382503000 65.0
5.382506000 20.0
5.382510000 5.0
5.382514000 14.5
5.382520000 13.5
5.382550000 13.8
5.384100000 13.8
5.384150000 0.5
5.384950000 0.5
5.385000000 13.8
5.385001000 -40.0
5.385003000 65.0
5.385006000 20.0
5.385010000 5.0
5.385014000 14.5
5.385020000 13.5
5.385050000 13.8
5.386600000 13.8
5.386650000 0.5
5.387450000 0.5
5.387500000 13.8
5.387501000 -40.0
5.387503000 65.0
5.387506000 20.0
5.387510000 5.0
5.387514000 14.5
5.387520000 13.5
5.387550000 13.8
5.389100000 13.8
5.389150000 0.5
5.389950000 0.5
5.390000000 13.8
5.390001000 -40.0
5.390003000 65.0
5.390006000 20.0
5.390010000 5.0
5.390014000 14.5
5.390020000 13.5
5.390050000 13.8
5.391600000 13.8
5.391650000 0.5
5.392450000 0.5
5.392500000 13.8
5.392501000 -40.0
5.392503000 65.0
5.392506000 20.0
5.392510000 5.0
5.392514000 14.5
5.392520000 13.5
5.392550000 13.8
5.394100000 13.8
5.394150000 0.5
5.394950000 0.5
5.395000000 13.8
5.395001000 -40.0
5.395003000 65.0
5.395006000 20.0
5.395010000 5.0
5.395014000 14.5
5.395020000 13.5
5.395050000 13.8
5.396600000 13.8
5.396650000 0.5
5.397450000 0.5
5.397500000 13.8
5.397501000 -40.0
5.397503000 65.0
5.397506000 20.0
5.397510000 5.0
5.397514000 14.5
5.397520000 13.5
5.397550000 13.8
5.399100000 13.8
5.399150000 0.5
5.399950000 0.5
5.400000000 13.8
5.400001000 -40.0
5.400003000 65.0
5.400006000 20.0
5.400010000 5.0
5.400014000 14.5
5.400020000 13.5
5.400050000 13.8
5.401600000 13.8
5.401650000 0.5
5.402450000 0.5
5.402500000 13.8
5.402501000 -40.0
5.402503000 65.0
5.402506000 20.0
5.402510000 5.0
5.402514000 14.5
5.402520000 13.5
5.402550000 13.8
5.404100000 13.8
5.404150000 0.5
5.404950000 0.5
5.405000000 13.8
5.405001000 -40.0
5.405003000 65.0
5.405006000 20.0
5.405010000 5.0
5.405014000 14.5
5.405020000 13.5
5.405050000 13.8
5.406600000 13.8
5.406650000 0.5
5.407450000 0.5
5.407500000 13.8
5.407501000 -40.0
5.407503000 65.0
5.407506000 20.0
5.407510000 5.0
5.407514000 14.5
5.407520000 13.5
5.407550000 13.8
5.409100000 13.8
5.409150000 0.5
5.409950000 0.5
5.410000000 13.8
5.410001000 -40.0
5.410003000 65.0
5.410006000 20.0
5.410010000 5.0
5.410014000 14.5
5.410020000 13.5
5.410050000 13.8
5.411600000 13.8
5.411650000 0.5
5.412450000 0.5
5.412500000 13.8
5.412501000 -40.0
5.412503000 65.0
5.412506000 20.0
5.412510000 5.0
5.412514000 14.5
5.412520000 13.5
5.412550000 13.8
5.414100000 13.8
5.414150000 0.5
5.414950000 0.5
5.415000000 13.8
5.415001000 -40.0
5.415003000 65.0
5.415006000 20.0
5.415010000 5.0
5.415014000 14.5
5.415020000 13.5
5.415050000 13.8
5.416600000 13.8
5.416650000 0.5
5.417450000 0.5
5.417500000 13.8
5.417501000 -40.0
5.417503000 65.0
5.417506000 20.0
5.417510000 5.0
5.417514000 14.5
5.417520000 13.5
5.417550000 13.8
5.419100000 13.8
5.419150000 0.5
5.419950000 0.5
5.420000000 13.8
5.420001000 -40.0
5.420003000 65.0
5.420006000 20.0
5.420010000 5.0
5.420014000 14.5
5.420020000 13.5
5.420050000 13.8
5.421600000 13.8
5.421650000 0.5
5.422450000 0.5
5.422500000 13.8
5.422501000 -40.0
5.422503000 65.0
5.422506000 20.0
5.422510000 5.0
5.422514000 14.5
5.422520000 13.5
5.422550000 13.8
5.424100000 13.8
5.424150000 0.5
5.424950000 0.5
5.425000000 13.8
5.425001000 -40.0
5.425003000 65.0
5.425006000 20.0
5.425010000 5.0
5.425014000 14.5
5.425020000 13.5
5.425050000 13.8
5.426600000 13.8
5.426650000 0.5
5.427450000 0.5
5.427500000 13.8
5.427501000 -40.0
5.427503000 65.0
5.427506000 20.0
5.427510000 5.0
5.427514000 14.5
5.427520000 13.5
5.427550000 13.8
5.429100000 13.8
5.429150000 0.5
5.429950000 0.5
5.430000000 13.8
5.430001000 -40.0
5.430003000 65.0
5.430006000 20.0
5.430010000 5.0
5.430014000 14.5
5.430020000 13.5
5.430050000 13.8
5.431600000 13.8
5.431650000 0.5
5.432450000 0.5
5.432500000 13.8
5.432501000 -40.0
5.432503000 65.0
5.432506000 20.0
5.432510000 5.0
5.432514000 14.5
5.432520000 13.5
5.432550000 13.8
5.434100000 13.8
5.434150000 0.5
5.434950000 0.5
5.435000000 13.8
5.435001000 -40.0
5.435003000 65.0
5.435006000 20.0
5.435010000 5.0
5.435014000 14.5
5.435020000 13.5
5.435050000 13.8
5.436600000 13.8
5.436650000 0.5
5.437450000 0.5
5.437500000 13.8
5.437501000 -40.0
5.437503000 65.0
5.437506000 20.0
5.437510000 5.0
5.437514000 14.5
5.437520000 13.5
5.437550000 13.8
5.439100000 13.8
5.439150000 0.5
5.439950000 0.5
5.440000000 13.8
5.440001000 -40.0
5.440003000 65.0
5.440006000 20.0
5.440010000 5.0
5.440014000 14.5
5.440020000 13.5
5.440050000 13.8
5.441600000 13.8
5.441650000 0.5
5.442450000 0.5
5.442500000 13.8
5.442501000 -40.0
5.442503000 65.0
5.442506000 20.0
5.442510000 5.0
5.442514000 14.5
5.442520000 13.5
5.442550000 13.8
5.444100000 13.8
5.444150000 0.5
5.444950000 0.5
5.445000000 13.8
5.445001000 -40.0
5.445003000 65.0
5.445006000 20.0
5.445010000 5.0
5.445014000 14.5
5.445020000 13.5
5.445050000 13.8
5.446600000 13.8
5.446650000 0.5
5.447450000 0.5
5.447500000 13.8
5.447501000 -40.0
5.447503000 65.0
5.447506000 20.0
5.447510000 5.0
5.447514000 14.5
5.447520000 13.5
5.447550000 13.8
5.449100000 13.8
5.449150000 0.5
5.449950000 0.5
5.450000000 13.8
5.450001000 -40.0
5.450003000 65.0
5.450006000 20.0
5.450010000 5.0
5.450014000 14.5
5.450020000 13.5
5.450050000 13.8
5.451600000 13.8
5.451650000 0.5
5.452450000 0.5
5.452500000 13.8
5.452501000 -40.0
5.452503000 65.0
5.452506000 20.0
5.452510000 5.0
5.452514000 14.5
5.452520000 13.5
5.452550000 13.8
5.454100000 13.8
5.454150000 0.5
5.454950000 0.5
5.455000000 13.8
5.455001000 -40.0
5.455003000 65.0
5.455006000 20.0
5.455010000 5.0
5.455014000 14.5
5.455020000 13.5
5.455050000 13.8
5.456600000 13.8
5.456650000 0.5
5.457450000 0.5
5.457500000 13.8
5.457501000 -40.0
5.457503000 65.0
5.457506000 20.0
5.457510000 5.0
5.457514000 14.5
5.457520000 13.5
5.457550000 13.8
5.459100000 13.8
5.459150000 0.5
5.459950000 0.5
5.460000000 13.8
5.460001000 -40.0
5.460003000 65.0
5.460006000 20.0
5.460010000 5.0
5.460014000 14.5
5.460020000 13.5
5.460050000 13.8
5.461600000 13.8
5.461650000 0.5
5.462450000 0.5
5.462500000 13.8
5.462501000 -40.0
5.462503000 65.0
5.462506000 20.0
5.462510000 5.0
5.462514000 14.5
5.462520000 13.5
5.462550000 13.8
5.464100000 13.8
5.464150000 0.5
5.464950000 0.5
5.465000000 13.8
5.465001000 -40.0
5.465003000 65.0
5.465006000 20.0
5.465010000 5.0
5.465014000 14.5
5.465020000 13.5
5.465050000 13.8
5.466600000 13.8
5.466650000 0.5
5.467450000 0.5
5.467500000 13.8
5.467501000 -40.0
5.467503000 65.0
5.467506000 20.0
5.467510000 5.0
5.467514000 14.5
5.467520000 13.5
5.467550000 13.8
5.469100000 13.8
5.469150000 0.5
5.469950000 0.5
5.470000000 13.8
5.470001000 -40.0
5.470003000 65.0
5.470006000 20.0
5.470010000 5.0
5.470014000 14.5
5.470020000 13.5
5.470050000 13.8
5.471600000 13.8
5.471650000 0.5
5.472450000 0.5
5.472500000 13.8
5.472501000 -40.0
5.472503000 65.0
5.472506000 20.0
5.472510000 5.0
5.472514000 14.5
5.472520000 13.5
5.472550000 13.8
5.474100000 13.8
5.474150000 0.5
5.474950000 0.5
5.475000000 13.8
5.475001000 -40.0
5.475003000 65.0
5.475006000 20.0
5.475010000 5.0
5.475014000 14.5
5.475020000 13.5
5.475050000 13.8
5.476600000 13.8
5.476650000 0.5
5.477450000 0.5
5.477500000 13.8
5.477501000 -40.0
5.477503000 65.0
5.477506000 20.0
5.477510000 5.0
5.477514000 14.5
5.477520000 13.5
5.477550000 13.8
5.479100000 13.8
5.479150000 0.5
5.479950000 0.5
5.480000000 13.8
5.480001000 -40.0
5.480003000 65.0
5.480006000 20.0
5.480010000 5.0
5.480014000 14.5
5.480020000 13.5
5.480050000 13.8
5.481600000 13.8
5.481650000 0.5
5.482450000 0.5
5.482500000 13.8
5.482501000 -40.0
5.482503000 65.0
5.482506000 20.0
5.482510000 5.0
5.482514000 14.5
5.482520000 13.5
5.482550000 13.8
5.484100000 13.8
5.484150000 0.5
5.484950000 0.5
5.485000000 13.8
5.485001000 -40.0
5.485003000 65.0
5.485006000 20.0
5.485010000 5.0
5.485014000 14.5
5.485020000 13.5
5.485050000 13.8
5.486600000 13.8
5.486650000 0.5
5.487450000 0.5
5.487500000 13.8
5.487501000 -40.0
5.487503000 65.0
5.487506000 20.0
5.487510000 5.0
5.487514000 14.5
5.487520000 13.5
5.487550000 13.8
5.489100000 13.8
5.489150000 0.5
5.489950000 0.5
5.490000000 13.8
5.490001000 -40.0
5.490003000 65.0
5.490006000 20.0
5.490010000 5.0
5.490014000 14.5
5.490020000 13.5
5.490050000 13.8
5.491600000 13.8
5.491650000 0.5
5.492450000 0.5
5.492500000 13.8
5.492501000 -40.0
5.492503000 65.0
5.492506000 20.0
5.492510000 5.0
5.492514000 14.5
5.492520000 13.5
5.492550000 13.8
5.494100000 13.8
5.494150000 0.5
5.494950000 0.5
5.495000000 13.8
5.495001000 -40.0
5.495003000 65.0
5.495006000 20.0
5.495010000 5.0
5.495014000 14.5
5.495020000 13.5
5.495050000 13.8
5.496600000 13.8
5.496650000 0.5
5.497450000 0.5
5.497500000 13.8
5.497501000 -40.0
5.497503000 65.0
5.497506000 20.0
5.497510000 5.0
5.497514000 14.5
5.497520000 13.5
5.497550000 13.8
5.499100000 13.8
5.499150000 0.5
5.499950000 0.5
5.500000000 13.8
5.500001000 -40.0
5.500003000 65.0
5.500006000 20.0
5.500010000 5.0
5.500014000 14.5
5.500020000 13.5
5.500050000 13.8
5.501600000 13.8
5.501650000 0.5
5.502450000 0.5
5.502500000 13.8
5.502501000 -40.0
5.502503000 65.0
5.502506000 20.0
5.502510000 5.0
5.502514000 14.5
5.502520000 13.5
5.502550000 13.8
5.504100000 13.8
5.504150000 0.5
5.504950000 0.5
5.505000000 13.8
5.505001000 -40.0
5.505003000 65.0
5.505006000 20.0
5.505010000 5.0
5.505014000 14.5
5.505020000 13.5
5.505050000 13.8
5.506600000 13.8
5.506650000 0.5
5.507450000 0.5
5.507500000 13.8
5.507501000 -40.0
5.507503000 65.0
5.507506000 20.0
5.507510000 5.0
5.507514000 14.5
5.507520000 13.5
5.507550000 13.8
5.509100000 13.8
5.509150000 0.5
5.509950000 0.5
5.510000000 13.8
5.510001000 -40.0
5.510003000 65.0
5.510006000 20.0
5.510010000 5.0
5.510014000 14.5
5.510020000 13.5
5.510050000 13.8
5.511600000 13.8
5.511650000 0.5
5.512450000 0.5
5.512500000 13.8
5.512501000 -40.0
5.512503000 65.0
5.512506000 20.0
5.512510000 5.0
5.512514000 14.5
5.512520000 13.5
5.512550000 13.8
5.514100000 13.8
5.514150000 0.5
5.514950000 0.5
5.515000000 13.8
5.515001000 -40.0
5.515003000 65.0
5.515006000 20.0
5.515010000 5.0
5.515014000 14.5
5.515020000 13.5
5.515050000 13.8
5.516600000 13.8
5.516650000 0.5
5.517450000 0.5
5.517500000 13.8
5.517501000 -40.0
5.517503000 65.0
5.517506000 20.0
5.517510000 5.0
5.517514000 14.5
5.517520000 13.5
5.517550000 13.8
5.519100000 13.8
5.519150000 0.5
5.519950000 0.5
5.520000000 13.8
5.520001000 -40.0
5.520003000 65.0
5.520006000 20.0
5.520010000 5.0
5.520014000 14.5
5.520020000 13.5
5.520050000 13.8
5.521600000 13.8
5.521650000 0.5
5.522450000 0.5
5.522500000 13.8
5.522501000 -40.0
5.522503000 65.0
5.522506000 20.0
5.522510000 5.0
5.522514000 14.5
5.522520000 13.5
5.522550000 13.8
5.524100000 13.8
5.524150000 0.5
5.524950000 0.5
5.525000000 13.8
5.525001000 -40.0
5.525003000 65.0
5.525006000 20.0
5.525010000 5.0
5.525014000 14.5
5.525020000 13.5
5.525050000 13.8
5.526600000 13.8
5.526650000 0.5
5.527450000 0.5
5.527500000 13.8
5.527501000 -40.0
5.527503000 65.0
5.527506000 20.0
5.527510000 5.0
5.527514000 14.5
5.527520000 13.5
5.527550000 13.8
5.529100000 13.8
5.529150000 0.5
5.529950000 0.5
5.530000000 13.8
5.530001000 -40.0
5.530003000 65.0
5.530006000 20.0
5.530010000 5.0
5.530014000 14.5
5.530020000 13.5
5.530050000 13.8
5.531600000 13.8
5.531650000 0.5
5.532450000 0.5
5.532500000 13.8
5.532501000 -40.0
5.532503000 65.0
5.532506000 20.0
5.532510000 5.0
5.532514000 14.5
5.532520000 13.5
5.532550000 13.8
5.534100000 13.8
5.534150000 0.5
5.534950000 0.5
5.535000000 13.8
5.535001000 -40.0
5.535003000 65.0
5.535006000 20.0
5.535010000 5.0
5.535014000 14.5
5.535020000 13.5
5.535050000 13.8
5.536600000 13.8
5.536650000 0.5
5.537450000 0.5
5.537500000 13.8
5.537501000 -40.0
5.537503000 65.0
5.537506000 20.0
5.537510000 5.0
5.537514000 14.5
5.537520000 13.5
5.537550000 13.8
5.539100000 13.8
5.539150000 0.5
5.539950000 0.5
5.540000000 13.8
5.540001000 -40.0
5.540003000 65.0
5.540006000 20.0
5.540010000 5.0
5.540014000 14.5
5.540020000 13.5
5.540050000 13.8
5.541600000 13.8
5.541650000 0.5
5.542450000 0.5
5.542500000 13.8
5.542501000 -40.0
5.542503000 65.0
5.542506000 20.0
5.542510000 5.0
5.542514000 14.5
5.542520000 13.5
5.542550000 13.8
5.544100000 13.8
5.544150000 0.5
5.544950000 0.5
5.545000000 13.8
5.545001000 -40.0
5.545003000 65.0
5.545006000 20.0
5.545010000 5.0
5.545014000 14.5
5.545020000 13.5
5.545050000 13.8
5.546600000 13.8
5.546650000 0.5
5.547450000 0.5
5.547500000 13.8
5.547501000 -40.0
5.547503000 65.0
5.547506000 20.0
5.547510000 5.0
5.547514000 14.5
5.547520000 13.5
5.547550000 13.8
5.549100000 13.8
5.549150000 0.5
5.549950000 0.5
5.550000000 13.8
5.550001000 -40.0
5.550003000 65.0
5.550006000 20.0
5.550010000 5.0
5.550014000 14.5
5.550020000 13.5
5.550050000 13.8
5.551600000 13.8
5.551650000 0.5
5.552450000 0.5
5.552500000 13.8
5.552501000 -40.0
5.552503000 65.0
5.552506000 20.0
5.552510000 5.0
5.552514000 14.5
5.552520000 13.5
5.552550000 13.8
5.554100000 13.8
5.554150000 0.5
5.554950000 0.5
5.555000000 13.8
5.555001000 -40.0
5.555003000 65.0
5.555006000 20.0
5.555010000 5.0
5.555014000 14.5
5.555020000 13.5
5.555050000 13.8
5.556600000 13.8
5.556650000 0.5
5.557450000 0.5
5.557500000 13.8
5.557501000 -40.0
5.557503000 65.0
5.557506000 20.0
5.557510000 5.0
5.557514000 14.5
5.557520000 13.5
5.557550000 13.8
5.559100000 13.8
5.559150000 0.5
5.559950000 0.5
5.560000000 13.8
5.560001000 -40.0
5.560003000 65.0
5.560006000 20.0
5.560010000 5.0
5.560014000 14.5
5.560020000 13.5
5.560050000 13.8
5.561600000 13.8
5.561650000 0.5
5.562450000 0.5
5.562500000 13.8
5.562501000 -40.0
5.562503000 65.0
5.562506000 20.0
5.562510000 5.0
5.562514000 14.5
5.562520000 13.5
5.562550000 13.8
5.564100000 13.8
5.564150000 0.5
5.564950000 0.5
5.565000000 13.8
5.565001000 -40.0
5.565003000 65.0
5.565006000 20.0
5.565010000 5.0
5.565014000 14.5
5.565020000 13.5
5.565050000 13.8
5.566600000 13.8
5.566650000 0.5
5.567450000 0.5
5.567500000 13.8
5.567501000 -40.0
5.567503000 65.0
5.567506000 20.0
5.567510000 5.0
5.567514000 14.5
5.567520000 13.5
5.567550000 13.8
5.569100000 13.8
5.569150000 0.5
5.569950000 0.5
5.570000000 13.8
5.570001000 -40.0
5.570003000 65.0
5.570006000 20.0
5.570010000 5.0
5.570014000 14.5
5.570020000 13.5
5.570050000 13.8
5.571600000 13.8
5.571650000 0.5
5.572450000 0.5
5.572500000 13.8
5.572501000 -40.0
5.572503000 65.0
5.572506000 20.0
5.572510000 5.0
5.572514000 14.5
5.572520000 13.5
5.572550000 13.8
5.574100000 13.8
5.574150000 0.5
5.574950000 0.5
5.575000000 13.8
5.575001000 -40.0
5.575003000 65.0
5.575006000 20.0
5.575010000 5.0
5.575014000 14.5
5.575020000 13.5
5.575050000 13.8
5.576600000 13.8
5.576650000 0.5
5.577450000 0.5
5.577500000 13.8
5.577501000 -40.0
5.577503000 65.0
5.577506000 20.0
5.577510000 5.0
5.577514000 14.5
5.577520000 13.5
5.577550000 13.8
5.579100000 13.8
5.579150000 0.5
5.579950000 0.5
5.580000000 13.8
5.580001000 -40.0
5.580003000 65.0
5.580006000 20.0
5.580010000 5.0
5.580014000 14.5
5.580020000 13.5
5.580050000 13.8
5.581600000 13.8
5.581650000 0.5
5.582450000 0.5
5.582500000 13.8
5.582501000 -40.0
5.582503000 65.0
5.582506000 20.0
5.582510000 5.0
5.582514000 14.5
5.582520000 13.5
5.582550000 13.8
5.584100000 13.8
5.584150000 0.5
5.584950000 0.5
5.585000000 13.8
5.585001000 -40.0
5.585003000 65.0
5.585006000 20.0
5.585010000 5.0
5.585014000 14.5
5.585020000 13.5
5.585050000 13.8
5.586600000 13.8
5.586650000 0.5
5.587450000 0.5
5.587500000 13.8
5.587501000 -40.0
5.587503000 65.0
5.587506000 20.0
5.587510000 5.0
5.587514000 14.5
5.587520000 13.5
5.587550000 13.8
5.589100000 13.8
5.589150000 0.5
5.589950000 0.5
5.590000000 13.8
5.590001000 -40.0
5.590003000 65.0
5.590006000 20.0
5.590010000 5.0
5.590014000 14.5
5.590020000 13.5
5.590050000 13.8
5.591600000 13.8
5.591650000 0.5
5.592450000 0.5
5.592500000 13.8
5.592501000 -40.0
5.592503000 65.0
5.592506000 20.0
5.592510000 5.0
5.592514000 14.5
5.592520000 13.5
5.592550000 13.8
5.594100000 13.8
5.594150000 0.5
5.594950000 0.5
5.595000000 13.8
5.595001000 -40.0
5.595003000 65.0
5.595006000 20.0
5.595010000 5.0
5.595014000 14.5
5.595020000 13.5
5.595050000 13.8
5.596600000 13.8
5.596650000 0.5
5.597450000 0.5
5.597500000 13.8
5.597501000 -40.0
5.597503000 65.0
5.597506000 20.0
5.597510000 5.0
5.597514000 14.5
5.597520000 13.5
5.597550000 13.8
5.599100000 13.8
5.599150000 0.5
5.599950000 0.5
5.600000000 13.8
5.600001000 -40.0
5.600003000 65.0
5.600006000 20.0
5.600010000 5.0
5.600014000 14.5
5.600020000 13.5
5.600050000 13.8
5.601600000 13.8
5.601650000 0.5
5.602450000 0.5
5.602500000 13.8
5.602501000 -40.0
5.602503000 65.0
5.602506000 20.0
5.602510000 5.0
5.602514000 14.5
5.602520000 13.5
5.602550000 13.8
5.604100000 13.8
5.604150000 0.5
5.604950000 0.5
5.605000000 13.8
5.605001000 -40.0
5.605003000 65.0
5.605006000 20.0
5.605010000 5.0
5.605014000 14.5
5.605020000 13.5
5.605050000 13.8
5.606600000 13.8
5.606650000 0.5
5.607450000 0.5
5.607500000 13.8
5.607501000 -40.0
5.607503000 65.0
5.607506000 20.0
5.607510000 5.0
5.607514000 14.5
5.607520000 13.5
5.607550000 13.8
5.609100000 13.8
5.609150000 0.5
5.609950000 0.5
5.610000000 13.8
5.610001000 -40.0
5.610003000 65.0
5.610006000 20.0
5.610010000 5.0
5.610014000 14.5
5.610020000 13.5
5.610050000 13.8
5.611600000 13.8
5.611650000 0.5
5.612450000 0.5
5.612500000 13.8
5.612501000 -40.0
5.612503000 65.0
5.612506000 20.0
5.612510000 5.0
5.612514000 14.5
5.612520000 13.5
5.612550000 13.8
5.614100000 13.8
5.614150000 0.5
5.614950000 0.5
5.615000000 13.8
5.615001000 -40.0
5.615003000 65.0
5.615006000 20.0
5.615010000 5.0
5.615014000 14.5
5.615020000 13.5
5.615050000 13.8
5.616600000 13.8
5.616650000 0.5
5.617450000 0.5
5.617500000 13.8
5.617501000 -40.0
5.617503000 65.0
5.617506000 20.0
5.617510000 5.0
5.617514000 14.5
5.617520000 13.5
5.617550000 13.8
5.619100000 13.8
5.619150000 0.5
5.619950000 0.5
5.620000000 13.8
5.620001000 -40.0
5.620003000 65.0
5.620006000 20.0
5.620010000 5.0
5.620014000 14.5
5.620020000 13.5
5.620050000 13.8
5.621600000 13.8
5.621650000 0.5
5.622450000 0.5
5.622500000 13.8
5.622501000 -40.0
5.622503000 65.0
5.622506000 20.0
5.622510000 5.0
5.622514000 14.5
5.622520000 13.5
5.622550000 13.8
5.624100000 13.8
5.624150000 0.5
5.624950000 0.5
5.625000000 13.8
5.625001000 -40.0
5.625003000 65.0
5.625006000 20.0
5.625010000 5.0
5.625014000 14.5
5.625020000 13.5
5.625050000 13.8
5.626600000 13.8
5.626650000 0.5
5.627450000 0.5
5.627500000 13.8
5.627501000 -40.0
5.627503000 65.0
5.627506000 20.0
5.627510000 5.0
5.627514000 14.5
5.627520000 13.5
5.627550000 13.8
5.629100000 13.8
5.629150000 0.5
5.629950000 0.5
5.630000000 13.8
5.630001000 -40.0
5.630003000 65.0
5.630006000 20.0
5.630010000 5.0
5.630014000 14.5
5.630020000 13.5
5.630050000 13.8
5.631600000 13.8
5.631650000 0.5
5.632450000 0.5
5.632500000 13.8
5.632501000 -40.0
5.632503000 65.0
5.632506000 20.0
5.632510000 5.0
5.632514000 14.5
5.632520000 13.5
5.632550000 13.8
5.634100000 13.8
5.634150000 0.5
5.634950000 0.5
5.635000000 13.8
5.635001000 -40.0
5.635003000 65.0
5.635006000 20.0
5.635010000 5.0
5.635014000 14.5
5.635020000 13.5
5.635050000 13.8
5.636600000 13.8
5.636650000 0.5
5.637450000 0.5
5.637500000 13.8
5.637501000 -40.0
5.637503000 65.0
5.637506000 20.0
5.637510000 5.0
5.637514000 14.5
5.637520000 13.5
5.637550000 13.8
5.639100000 13.8
5.639150000 0.5
5.639950000 0.5
5.640000000 13.8
5.640001000 -40.0
5.640003000 65.0
5.640006000 20.0
5.640010000 5.0
5.640014000 14.5
5.640020000 13.5
5.640050000 13.8
5.641600000 13.8
5.641650000 0.5
5.642450000 0.5
5.642500000 13.8
5.642501000 -40.0
5.642503000 65.0
5.642506000 20.0
5.642510000 5.0
5.642514000 14.5
5.642520000 13.5
5.642550000 13.8
5.644100000 13.8
5.644150000 0.5
5.644950000 0.5
5.645000000 13.8
5.645001000 -40.0
5.645003000 65.0
5.645006000 20.0
5.645010000 5.0
5.645014000 14.5
5.645020000 13.5
5.645050000 13.8
5.646600000 13.8
5.646650000 0.5
5.647450000 0.5
5.647500000 13.8
5.647501000 -40.0
5.647503000 65.0
5.647506000 20.0
5.647510000 5.0
5.647514000 14.5
5.647520000 13.5
5.647550000 13.8
5.649100000 13.8
5.649150000 0.5
5.649950000 0.5
5.650000000 13.8
5.650001000 -40.0
5.650003000 65.0
5.650006000 20.0
5.650010000 5.0
5.650014000 14.5
5.650020000 13.5
5.650050000 13.8
5.651600000 13.8
5.651650000 0.5
5.652450000 0.5
5.652500000 13.8
5.652501000 -40.0
5.652503000 65.0
5.652506000 20.0
5.652510000 5.0
5.652514000 14.5
5.652520000 13.5
5.652550000 13.8
5.654100000 13.8
5.654150000 0.5
5.654950000 0.5
5.655000000 13.8
5.655001000 -40.0
5.655003000 65.0
5.655006000 20.0
5.655010000 5.0
5.655014000 14.5
5.655020000 13.5
5.655050000 13.8
5.656600000 13.8
5.656650000 0.5
5.657450000 0.5
5.657500000 13.8
5.657501000 -40.0
5.657503000 65.0
5.657506000 20.0
5.657510000 5.0
5.657514000 14.5
5.657520000 13.5
5.657550000 13.8
5.659100000 13.8
5.659150000 0.5
5.659950000 0.5
5.660000000 13.8
5.660001000 -40.0
5.660003000 65.0
5.660006000 20.0
5.660010000 5.0
5.660014000 14.5
5.660020000 13.5
5.660050000 13.8
5.661600000 13.8
5.661650000 0.5
5.662450000 0.5
5.662500000 13.8
5.662501000 -40.0
5.662503000 65.0
5.662506000 20.0
5.662510000 5.0
5.662514000 14.5
5.662520000 13.5
5.662550000 13.8
5.664100000 13.8
5.664150000 0.5
5.664950000 0.5
5.665000000 13.8
5.665001000 -40.0
5.665003000 65.0
5.665006000 20.0
5.665010000 5.0
5.665014000 14.5
5.665020000 13.5
5.665050000 13.8
5.666600000 13.8
5.666650000 0.5
5.667450000 0.5
5.667500000 13.8
5.667501000 -40.0
5.667503000 65.0
5.667506000 20.0
5.667510000 5.0
5.667514000 14.5
5.667520000 13.5
5.667550000 13.8
5.669100000 13.8
5.669150000 0.5
5.669950000 0.5
5.670000000 13.8
5.670001000 -40.0
5.670003000 65.0
5.670006000 20.0
5.670010000 5.0
5.670014000 14.5
5.670020000 13.5
5.670050000 13.8
5.671600000 13.8
5.671650000 0.5
5.672450000 0.5
5.672500000 13.8
5.672501000 -40.0
5.672503000 65.0
5.672506000 20.0
5.672510000 5.0
5.672514000 14.5
5.672520000 13.5
5.672550000 13.8
5.674100000 13.8
5.674150000 0.5
5.674950000 0.5
5.675000000 13.8
5.675001000 -40.0
5.675003000 65.0
5.675006000 20.0
5.675010000 5.0
5.675014000 14.5
5.675020000 13.5
5.675050000 13.8
5.676600000 13.8
5.676650000 0.5
5.677450000 0.5
5.677500000 13.8
5.677501000 -40.0
5.677503000 65.0
5.677506000 20.0
5.677510000 5.0
5.677514000 14.5
5.677520000 13.5
5.677550000 13.8
5.679100000 13.8
5.679150000 0.5
5.679950000 0.5
5.680000000 13.8
5.680001000 -40.0
5.680003000 65.0
5.680006000 20.0
5.680010000 5.0
5.680014000 14.5
5.680020000 13.5
5.680050000 13.8
5.681600000 13.8
5.681650000 0.5
5.682450000 0.5
5.682500000 13.8
5.682501000 -40.0
5.682503000 65.0
5.682506000 20.0
5.682510000 5.0
5.682514000 14.5
5.682520000 13.5
5.682550000 13.8
5.684100000 13.8
5.684150000 0.5
5.684950000 0.5
5.685000000 13.8
5.685001000 -40.0
5.685003000 65.0
5.685006000 20.0
5.685010000 5.0
5.685014000 14.5
5.685020000 13.5
5.685050000 13.8
5.686600000 13.8
5.686650000 0.5
5.687450000 0.5
5.687500000 13.8
5.687501000 -40.0
5.687503000 65.0
5.687506000 20.0
5.687510000 5.0
5.687514000 14.5
5.687520000 13.5
5.687550000 13.8
5.689100000 13.8
5.689150000 0.5
5.689950000 0.5
5.690000000 13.8
5.690001000 -40.0
5.690003000 65.0
5.690006000 20.0
5.690010000 5.0
5.690014000 14.5
5.690020000 13.5
5.690050000 13.8
5.691600000 13.8
5.691650000 0.5
5.692450000 0.5
5.692500000 13.8
5.692501000 -40.0
5.692503000 65.0
5.692506000 20.0
5.692510000 5.0
5.692514000 14.5
5.692520000 13.5
5.692550000 13.8
5.694100000 13.8
5.694150000 0.5
5.694950000 0.5
5.695000000 13.8
5.695001000 -40.0
5.695003000 65.0
5.695006000 20.0
5.695010000 5.0
5.695014000 14.5
5.695020000 13.5
5.695050000 13.8
5.696600000 13.8
5.696650000 0.5
5.697450000 0.5
5.697500000 13.8
5.697501000 -40.0
5.697503000 65.0
5.697506000 20.0
5.697510000 5.0
5.697514000 14.5
5.697520000 13.5
5.697550000 13.8
5.699100000 13.8
5.699150000 0.5
5.699950000 0.5
5.700000000 13.8
5.700001000 -40.0
5.700003000 65.0
5.700006000 20.0
5.700010000 5.0
5.700014000 14.5
5.700020000 13.5
5.700050000 13.8
5.701600000 13.8
5.701650000 0.5
5.702450000 0.5
5.702500000 13.8
5.702501000 -40.0
5.702503000 65.0
5.702506000 20.0
5.702510000 5.0
5.702514000 14.5
5.702520000 13.5
5.702550000 13.8
5.704100000 13.8
5.704150000 0.5
5.704950000 0.5
5.705000000 13.8
5.705001000 -40.0
5.705003000 65.0
5.705006000 20.0
5.705010000 5.0
5.705014000 14.5
5.705020000 13.5
5.705050000 13.8
5.706600000 13.8
5.706650000 0.5
5.707450000 0.5
5.707500000 13.8
5.707501000 -40.0
5.707503000 65.0
5.707506000 20.0
5.707510000 5.0
5.707514000 14.5
5.707520000 13.5
5.707550000 13.8
5.709100000 13.8
5.709150000 0.5
5.709950000 0.5
5.710000000 13.8
5.710001000 -40.0
5.710003000 65.0
5.710006000 20.0
5.710010000 5.0
5.710014000 14.5
5.710020000 13.5
5.710050000 13.8
5.711600000 13.8
5.711650000 0.5
5.712450000 0.5
5.712500000 13.8
5.712501000 -40.0
5.712503000 65.0
5.712506000 20.0
5.712510000 5.0
5.712514000 14.5
5.712520000 13.5
5.712550000 13.8
5.714100000 13.8
5.714150000 0.5
5.714950000 0.5
5.715000000 13.8
5.715001000 -40.0
5.715003000 65.0
5.715006000 20.0
5.715010000 5.0
5.715014000 14.5
5.715020000 13.5
5.715050000 13.8
5.716600000 13.8
5.716650000 0.5
5.717450000 0.5
5.717500000 13.8
5.717501000 -40.0
5.717503000 65.0
5.717506000 20.0
5.717510000 5.0
5.717514000 14.5
5.717520000 13.5
5.717550000 13.8
5.719100000 13.8
5.719150000 0.5
5.719950000 0.5
5.720000000 13.8
5.720001000 -40.0
5.720003000 65.0
5.720006000 20.0
5.720010000 5.0
5.720014000 14.5
5.720020000 13.5
5.720050000 13.8
5.721600000 13.8
5.721650000 0.5
5.722450000 0.5
5.722500000 13.8
5.722501000 -40.0
5.722503000 65.0
5.722506000 20.0
5.722510000 5.0
5.722514000 14.5
5.722520000 13.5
5.722550000 13.8
5.724100000 13.8
5.724150000 0.5
5.724950000 0.5
5.725000000 13.8
5.725001000 -40.0
5.725003000 65.0
5.725006000 20.0
5.725010000 5.0
5.725014000 14.5
5.725020000 13.5
5.725050000 13.8
5.726600000 13.8
5.726650000 0.5
5.727450000 0.5
5.727500000 13.8
5.727501000 -40.0
5.727503000 65.0
5.727506000 20.0
5.727510000 5.0
5.727514000 14.5
5.727520000 13.5
5.727550000 13.8
5.729100000 13.8
5.729150000 0.5
5.729950000 0.5
5.730000000 13.8
5.730001000 -40.0
5.730003000 65.0
5.730006000 20.0
5.730010000 5.0
5.730014000 14.5
5.730020000 13.5
5.730050000 13.8
5.731600000 13.8
5.731650000 0.5
5.732450000 0.5
5.732500000 13.8
5.732501000 -40.0
5.732503000 65.0
5.732506000 20.0
5.732510000 5.0
5.732514000 14.5
5.732520000 13.5
5.732550000 13.8
5.734100000 13.8
5.734150000 0.5
5.734950000 0.5
5.735000000 13.8
5.735001000 -40.0
5.735003000 65.0
5.735006000 20.0
5.735010000 5.0
5.735014000 14.5
5.735020000 13.5
5.735050000 13.8
5.736600000 13.8
5.736650000 0.5
5.737450000 0.5
5.737500000 13.8
5.737501000 -40.0
5.737503000 65.0
5.737506000 20.0
5.737510000 5.0
5.737514000 14.5
5.737520000 13.5
5.737550000 13.8
5.739100000 13.8
5.739150000 0.5
5.739950000 0.5
5.740000000 13.8
5.740001000 -40.0
5.740003000 65.0
5.740006000 20.0
5.740010000 5.0
5.740014000 14.5
5.740020000 13.5
5.740050000 13.8
5.741600000 13.8
5.741650000 0.5
5.742450000 0.5
5.742500000 13.8
5.742501000 -40.0
5.742503000 65.0
5.742506000 20.0
5.742510000 5.0
5.742514000 14.5
5.742520000 13.5
5.742550000 13.8
5.744100000 13.8
5.744150000 0.5
5.744950000 0.5
5.745000000 13.8
5.745001000 -40.0
5.745003000 65.0
5.745006000 20.0
5.745010000 5.0
5.745014000 14.5
5.745020000 13.5
5.745050000 13.8
5.746600000 13.8
5.746650000 0.5
5.747450000 0.5
5.747500000 13.8
5.747501000 -40.0
5.747503000 65.0
5.747506000 20.0
5.747510000 5.0
5.747514000 14.5
5.747520000 13.5
5.747550000 13.8
5.749100000 13.8
5.749150000 0.5
5.749950000 0.5
5.750000000 13.8
5.750001000 -40.0
5.750003000 65.0
5.750006000 20.0
5.750010000 5.0
5.750014000 14.5
5.750020000 13.5
5.750050000 13.8
5.751600000 13.8
5.751650000 0.5
5.752450000 0.5
5.752500000 13.8
5.752501000 -40.0
5.752503000 65.0
5.752506000 20.0
5.752510000 5.0
5.752514000 14.5
5.752520000 13.5
5.752550000 13.8
5.754100000 13.8
5.754150000 0.5
5.754950000 0.5
5.755000000 13.8
5.755001000 -40.0
5.755003000 65.0
5.755006000 20.0
5.755010000 5.0
5.755014000 14.5
5.755020000 13.5
5.755050000 13.8
5.756600000 13.8
5.756650000 0.5
5.757450000 0.5
5.757500000 13.8
5.757501000 -40.0
5.757503000 65.0
5.757506000 20.0
5.757510000 5.0
5.757514000 14.5
5.757520000 13.5
5.757550000 13.8
5.759100000 13.8
5.759150000 0.5
5.759950000 0.5
5.760000000 13.8
5.760001000 -40.0
5.760003000 65.0
5.760006000 20.0
5.760010000 5.0
5.760014000 14.5
5.760020000 13.5
5.760050000 13.8
5.761600000 13.8
5.761650000 0.5
5.762450000 0.5
5.762500000 13.8
5.762501000 -40.0
5.762503000 65.0
5.762506000 20.0
5.762510000 5.0
5.762514000 14.5
5.762520000 13.5
5.762550000 13.8
5.764100000 13.8
5.764150000 0.5
5.764950000 0.5
5.765000000 13.8
5.765001000 -40.0
5.765003000 65.0
5.765006000 20.0
5.765010000 5.0
5.765014000 14.5
5.765020000 13.5
5.765050000 13.8
5.766600000 13.8
5.766650000 0.5
5.767450000 0.5
5.767500000 13.8
5.767501000 -40.0
5.767503000 65.0
5.767506000 20.0
5.767510000 5.0
5.767514000 14.5
5.767520000 13.5
5.767550000 13.8
5.769100000 13.8
5.769150000 0.5
5.769950000 0.5
5.770000000 13.8
5.770001000 -40.0
5.770003000 65.0
5.770006000 20.0
5.770010000 5.0
5.770014000 14.5
5.770020000 13.5
5.770050000 13.8
5.771600000 13.8
5.771650000 0.5
5.772450000 0.5
5.772500000 13.8
5.772501000 -40.0
5.772503000 65.0
5.772506000 20.0
5.772510000 5.0
5.772514000 14.5
5.772520000 13.5
5.772550000 13.8
5.774100000 13.8
5.774150000 0.5
5.774950000 0.5
5.775000000 13.8
5.775001000 -40.0
5.775003000 65.0
5.775006000 20.0
5.775010000 5.0
5.775014000 14.5
5.775020000 13.5
5.775050000 13.8
5.776600000 13.8
5.776650000 0.5
5.777450000 0.5
5.777500000 13.8
5.777501000 -40.0
5.777503000 65.0
5.777506000 20.0
5.777510000 5.0
5.777514000 14.5
5.777520000 13.5
5.777550000 13.8
5.779100000 13.8
5.779150000 0.5
5.779950000 0.5
5.780000000 13.8
5.780001000 -40.0
5.780003000 65.0
5.780006000 20.0
5.780010000 5.0
5.780014000 14.5
5.780020000 13.5
5.780050000 13.8
5.781600000 13.8
5.781650000 0.5
5.782450000 0.5
5.782500000 13.8
5.782501000 -40.0
5.782503000 65.0
5.782506000 20.0
5.782510000 5.0
5.782514000 14.5
5.782520000 13.5
5.782550000 13.8
5.784100000 13.8
5.784150000 0.5
5.784950000 0.5
5.785000000 13.8
5.785001000 -40.0
5.785003000 65.0
5.785006000 20.0
5.785010000 5.0
5.785014000 14.5
5.785020000 13.5
5.785050000 13.8
5.786600000 13.8
5.786650000 0.5
5.787450000 0.5
5.787500000 13.8
5.787501000 -40.0
5.787503000 65.0
5.787506000 20.0
5.787510000 5.0
5.787514000 14.5
5.787520000 13.5
5.787550000 13.8
5.789100000 13.8
5.789150000 0.5
5.789950000 0.5
5.790000000 13.8
5.790001000 -40.0
5.790003000 65.0
5.790006000 20.0
5.790010000 5.0
5.790014000 14.5
5.790020000 13.5
5.790050000 13.8
5.791600000 13.8
5.791650000 0.5
5.792450000 0.5
5.792500000 13.8
5.792501000 -40.0
5.792503000 65.0
5.792506000 20.0
5.792510000 5.0
5.792514000 14.5
5.792520000 13.5
5.792550000 13.8
5.794100000 13.8
5.794150000 0.5
5.794950000 0.5
5.795000000 13.8
5.795001000 -40.0
5.795003000 65.0
5.795006000 20.0
5.795010000 5.0
5.795014000 14.5
5.795020000 13.5
5.795050000 13.8
5.796600000 13.8
5.796650000 0.5
5.797450000 0.5
5.797500000 13.8
5.797501000 -40.0
5.797503000 65.0
5.797506000 20.0
5.797510000 5.0
5.797514000 14.5
5.797520000 13.5
5.797550000 13.8
5.799100000 13.8
5.799150000 0.5
5.799950000 0.5
5.800000000 13.8
5.800001000 -40.0
5.800003000 65.0
5.800006000 20.0
5.800010000 5.0
5.800014000 14.5
5.800020000 13.5
5.800050000 13.8
5.801600000 13.8
5.801650000 0.5
5.802450000 0.5
5.802500000 13.8
5.802501000 -40.0
5.802503000 65.0
5.802506000 20.0
5.802510000 5.0
5.802514000 14.5
5.802520000 13.5
5.802550000 13.8
5.804100000 13.8
5.804150000 0.5
5.804950000 0.5
5.805000000 13.8
5.805001000 -40.0
5.805003000 65.0
5.805006000 20.0
5.805010000 5.0
5.805014000 14.5
5.805020000 13.5
5.805050000 13.8
5.806600000 13.8
5.806650000 0.5
5.807450000 0.5
5.807500000 13.8
5.807501000 -40.0
5.807503000 65.0
5.807506000 20.0
5.807510000 5.0
5.807514000 14.5
5.807520000 13.5
5.807550000 13.8
5.809100000 13.8
5.809150000 0.5
5.809950000 0.5
5.810000000 13.8
5.810001000 -40.0
5.810003000 65.0
5.810006000 20.0
5.810010000 5.0
5.810014000 14.5
5.810020000 13.5
5.810050000 13.8
5.811600000 13.8
5.811650000 0.5
5.812450000 0.5
5.812500000 13.8
5.812501000 -40.0
5.812503000 65.0
5.812506000 20.0
5.812510000 5.0
5.812514000 14.5
5.812520000 13.5
5.812550000 13.8
5.814100000 13.8
5.814150000 0.5
5.814950000 0.5
5.815000000 13.8
5.815001000 -40.0
5.815003000 65.0
5.815006000 20.0
5.815010000 5.0
5.815014000 14.5
5.815020000 13.5
5.815050000 13.8
5.816600000 13.8
5.816650000 0.5
5.817450000 0.5
5.817500000 13.8
5.817501000 -40.0
5.817503000 65.0
5.817506000 20.0
5.817510000 5.0
5.817514000 14.5
5.817520000 13.5
5.817550000 13.8
5.819100000 13.8
5.819150000 0.5
5.819950000 0.5
5.820000000 13.8
5.820001000 -40.0
5.820003000 65.0
5.820006000 20.0
5.820010000 5.0
5.820014000 14.5
5.820020000 13.5
5.820050000 13.8
5.821600000 13.8
5.821650000 0.5
5.822450000 0.5
5.822500000 13.8
5.822501000 -40.0
5.822503000 65.0
5.822506000 20.0
5.822510000 5.0
5.822514000 14.5
5.822520000 13.5
5.822550000 13.8
5.824100000 13.8
5.824150000 0.5
5.824950000 0.5
5.825000000 13.8
5.825001000 -40.0
5.825003000 65.0
5.825006000 20.0
5.825010000 5.0
5.825014000 14.5
5.825020000 13.5
5.825050000 13.8
5.826600000 13.8
5.826650000 0.5
5.827450000 0.5
5.827500000 13.8
5.827501000 -40.0
5.827503000 65.0
5.827506000 20.0
5.827510000 5.0
5.827514000 14.5
5.827520000 13.5
5.827550000 13.8
5.829100000 13.8
5.829150000 0.5
5.829950000 0.5
5.830000000 13.8
5.830001000 -40.0
5.830003000 65.0
5.830006000 20.0
5.830010000 5.0
5.830014000 14.5
5.830020000 13.5
5.830050000 13.8
5.831600000 13.8
5.831650000 0.5
5.832450000 0.5
5.832500000 13.8
5.832501000 -40.0
5.832503000 65.0
5.832506000 20.0
5.832510000 5.0
5.832514000 14.5
5.832520000 13.5
5.832550000 13.8
5.834100000 13.8
5.834150000 0.5
5.834950000 0.5
5.835000000 13.8
5.835001000 -40.0
5.835003000 65.0
5.835006000 20.0
5.835010000 5.0
5.835014000 14.5
5.835020000 13.5
5.835050000 13.8
5.836600000 13.8
5.836650000 0.5
5.837450000 0.5
5.837500000 13.8
5.837501000 -40.0
5.837503000 65.0
5.837506000 20.0
5.837510000 5.0
5.837514000 14.5
5.837520000 13.5
5.837550000 13.8
5.839100000 13.8
5.839150000 0.5
5.839950000 0.5
5.840000000 13.8
5.840001000 -40.0
5.840003000 65.0
5.840006000 20.0
5.840010000 5.0
5.840014000 14.5
5.840020000 13.5
5.840050000 13.8
5.841600000 13.8
5.841650000 0.5
5.842450000 0.5
5.842500000 13.8
5.842501000 -40.0
5.842503000 65.0
5.842506000 20.0
5.842510000 5.0
5.842514000 14.5
5.842520000 13.5
5.842550000 13.8
5.844100000 13.8
5.844150000 0.5
5.844950000 0.5
5.845000000 13.8
5.845001000 -40.0
5.845003000 65.0
5.845006000 20.0
5.845010000 5.0
5.845014000 14.5
5.845020000 13.5
5.845050000 13.8
5.846600000 13.8
5.846650000 0.5
5.847450000 0.5
5.847500000 13.8
5.847501000 -40.0
5.847503000 65.0
5.847506000 20.0
5.847510000 5.0
5.847514000 14.5
5.847520000 13.5
5.847550000 13.8
5.849100000 13.8
5.849150000 0.5
5.849950000 0.5
5.850000000 13.8
5.850001000 -40.0
5.850003000 65.0
5.850006000 20.0
5.850010000 5.0
5.850014000 14.5
5.850020000 13.5
5.850050000 13.8
5.851600000 13.8
5.851650000 0.5
5.852450000 0.5
5.852500000 13.8
5.852501000 -40.0
5.852503000 65.0
5.852506000 20.0
5.852510000 5.0
5.852514000 14.5
5.852520000 13.5
5.852550000 13.8
5.854100000 13.8
5.854150000 0.5
5.854950000 0.5
5.855000000 13.8
5.855001000 -40.0
5.855003000 65.0
5.855006000 20.0
5.855010000 5.0
5.855014000 14.5
5.855020000 13.5
5.855050000 13.8
5.856600000 13.8
5.856650000 0.5
5.857450000 0.5
5.857500000 13.8
5.857501000 -40.0
5.857503000 65.0
5.857506000 20.0
5.857510000 5.0
5.857514000 14.5
5.857520000 13.5
5.857550000 13.8
5.859100000 13.8
5.859150000 0.5
5.859950000 0.5
5.860000000 13.8
5.860001000 -40.0
5.860003000 65.0
5.860006000 20.0
5.860010000 5.0
5.860014000 14.5
5.860020000 13.5
5.860050000 13.8
5.861600000 13.8
5.861650000 0.5
5.862450000 0.5
5.862500000 13.8
5.862501000 -40.0
5.862503000 65.0
5.862506000 20.0
5.862510000 5.0
5.862514000 14.5
5.862520000 13.5
5.862550000 13.8
5.864100000 13.8
5.864150000 0.5
5.864950000 0.5
5.865000000 13.8
5.865001000 -40.0
5.865003000 65.0
5.865006000 20.0
5.865010000 5.0
5.865014000 14.5
5.865020000 13.5
5.865050000 13.8
5.866600000 13.8
5.866650000 0.5
5.867450000 0.5
5.867500000 13.8
5.867501000 -40.0
5.867503000 65.0
5.867506000 20.0
5.867510000 5.0
5.867514000 14.5
5.867520000 13.5
5.867550000 13.8
5.869100000 13.8
5.869150000 0.5
5.869950000 0.5
5.870000000 13.8
5.870001000 -40.0
5.870003000 65.0
5.870006000 20.0
5.870010000 5.0
5.870014000 14.5
5.870020000 13.5
5.870050000 13.8
5.871600000 13.8
5.871650000 0.5
5.872450000 0.5
5.872500000 13.8
5.872501000 -40.0
5.872503000 65.0
5.872506000 20.0
5.872510000 5.0
5.872514000 14.5
5.872520000 13.5
5.872550000 13.8
5.874100000 13.8
5.874150000 0.5
5.874950000 0.5
5.875000000 13.8
5.875001000 -40.0
5.875003000 65.0
5.875006000 20.0
5.875010000 5.0
5.875014000 14.5
5.875020000 13.5
5.875050000 13.8
5.876600000 13.8
5.876650000 0.5
5.877450000 0.5
5.877500000 13.8
5.877501000 -40.0
5.877503000 65.0
5.877506000 20.0
5.877510000 5.0
5.877514000 14.5
5.877520000 13.5
5.877550000 13.8
5.879100000 13.8
5.879150000 0.5
5.879950000 0.5
5.880000000 13.8
5.880001000 -40.0
5.880003000 65.0
5.880006000 20.0
5.880010000 5.0
5.880014000 14.5
5.880020000 13.5
5.880050000 13.8
5.881600000 13.8
5.881650000 0.5
5.882450000 0.5
5.882500000 13.8
5.882501000 -40.0
5.882503000 65.0
5.882506000 20.0
5.882510000 5.0
5.882514000 14.5
5.882520000 13.5
5.882550000 13.8
5.884100000 13.8
5.884150000 0.5
5.884950000 0.5
5.885000000 13.8
5.885001000 -40.0
5.885003000 65.0
5.885006000 20.0
5.885010000 5.0
5.885014000 14.5
5.885020000 13.5
5.885050000 13.8
5.886600000 13.8
5.886650000 0.5
5.887450000 0.5
5.887500000 13.8
5.887501000 -40.0
5.887503000 65.0
5.887506000 20.0
5.887510000 5.0
5.887514000 14.5
5.887520000 13.5
5.887550000 13.8
5.889100000 13.8
5.889150000 0.5
5.889950000 0.5
5.890000000 13.8
5.890001000 -40.0
5.890003000 65.0
5.890006000 20.0
5.890010000 5.0
5.890014000 14.5
5.890020000 13.5
5.890050000 13.8
5.891600000 13.8
5.891650000 0.5
5.892450000 0.5
5.892500000 13.8
5.892501000 -40.0
5.892503000 65.0
5.892506000 20.0
5.892510000 5.0
5.892514000 14.5
5.892520000 13.5
5.892550000 13.8
5.894100000 13.8
5.894150000 0.5
5.894950000 0.5
5.895000000 13.8
5.895001000 -40.0
5.895003000 65.0
5.895006000 20.0
5.895010000 5.0
5.895014000 14.5
5.895020000 13.5
5.895050000 13.8
5.896600000 13.8
5.896650000 0.5
5.897450000 0.5
5.897500000 13.8
5.897501000 -40.0
5.897503000 65.0
5.897506000 20.0
5.897510000 5.0
5.897514000 14.5
5.897520000 13.5
5.897550000 13.8
5.899100000 13.8
5.899150000 0.5
5.899950000 0.5
5.900000000 13.8
5.900001000 -40.0
5.900003000 65.0
5.900006000 20.0
5.900010000 5.0
5.900014000 14.5
5.900020000 13.5
5.900050000 13.8
5.901600000 13.8
5.901650000 0.5
5.902450000 0.5
5.902500000 13.8
5.902501000 -40.0
5.902503000 65.0
5.902506000 20.0
5.902510000 5.0
5.902514000 14.5
5.902520000 13.5
5.902550000 13.8
5.904100000 13.8
5.904150000 0.5
5.904950000 0.5
5.905000000 13.8
5.905001000 -40.0
5.905003000 65.0
5.905006000 20.0
5.905010000 5.0
5.905014000 14.5
5.905020000 13.5
5.905050000 13.8
5.906600000 13.8
5.906650000 0.5
5.907450000 0.5
5.907500000 13.8
5.907501000 -40.0
5.907503000 65.0
5.907506000 20.0
5.907510000 5.0
5.907514000 14.5
5.907520000 13.5
5.907550000 13.8
5.909100000 13.8
5.909150000 0.5
5.909950000 0.5
5.910000000 13.8
5.910001000 -40.0
5.910003000 65.0
5.910006000 20.0
5.910010000 5.0
5.910014000 14.5
5.910020000 13.5
5.910050000 13.8
5.911600000 13.8
5.911650000 0.5
5.912450000 0.5
5.912500000 13.8
5.912501000 -40.0
5.912503000 65.0
5.912506000 20.0
5.912510000 5.0
5.912514000 14.5
5.912520000 13.5
5.912550000 13.8
5.914100000 13.8
5.914150000 0.5
5.914950000 0.5
5.915000000 13.8
5.915001000 -40.0
5.915003000 65.0
5.915006000 20.0
5.915010000 5.0
5.915014000 14.5
5.915020000 13.5
5.915050000 13.8
5.916600000 13.8
5.916650000 0.5
5.917450000 0.5
5.917500000 13.8
5.917501000 -40.0
5.917503000 65.0
5.917506000 20.0
5.917510000 5.0
5.917514000 14.5
5.917520000 13.5
5.917550000 13.8
5.919100000 13.8
5.919150000 0.5
5.919950000 0.5
5.920000000 13.8
5.920001000 -40.0
5.920003000 65.0
5.920006000 20.0
5.920010000 5.0
5.920014000 14.5
5.920020000 13.5
5.920050000 13.8
5.921600000 13.8
5.921650000 0.5
5.922450000 0.5
5.922500000 13.8
5.922501000 -40.0
5.922503000 65.0
5.922506000 20.0
5.922510000 5.0
5.922514000 14.5
5.922520000 13.5
5.922550000 13.8
5.924100000 13.8
5.924150000 0.5
5.924950000 0.5
5.925000000 13.8
5.925001000 -40.0
5.925003000 65.0
5.925006000 20.0
5.925010000 5.0
5.925014000 14.5
5.925020000 13.5
5.925050000 13.8
5.926600000 13.8
5.926650000 0.5
5.927450000 0.5
5.927500000 13.8
5.927501000 -40.0
5.927503000 65.0
5.927506000 20.0
5.927510000 5.0
5.927514000 14.5
5.927520000 13.5
5.927550000 13.8
5.929100000 13.8
5.929150000 0.5
5.929950000 0.5
5.930000000 13.8
5.930001000 -40.0
5.930003000 65.0
5.930006000 20.0
5.930010000 5.0
5.930014000 14.5
5.930020000 13.5
5.930050000 13.8
5.931600000 13.8
5.931650000 0.5
5.932450000 0.5
5.932500000 13.8
5.932501000 -40.0
5.932503000 65.0
5.932506000 20.0
5.932510000 5.0
5.932514000 14.5
5.932520000 13.5
5.932550000 13.8
5.934100000 13.8
5.934150000 0.5
5.934950000 0.5
5.935000000 13.8
5.935001000 -40.0
5.935003000 65.0
5.935006000 20.0
5.935010000 5.0
5.935014000 14.5
5.935020000 13.5
5.935050000 13.8
5.936600000 13.8
5.936650000 0.5
5.937450000 0.5
5.937500000 13.8
5.937501000 -40.0
5.937503000 65.0
5.937506000 20.0
5.937510000 5.0
5.937514000 14.5
5.937520000 13.5
5.937550000 13.8
5.939100000 13.8
5.939150000 0.5
5.939950000 0.5
5.940000000 13.8
5.940001000 -40.0
5.940003000 65.0
5.940006000 20.0
5.940010000 5.0
5.940014000 14.5
5.940020000 13.5
5.940050000 13.8
5.941600000 13.8
5.941650000 0.5
5.942450000 0.5
5.942500000 13.8
5.942501000 -40.0
5.942503000 65.0
5.942506000 20.0
5.942510000 5.0
5.942514000 14.5
5.942520000 13.5
5.942550000 13.8
5.944100000 13.8
5.944150000 0.5
5.944950000 0.5
5.945000000 13.8
5.945001000 -40.0
5.945003000 65.0
5.945006000 20.0
5.945010000 5.0
5.945014000 14.5
5.945020000 13.5
5.945050000 13.8
5.946600000 13.8
5.946650000 0.5
5.947450000 0.5
5.947500000 13.8
5.947501000 -40.0
5.947503000 65.0
5.947506000 20.0
5.947510000 5.0
5.947514000 14.5
5.947520000 13.5
5.947550000 13.8
5.949100000 13.8
5.949150000 0.5
5.949950000 0.5
5.950000000 13.8
5.950001000 -40.0
5.950003000 65.0
5.950006000 20.0
5.950010000 5.0
5.950014000 14.5
5.950020000 13.5
5.950050000 13.8
5.951600000 13.8
5.951650000 0.5
5.952450000 0.5
5.952500000 13.8
5.952501000 -40.0
5.952503000 65.0
5.952506000 20.0
5.952510000 5.0
5.952514000 14.5
5.952520000 13.5
5.952550000 13.8
5.954100000 13.8
5.954150000 0.5
5.954950000 0.5
5.955000000 13.8
5.955001000 -40.0
5.955003000 65.0
5.955006000 20.0
5.955010000 5.0
5.955014000 14.5
5.955020000 13.5
5.955050000 13.8
5.956600000 13.8
5.956650000 0.5
5.957450000 0.5
5.957500000 13.8
5.957501000 -40.0
5.957503000 65.0
5.957506000 20.0
5.957510000 5.0
5.957514000 14.5
5.957520000 13.5
5.957550000 13.8
5.959100000 13.8
5.959150000 0.5
5.959950000 0.5
5.960000000 13.8
5.960001000 -40.0
5.960003000 65.0
5.960006000 20.0
5.960010000 5.0
5.960014000 14.5
5.960020000 13.5
5.960050000 13.8
5.961600000 13.8
5.961650000 0.5
5.962450000 0.5
5.962500000 13.8
5.962501000 -40.0
5.962503000 65.0
5.962506000 20.0
5.962510000 5.0
5.962514000 14.5
5.962520000 13.5
5.962550000 13.8
5.964100000 13.8
5.964150000 0.5
5.964950000 0.5
5.965000000 13.8
5.965001000 -40.0
5.965003000 65.0
5.965006000 20.0
5.965010000 5.0
5.965014000 14.5
5.965020000 13.5
5.965050000 13.8
5.966600000 13.8
5.966650000 0.5
5.967450000 0.5
5.967500000 13.8
5.967501000 -40.0
5.967503000 65.0
5.967506000 20.0
5.967510000 5.0
5.967514000 14.5
5.967520000 13.5
5.967550000 13.8
5.969100000 13.8
5.969150000 0.5
5.969950000 0.5
5.970000000 13.8
5.970001000 -40.0
5.970003000 65.0
5.970006000 20.0
5.970010000 5.0
5.970014000 14.5
5.970020000 13.5
5.970050000 13.8
5.971600000 13.8
5.971650000 0.5
5.972450000 0.5
5.972500000 13.8
5.972501000 -40.0
5.972503000 65.0
5.972506000 20.0
5.972510000 5.0
5.972514000 14.5
5.972520000 13.5
5.972550000 13.8
5.974100000 13.8
5.974150000 0.5
5.974950000 0.5
5.975000000 13.8
5.975001000 -40.0
5.975003000 65.0
5.975006000 20.0
5.975010000 5.0
5.975014000 14.5
5.975020000 13.5
5.975050000 13.8
5.976600000 13.8
5.976650000 0.5
5.977450000 0.5
5.977500000 13.8
5.977501000 -40.0
5.977503000 65.0
5.977506000 20.0
5.977510000 5.0
5.977514000 14.5
5.977520000 13.5
5.977550000 13.8
5.979100000 13.8
5.979150000 0.5
5.979950000 0.5
5.980000000 13.8
5.980001000 -40.0
5.980003000 65.0
5.980006000 20.0
5.980010000 5.0
5.980014000 14.5
5.980020000 13.5
5.980050000 13.8
5.981600000 13.8
5.981650000 0.5
5.982450000 0.5
5.982500000 13.8
5.982501000 -40.0
5.982503000 65.0
5.982506000 20.0
5.982510000 5.0
5.982514000 14.5
5.982520000 13.5
5.982550000 13.8
5.984100000 13.8
5.984150000 0.5
5.984950000 0.5
5.985000000 13.8
5.985001000 -40.0
5.985003000 65.0
5.985006000 20.0
5.985010000 5.0
5.985014000 14.5
5.985020000 13.5
5.985050000 13.8
5.986600000 13.8
5.986650000 0.5
5.987450000 0.5
5.987500000 13.8
5.987501000 -40.0
5.987503000 65.0
5.987506000 20.0
5.987510000 5.0
5.987514000 14.5
5.987520000 13.5
5.987550000 13.8
5.989100000 13.8
5.989150000 0.5
5.989950000 0.5
5.990000000 13.8
5.990001000 -40.0
5.990003000 65.0
5.990006000 20.0
5.990010000 5.0
5.990014000 14.5
5.990020000 13.5
5.990050000 13.8
5.991600000 13.8
5.991650000 0.5
5.992450000 0.5
5.992500000 13.8
5.992501000 -40.0
5.992503000 65.0
5.992506000 20.0
5.992510000 5.0
5.992514000 14.5
5.992520000 13.5
5.992550000 13.8
5.994100000 13.8
5.994150000 0.5
5.994950000 0.5
5.995000000 13.8
5.995001000 -40.0
5.995003000 65.0
5.995006000 20.0
5.995010000 5.0
5.995014000 14.5
5.995020000 13.5
5.995050000 13.8
5.996600000 13.8
5.996650000 0.5
5.997450000 0.5
5.997500000 13.8
5.997501000 -40.0
5.997503000 65.0
5.997506000 20.0
5.997510000 5.0
5.997514000 14.5
5.997520000 13.5
5.997550000 13.8
5.999100000 13.8
5.999150000 0.5
5.999950000 0.5
6.000000000 13.8
6.000001000 -40.0
6.000003000 65.0
6.000006000 20.0
6.000010000 5.0
6.000014000 14.5
6.000020000 13.5
6.000050000 13.8
6.001600000 13.8
6.001650000 0.5
6.002450000 0.5
6.002500000 13.8
6.002501000 -40.0
6.002503000 65.0
6.002506000 20.0
6.002510000 5.0
6.002514000 14.5
6.002520000 13.5
6.002550000 13.8
6.004100000 13.8
6.004150000 0.5
6.004950000 0.5
6.005000000 13.8
6.005001000 -40.0
6.005003000 65.0
6.005006000 20.0
6.005010000 5.0
6.005014000 14.5
6.005020000 13.5
6.005050000 13.8
6.006600000 13.8
6.006650000 0.5
6.007450000 0.5
6.007500000 13.8
6.007501000 -40.0
6.007503000 65.0
6.007506000 20.0
6.007510000 5.0
6.007514000 14.5
6.007520000 13.5
6.007550000 13.8
6.009100000 13.8
6.009150000 0.5
6.009950000 0.5
6.010000000 13.8
6.010001000 -40.0
6.010003000 65.0
6.010006000 20.0
6.010010000 5.0
6.010014000 14.5
6.010020000 13.5
6.010050000 13.8
6.011600000 13.8
6.011650000 0.5
6.012450000 0.5
6.012500000 13.8
6.012501000 -40.0
6.012503000 65.0
6.012506000 20.0
6.012510000 5.0
6.012514000 14.5
6.012520000 13.5
6.012550000 13.8
6.014100000 13.8
6.014150000 0.5
6.014950000 0.5
6.015000000 13.8
6.015001000 -40.0
6.015003000 65.0
6.015006000 20.0
6.015010000 5.0
6.015014000 14.5
6.015020000 13.5
6.015050000 13.8
6.016600000 13.8
6.016650000 0.5
6.017450000 0.5
6.017500000 13.8
6.017501000 -40.0
6.017503000 65.0
6.017506000 20.0
6.017510000 5.0
6.017514000 14.5
6.017520000 13.5
6.017550000 13.8
6.019100000 13.8
6.019150000 0.5
6.019950000 0.5
6.020000000 13.8
6.020001000 -40.0
6.020003000 65.0
6.020006000 20.0
6.020010000 5.0
6.020014000 14.5
6.020020000 13.5
6.020050000 13.8
6.021600000 13.8
6.021650000 0.5
6.022450000 0.5
6.022500000 13.8
6.022501000 -40.0
6.022503000 65.0
6.022506000 20.0
6.022510000 5.0
6.022514000 14.5
6.022520000 13.5
6.022550000 13.8
6.024100000 13.8
6.024150000 0.5
6.024950000 0.5
6.025000000 13.8
6.025001000 -40.0
6.025003000 65.0
6.025006000 20.0
6.025010000 5.0
6.025014000 14.5
6.025020000 13.5
6.025050000 13.8
6.026600000 13.8
6.026650000 0.5
6.027450000 0.5
6.027500000 13.8
6.027501000 -40.0
6.027503000 65.0
6.027506000 20.0
6.027510000 5.0
6.027514000 14.5
6.027520000 13.5
6.027550000 13.8
6.029100000 13.8
6.029150000 0.5
6.029950000 0.5
6.030000000 13.8
6.030001000 -40.0
6.030003000 65.0
6.030006000 20.0
6.030010000 5.0
6.030014000 14.5
6.030020000 13.5
6.030050000 13.8
6.031600000 13.8
6.031650000 0.5
6.032450000 0.5
6.032500000 13.8
6.032501000 -40.0
6.032503000 65.0
6.032506000 20.0
6.032510000 5.0
6.032514000 14.5
6.032520000 13.5
6.032550000 13.8
6.034100000 13.8
6.034150000 0.5
6.034950000 0.5
6.035000000 13.8
6.035001000 -40.0
6.035003000 65.0
6.035006000 20.0
6.035010000 5.0
6.035014000 14.5
6.035020000 13.5
6.035050000 13.8
6.036600000 13.8
6.036650000 0.5
6.037450000 0.5
6.037500000 13.8
6.037501000 -40.0
6.037503000 65.0
6.037506000 20.0
6.037510000 5.0
6.037514000 14.5
6.037520000 13.5
6.037550000 13.8
6.039100000 13.8
6.039150000 0.5
6.039950000 0.5
6.040000000 13.8
6.040001000 -40.0
6.040003000 65.0
6.040006000 20.0
6.040010000 5.0
6.040014000 14.5
6.040020000 13.5
6.040050000 13.8
6.041600000 13.8
6.041650000 0.5
6.042450000 0.5
6.042500000 13.8
6.042501000 -40.0
6.042503000 65.0
6.042506000 20.0
6.042510000 5.0
6.042514000 14.5
6.042520000 13.5
6.042550000 13.8
6.044100000 13.8
6.044150000 0.5
6.044950000 0.5
6.045000000 13.8
6.045001000 -40.0
6.045003000 65.0
6.045006000 20.0
6.045010000 5.0
6.045014000 14.5
6.045020000 13.5
6.045050000 13.8
6.046600000 13.8
6.046650000 0.5
6.047450000 0.5
6.047500000 13.8
6.047501000 -40.0
6.047503000 65.0
6.047506000 20.0
6.047510000 5.0
6.047514000 14.5
6.047520000 13.5
6.047550000 13.8
6.049100000 13.8
6.049150000 0.5
6.049950000 0.5
6.050000000 13.8
6.050001000 -40.0
6.050003000 65.0
6.050006000 20.0
6.050010000 5.0
6.050014000 14.5
6.050020000 13.5
6.050050000 13.8
6.051600000 13.8
6.051650000 0.5
6.052450000 0.5
6.052500000 13.8
6.052501000 -40.0
6.052503000 65.0
6.052506000 20.0
6.052510000 5.0
6.052514000 14.5
6.052520000 13.5
6.052550000 13.8
6.054100000 13.8
6.054150000 0.5
6.054950000 0.5
6.055000000 13.8
6.055001000 -40.0
6.055003000 65.0
6.055006000 20.0
6.055010000 5.0
6.055014000 14.5
6.055020000 13.5
6.055050000 13.8
6.056600000 13.8
6.056650000 0.5
6.057450000 0.5
6.057500000 13.8
6.057501000 -40.0
6.057503000 65.0
6.057506000 20.0
6.057510000 5.0
6.057514000 14.5
6.057520000 13.5
6.057550000 13.8
6.059100000 13.8
6.059150000 0.5
6.059950000 0.5
6.060000000 13.8
6.060001000 -40.0
6.060003000 65.0
6.060006000 20.0
6.060010000 5.0
6.060014000 14.5
6.060020000 13.5
6.060050000 13.8
6.061600000 13.8
6.061650000 0.5
6.062450000 0.5
6.062500000 13.8
6.062501000 -40.0
6.062503000 65.0
6.062506000 20.0
6.062510000 5.0
6.062514000 14.5
6.062520000 13.5
6.062550000 13.8
6.064100000 13.8
6.064150000 0.5
6.064950000 0.5
6.065000000 13.8
6.065001000 -40.0
6.065003000 65.0
6.065006000 20.0
6.065010000 5.0
6.065014000 14.5
6.065020000 13.5
6.065050000 13.8
6.066600000 13.8
6.066650000 0.5
6.067450000 0.5
6.067500000 13.8
6.067501000 -40.0
6.067503000 65.0
6.067506000 20.0
6.067510000 5.0
6.067514000 14.5
6.067520000 13.5
6.067550000 13.8
6.069100000 13.8
6.069150000 0.5
6.069950000 0.5
6.070000000 13.8
6.070001000 -40.0
6.070003000 65.0
6.070006000 20.0
6.070010000 5.0
6.070014000 14.5
6.070020000 13.5
6.070050000 13.8
6.071600000 13.8
6.071650000 0.5
6.072450000 0.5
6.072500000 13.8
6.072501000 -40.0
6.072503000 65.0
6.072506000 20.0
6.072510000 5.0
6.072514000 14.5
6.072520000 13.5
6.072550000 13.8
6.074100000 13.8
6.074150000 0.5
6.074950000 0.5
6.075000000 13.8
6.075001000 -40.0
6.075003000 65.0
6.075006000 20.0
6.075010000 5.0
6.075014000 14.5
6.075020000 13.5
6.075050000 13.8
6.076600000 13.8
6.076650000 0.5
6.077450000 0.5
6.077500000 13.8
6.077501000 -40.0
6.077503000 65.0
6.077506000 20.0
6.077510000 5.0
6.077514000 14.5
6.077520000 13.5
6.077550000 13.8
6.079100000 13.8
6.079150000 0.5
6.079950000 0.5
6.080000000 13.8
6.080001000 -40.0
6.080003000 65.0
6.080006000 20.0
6.080010000 5.0
6.080014000 14.5
6.080020000 13.5
6.080050000 13.8
6.081600000 13.8
6.081650000 0.5
6.082450000 0.5
6.082500000 13.8
6.082501000 -40.0
6.082503000 65.0
6.082506000 20.0
6.082510000 5.0
6.082514000 14.5
6.082520000 13.5
6.082550000 13.8
6.084100000 13.8
6.084150000 0.5
6.084950000 0.5
6.085000000 13.8
6.085001000 -40.0
6.085003000 65.0
6.085006000 20.0
6.085010000 5.0
6.085014000 14.5
6.085020000 13.5
6.085050000 13.8
6.086600000 13.8
6.086650000 0.5
6.087450000 0.5
6.087500000 13.8
6.087501000 -40.0
6.087503000 65.0
6.087506000 20.0
6.087510000 5.0
6.087514000 14.5
6.087520000 13.5
6.087550000 13.8
6.089100000 13.8
6.089150000 0.5
6.089950000 0.5
6.090000000 13.8
6.090001000 -40.0
6.090003000 65.0
6.090006000 20.0
6.090010000 5.0
6.090014000 14.5
6.090020000 13.5
6.090050000 13.8
6.091600000 13.8
6.091650000 0.5
6.092450000 0.5
6.092500000 13.8
6.092501000 -40.0
6.092503000 65.0
6.092506000 20.0
6.092510000 5.0
6.092514000 14.5
6.092520000 13.5
6.092550000 13.8
6.094100000 13.8
6.094150000 0.5
6.094950000 0.5
6.095000000 13.8
6.095001000 -40.0
6.095003000 65.0
6.095006000 20.0
6.095010000 5.0
6.095014000 14.5
6.095020000 13.5
6.095050000 13.8
6.096600000 13.8
6.096650000 0.5
6.097450000 0.5
6.097500000 13.8
6.097501000 -40.0
6.097503000 65.0
6.097506000 20.0
6.097510000 5.0
6.097514000 14.5
6.097520000 13.5
6.097550000 13.8
6.099100000 13.8
6.099150000 0.5
6.099950000 0.5
6.100000000 13.8
6.100001000 -40.0
6.100003000 65.0
6.100006000 20.0
6.100010000 5.0
6.100014000 14.5
6.100020000 13.5
6.100050000 13.8
6.101600000 13.8
6.101650000 0.5
6.102450000 0.5
6.102500000 13.8
6.102501000 -40.0
6.102503000 65.0
6.102506000 20.0
6.102510000 5.0
6.102514000 14.5
6.102520000 13.5
6.102550000 13.8
6.104100000 13.8
6.104150000 0.5
6.104950000 0.5
6.105000000 13.8
6.105001000 -40.0
6.105003000 65.0
6.105006000 20.0
6.105010000 5.0
6.105014000 14.5
6.105020000 13.5
6.105050000 13.8
6.106600000 13.8
6.106650000 0.5
6.107450000 0.5
6.107500000 13.8
6.107501000 -40.0
6.107503000 65.0
6.107506000 20.0
6.107510000 5.0
6.107514000 14.5
6.107520000 13.5
6.107550000 13.8
6.109100000 13.8
6.109150000 0.5
6.109950000 0.5
6.110000000 13.8
6.110001000 -40.0
6.110003000 65.0
6.110006000 20.0
6.110010000 5.0
6.110014000 14.5
6.110020000 13.5
6.110050000 13.8
6.111600000 13.8
6.111650000 0.5
6.112450000 0.5
6.112500000 13.8
6.112501000 -40.0
6.112503000 65.0
6.112506000 20.0
6.112510000 5.0
6.112514000 14.5
6.112520000 13.5
6.112550000 13.8
6.114100000 13.8
6.114150000 0.5
6.114950000 0.5
6.115000000 13.8
6.115001000 -40.0
6.115003000 65.0
6.115006000 20.0
6.115010000 5.0
6.115014000 14.5
6.115020000 13.5
6.115050000 13.8
6.116600000 13.8
6.116650000 0.5
6.117450000 0.5
6.117500000 13.8
6.117501000 -40.0
6.117503000 65.0
6.117506000 20.0
6.117510000 5.0
6.117514000 14.5
6.117520000 13.5
6.117550000 13.8
6.119100000 13.8
6.119150000 0.5
6.119950000 0.5
6.120000000 13.8
6.120001000 -40.0
6.120003000 65.0
6.120006000 20.0
6.120010000 5.0
6.120014000 14.5
6.120020000 13.5
6.120050000 13.8
6.121600000 13.8
6.121650000 0.5
6.122450000 0.5
6.122500000 13.8
6.122501000 -40.0
6.122503000 65.0
6.122506000 20.0
6.122510000 5.0
6.122514000 14.5
6.122520000 13.5
6.122550000 13.8
6.124100000 13.8
6.124150000 0.5
6.124950000 0.5
6.125000000 13.8
6.125001000 -40.0
6.125003000 65.0
6.125006000 20.0
6.125010000 5.0
6.125014000 14.5
6.125020000 13.5
6.125050000 13.8
6.126600000 13.8
6.126650000 0.5
6.127450000 0.5
6.127500000 13.8
6.127501000 -40.0
6.127503000 65.0
6.127506000 20.0
6.127510000 5.0
6.127514000 14.5
6.127520000 13.5
6.127550000 13.8
6.129100000 13.8
6.129150000 0.5
6.129950000 0.5
6.130000000 13.8
6.130001000 -40.0
6.130003000 65.0
6.130006000 20.0
6.130010000 5.0
6.130014000 14.5
6.130020000 13.5
6.130050000 13.8
6.131600000 13.8
6.131650000 0.5
6.132450000 0.5
6.132500000 13.8
6.132501000 -40.0
6.132503000 65.0
6.132506000 20.0
6.132510000 5.0
6.132514000 14.5
6.132520000 13.5
6.132550000 13.8
6.134100000 13.8
6.134150000 0.5
6.134950000 0.5
6.135000000 13.8
6.135001000 -40.0
6.135003000 65.0
6.135006000 20.0
6.135010000 5.0
6.135014000 14.5
6.135020000 13.5
6.135050000 13.8
6.136600000 13.8
6.136650000 0.5
6.137450000 0.5
6.137500000 13.8
6.137501000 -40.0
6.137503000 65.0
6.137506000 20.0
6.137510000 5.0
6.137514000 14.5
6.137520000 13.5
6.137550000 13.8
6.139100000 13.8
6.139150000 0.5
6.139950000 0.5
6.140000000 13.8
6.140001000 -40.0
6.140003000 65.0
6.140006000 20.0
6.140010000 5.0
6.140014000 14.5
6.140020000 13.5
6.140050000 13.8
6.141600000 13.8
6.141650000 0.5
6.142450000 0.5
6.142500000 13.8
6.142501000 -40.0
6.142503000 65.0
6.142506000 20.0
6.142510000 5.0
6.142514000 14.5
6.142520000 13.5
6.142550000 13.8
6.144100000 13.8
6.144150000 0.5
6.144950000 0.5
6.145000000 13.8
6.145001000 -40.0
6.145003000 65.0
6.145006000 20.0
6.145010000 5.0
6.145014000 14.5
6.145020000 13.5
6.145050000 13.8
6.146600000 13.8
6.146650000 0.5
6.147450000 0.5
6.147500000 13.8
6.147501000 -40.0
6.147503000 65.0
6.147506000 20.0
6.147510000 5.0
6.147514000 14.5
6.147520000 13.5
6.147550000 13.8
6.149100000 13.8
6.149150000 0.5
6.149950000 0.5
6.150000000 13.8
6.150001000 -40.0
6.150003000 65.0
6.150006000 20.0
6.150010000 5.0
6.150014000 14.5
6.150020000 13.5
6.150050000 13.8
6.151600000 13.8
6.151650000 0.5
6.152450000 0.5
6.152500000 13.8
6.152501000 -40.0
6.152503000 65.0
6.152506000 20.0
6.152510000 5.0
6.152514000 14.5
6.152520000 13.5
6.152550000 13.8
6.154100000 13.8
6.154150000 0.5
6.154950000 0.5
6.155000000 13.8
6.155001000 -40.0
6.155003000 65.0
6.155006000 20.0
6.155010000 5.0
6.155014000 14.5
6.155020000 13.5
6.155050000 13.8
6.156600000 13.8
6.156650000 0.5
6.157450000 0.5
6.157500000 13.8
6.157501000 -40.0
6.157503000 65.0
6.157506000 20.0
6.157510000 5.0
6.157514000 14.5
6.157520000 13.5
6.157550000 13.8
6.159100000 13.8
6.159150000 0.5
6.159950000 0.5
6.160000000 13.8
6.160001000 -40.0
6.160003000 65.0
6.160006000 20.0
6.160010000 5.0
6.160014000 14.5
6.160020000 13.5
6.160050000 13.8
6.161600000 13.8
6.161650000 0.5
6.162450000 0.5
6.162500000 13.8
6.162501000 -40.0
6.162503000 65.0
6.162506000 20.0
6.162510000 5.0
6.162514000 14.5
6.162520000 13.5
6.162550000 13.8
6.164100000 13.8
6.164150000 0.5
6.164950000 0.5
6.165000000 13.8
6.165001000 -40.0
6.165003000 65.0
6.165006000 20.0
6.165010000 5.0
6.165014000 14.5
6.165020000 13.5
6.165050000 13.8
6.166600000 13.8
6.166650000 0.5
6.167450000 0.5
6.167500000 13.8
6.167501000 -40.0
6.167503000 65.0
6.167506000 20.0
6.167510000 5.0
6.167514000 14.5
6.167520000 13.5
6.167550000 13.8
6.169100000 13.8
6.169150000 0.5
6.169950000 0.5
6.170000000 13.8
6.170001000 -40.0
6.170003000 65.0
6.170006000 20.0
6.170010000 5.0
6.170014000 14.5
6.170020000 13.5
6.170050000 13.8
6.171600000 13.8
6.171650000 0.5
6.172450000 0.5
6.172500000 13.8
6.172501000 -40.0
6.172503000 65.0
6.172506000 20.0
6.172510000 5.0
6.172514000 14.5
6.172520000 13.5
6.172550000 13.8
6.174100000 13.8
6.174150000 0.5
6.174950000 0.5
6.175000000 13.8
6.175001000 -40.0
6.175003000 65.0
6.175006000 20.0
6.175010000 5.0
6.175014000 14.5
6.175020000 13.5
6.175050000 13.8
6.176600000 13.8
6.176650000 0.5
6.177450000 0.5
6.177500000 13.8
6.177501000 -40.0
6.177503000 65.0
6.177506000 20.0
6.177510000 5.0
6.177514000 14.5
6.177520000 13.5
6.177550000 13.8
6.179100000 13.8
6.179150000 0.5
6.179950000 0.5
6.180000000 13.8
6.180001000 -40.0
6.180003000 65.0
6.180006000 20.0
6.180010000 5.0
6.180014000 14.5
6.180020000 13.5
6.180050000 13.8
6.181600000 13.8
6.181650000 0.5
6.182450000 0.5
6.182500000 13.8
6.182501000 -40.0
6.182503000 65.0
6.182506000 20.0
6.182510000 5.0
6.182514000 14.5
6.182520000 13.5
6.182550000 13.8
6.184100000 13.8
6.184150000 0.5
6.184950000 0.5
6.185000000 13.8
6.185001000 -40.0
6.185003000 65.0
6.185006000 20.0
6.185010000 5.0
6.185014000 14.5
6.185020000 13.5
6.185050000 13.8
6.186600000 13.8
6.186650000 0.5
6.187450000 0.5
6.187500000 13.8
6.187501000 -40.0
6.187503000 65.0
6.187506000 20.0
6.187510000 5.0
6.187514000 14.5
6.187520000 13.5
6.187550000 13.8
6.189100000 13.8
6.189150000 0.5
6.189950000 0.5
6.190000000 13.8
6.190001000 -40.0
6.190003000 65.0
6.190006000 20.0
6.190010000 5.0
6.190014000 14.5
6.190020000 13.5
6.190050000 13.8
6.191600000 13.8
6.191650000 0.5
6.192450000 0.5
6.192500000 13.8
6.192501000 -40.0
6.192503000 65.0
6.192506000 20.0
6.192510000 5.0
6.192514000 14.5
6.192520000 13.5
6.192550000 13.8
6.194100000 13.8
6.194150000 0.5
6.194950000 0.5
6.195000000 13.8
6.195001000 -40.0
6.195003000 65.0
6.195006000 20.0
6.195010000 5.0
6.195014000 14.5
6.195020000 13.5
6.195050000 13.8
6.196600000 13.8
6.196650000 0.5
6.197450000 0.5
6.197500000 13.8
6.197501000 -40.0
6.197503000 65.0
6.197506000 20.0
6.197510000 5.0
6.197514000 14.5
6.197520000 13.5
6.197550000 13.8
6.199100000 13.8
6.199150000 0.5
6.199950000 0.5
6.200000000 13.8
6.200001000 -40.0
6.200003000 65.0
6.200006000 20.0
6.200010000 5.0
6.200014000 14.5
6.200020000 13.5
6.200050000 13.8
6.201600000 13.8
6.201650000 0.5
6.202450000 0.5
6.202500000 13.8
6.202501000 -40.0
6.202503000 65.0
6.202506000 20.0
6.202510000 5.0
6.202514000 14.5
6.202520000 13.5
6.202550000 13.8
6.204100000 13.8
6.204150000 0.5
6.204950000 0.5
6.205000000 13.8
6.205001000 -40.0
6.205003000 65.0
6.205006000 20.0
6.205010000 5.0
6.205014000 14.5
6.205020000 13.5
6.205050000 13.8
6.206600000 13.8
6.206650000 0.5
6.207450000 0.5
6.207500000 13.8
6.207501000 -40.0
6.207503000 65.0
6.207506000 20.0
6.207510000 5.0
6.207514000 14.5
6.207520000 13.5
6.207550000 13.8
6.209100000 13.8
6.209150000 0.5
6.209950000 0.5
6.210000000 13.8
6.210001000 -40.0
6.210003000 65.0
6.210006000 20.0
6.210010000 5.0
6.210014000 14.5
6.210020000 13.5
6.210050000 13.8
6.211600000 13.8
6.211650000 0.5
6.212450000 0.5
6.212500000 13.8
6.212501000 -40.0
6.212503000 65.0
6.212506000 20.0
6.212510000 5.0
6.212514000 14.5
6.212520000 13.5
6.212550000 13.8
6.214100000 13.8
6.214150000 0.5
6.214950000 0.5
6.215000000 13.8
6.215001000 -40.0
6.215003000 65.0
6.215006000 20.0
6.215010000 5.0
6.215014000 14.5
6.215020000 13.5
6.215050000 13.8
6.216600000 13.8
6.216650000 0.5
6.217450000 0.5
6.217500000 13.8
6.217501000 -40.0
6.217503000 65.0
6.217506000 20.0
6.217510000 5.0
6.217514000 14.5
6.217520000 13.5
6.217550000 13.8
6.219100000 13.8
6.219150000 0.5
6.219950000 0.5
6.220000000 13.8
6.220001000 -40.0
6.220003000 65.0
6.220006000 20.0
6.220010000 5.0
6.220014000 14.5
6.220020000 13.5
6.220050000 13.8
6.221600000 13.8
6.221650000 0.5
6.222450000 0.5
6.222500000 13.8
6.222501000 -40.0
6.222503000 65.0
6.222506000 20.0
6.222510000 5.0
6.222514000 14.5
6.222520000 13.5
6.222550000 13.8
6.224100000 13.8
6.224150000 0.5
6.224950000 0.5
6.225000000 13.8
6.225001000 -40.0
6.225003000 65.0
6.225006000 20.0
6.225010000 5.0
6.225014000 14.5
6.225020000 13.5
6.225050000 13.8
6.226600000 13.8
6.226650000 0.5
6.227450000 0.5
6.227500000 13.8
6.227501000 -40.0
6.227503000 65.0
6.227506000 20.0
6.227510000 5.0
6.227514000 14.5
6.227520000 13.5
6.227550000 13.8
6.229100000 13.8
6.229150000 0.5
6.229950000 0.5
6.230000000 13.8
6.230001000 -40.0
6.230003000 65.0
6.230006000 20.0
6.230010000 5.0
6.230014000 14.5
6.230020000 13.5
6.230050000 13.8
6.231600000 13.8
6.231650000 0.5
6.232450000 0.5
6.232500000 13.8
6.232501000 -40.0
6.232503000 65.0
6.232506000 20.0
6.232510000 5.0
6.232514000 14.5
6.232520000 13.5
6.232550000 13.8
6.234100000 13.8
6.234150000 0.5
6.234950000 0.5
6.235000000 13.8
6.235001000 -40.0
6.235003000 65.0
6.235006000 20.0
6.235010000 5.0
6.235014000 14.5
6.235020000 13.5
6.235050000 13.8
6.236600000 13.8
6.236650000 0.5
6.237450000 0.5
6.237500000 13.8
6.237501000 -40.0
6.237503000 65.0
6.237506000 20.0
6.237510000 5.0
6.237514000 14.5
6.237520000 13.5
6.237550000 13.8
6.239100000 13.8
6.239150000 0.5
6.239950000 0.5
6.240000000 13.8
6.240001000 -40.0
6.240003000 65.0
6.240006000 20.0
6.240010000 5.0
6.240014000 14.5
6.240020000 13.5
6.240050000 13.8
6.241600000 13.8
6.241650000 0.5
6.242450000 0.5
6.242500000 13.8
6.242501000 -40.0
6.242503000 65.0
6.242506000 20.0
6.242510000 5.0
6.242514000 14.5
6.242520000 13.5
6.242550000 13.8
6.244100000 13.8
6.244150000 0.5
6.244950000 0.5
6.245000000 13.8
6.245001000 -40.0
6.245003000 65.0
6.245006000 20.0
6.245010000 5.0
6.245014000 14.5
6.245020000 13.5
6.245050000 13.8
6.246600000 13.8
6.246650000 0.5
6.247450000 0.5
6.247500000 13.8
6.247501000 -40.0
6.247503000 65.0
6.247506000 20.0
6.247510000 5.0
6.247514000 14.5
6.247520000 13.5
6.247550000 13.8
6.249100000 13.8
6.249150000 0.5
6.249950000 0.5
6.250000000 13.8
6.250001000 -40.0
6.250003000 65.0
6.250006000 20.0
6.250010000 5.0
6.250014000 14.5
6.250020000 13.5
6.250050000 13.8
6.251600000 13.8
6.251650000 0.5
6.252450000 0.5
6.252500000 13.8
6.252501000 -40.0
6.252503000 65.0
6.252506000 20.0
6.252510000 5.0
6.252514000 14.5
6.252520000 13.5
6.252550000 13.8
6.254100000 13.8
6.254150000 0.5
6.254950000 0.5
6.255000000 13.8
6.255001000 -40.0
6.255003000 65.0
6.255006000 20.0
6.255010000 5.0
6.255014000 14.5
6.255020000 13.5
6.255050000 13.8
6.256600000 13.8
6.256650000 0.5
6.257450000 0.5
6.257500000 13.8
6.257501000 -40.0
6.257503000 65.0
6.257506000 20.0
6.257510000 5.0
6.257514000 14.5
6.257520000 13.5
6.257550000 13.8
6.259100000 13.8
6.259150000 0.5
6.259950000 0.5
6.260000000 13.8
6.260001000 -40.0
6.260003000 65.0
6.260006000 20.0
6.260010000 5.0
6.260014000 14.5
6.260020000 13.5
6.260050000 13.8
6.261600000 13.8
6.261650000 0.5
6.262450000 0.5
6.262500000 13.8
6.262501000 -40.0
6.262503000 65.0
6.262506000 20.0
6.262510000 5.0
6.262514000 14.5
6.262520000 13.5
6.262550000 13.8
6.264100000 13.8
6.264150000 0.5
6.264950000 0.5
6.265000000 13.8
6.265001000 -40.0
6.265003000 65.0
6.265006000 20.0
6.265010000 5.0
6.265014000 14.5
6.265020000 13.5
6.265050000 13.8
6.266600000 13.8
6.266650000 0.5
6.267450000 0.5
6.267500000 13.8
6.267501000 -40.0
6.267503000 65.0
6.267506000 20.0
6.267510000 5.0
6.267514000 14.5
6.267520000 13.5
6.267550000 13.8
6.269100000 13.8
6.269150000 0.5
6.269950000 0.5
6.270000000 13.8
6.270001000 -40.0
6.270003000 65.0
6.270006000 20.0
6.270010000 5.0
6.270014000 14.5
6.270020000 13.5
6.270050000 13.8
6.271600000 13.8
6.271650000 0.5
6.272450000 0.5
6.272500000 13.8
6.272501000 -40.0
6.272503000 65.0
6.272506000 20.0
6.272510000 5.0
6.272514000 14.5
6.272520000 13.5
6.272550000 13.8
6.274100000 13.8
6.274150000 0.5
6.274950000 0.5
6.275000000 13.8
6.275001000 -40.0
6.275003000 65.0
6.275006000 20.0
6.275010000 5.0
6.275014000 14.5
6.275020000 13.5
6.275050000 13.8
6.276600000 13.8
6.276650000 0.5
6.277450000 0.5
6.277500000 13.8
6.277501000 -40.0
6.277503000 65.0
6.277506000 20.0
6.277510000 5.0
6.277514000 14.5
6.277520000 13.5
6.277550000 13.8
6.279100000 13.8
6.279150000 0.5
6.279950000 0.5
6.280000000 13.8
6.280001000 -40.0
6.280003000 65.0
6.280006000 20.0
6.280010000 5.0
6.280014000 14.5
6.280020000 13.5
6.280050000 13.8
6.281600000 13.8
6.281650000 0.5
6.282450000 0.5
6.282500000 13.8
6.282501000 -40.0
6.282503000 65.0
6.282506000 20.0
6.282510000 5.0
6.282514000 14.5
6.282520000 13.5
6.282550000 13.8
6.284100000 13.8
6.284150000 0.5
6.284950000 0.5
6.285000000 13.8
6.285001000 -40.0
6.285003000 65.0
6.285006000 20.0
6.285010000 5.0
6.285014000 14.5
6.285020000 13.5
6.285050000 13.8
6.286600000 13.8
6.286650000 0.5
6.287450000 0.5
6.287500000 13.8
6.287501000 -40.0
6.287503000 65.0
6.287506000 20.0
6.287510000 5.0
6.287514000 14.5
6.287520000 13.5
6.287550000 13.8
6.289100000 13.8
6.289150000 0.5
6.289950000 0.5
6.290000000 13.8
6.290001000 -40.0
6.290003000 65.0
6.290006000 20.0
6.290010000 5.0
6.290014000 14.5
6.290020000 13.5
6.290050000 13.8
6.291600000 13.8
6.291650000 0.5
6.292450000 0.5
6.292500000 13.8
6.292501000 -40.0
6.292503000 65.0
6.292506000 20.0
6.292510000 5.0
6.292514000 14.5
6.292520000 13.5
6.292550000 13.8
6.294100000 13.8
6.294150000 0.5
6.294950000 0.5
6.295000000 13.8
6.295001000 -40.0
6.295003000 65.0
6.295006000 20.0
6.295010000 5.0
6.295014000 14.5
6.295020000 13.5
6.295050000 13.8
6.296600000 13.8
6.296650000 0.5
6.297450000 0.5
6.297500000 13.8
6.297501000 -40.0
6.297503000 65.0
6.297506000 20.0
6.297510000 5.0
6.297514000 14.5
6.297520000 13.5
6.297550000 13.8
6.299100000 13.8
6.299150000 0.5
6.299950000 0.5
6.300000000 13.8
6.300001000 -40.0
6.300003000 65.0
6.300006000 20.0
6.300010000 5.0
6.300014000 14.5
6.300020000 13.5
6.300050000 13.8
6.301600000 13.8
6.301650000 0.5
6.302450000 0.5
6.302500000 13.8
6.302501000 -40.0
6.302503000 65.0
6.302506000 20.0
6.302510000 5.0
6.302514000 14.5
6.302520000 13.5
6.302550000 13.8
6.304100000 13.8
6.304150000 0.5
6.304950000 0.5
6.305000000 13.8
6.305001000 -40.0
6.305003000 65.0
6.305006000 20.0
6.305010000 5.0
6.305014000 14.5
6.305020000 13.5
6.305050000 13.8
6.306600000 13.8
6.306650000 0.5
6.307450000 0.5
6.307500000 13.8
6.307501000 -40.0
6.307503000 65.0
6.307506000 20.0
6.307510000 5.0
6.307514000 14.5
6.307520000 13.5
6.307550000 13.8
6.309100000 13.8
6.309150000 0.5
6.309950000 0.5
6.310000000 13.8
6.310001000 -40.0
6.310003000 65.0
6.310006000 20.0
6.310010000 5.0
6.310014000 14.5
6.310020000 13.5
6.310050000 13.8
6.311600000 13.8
6.311650000 0.5
6.312450000 0.5
6.312500000 13.8
6.312501000 -40.0
6.312503000 65.0
6.312506000 20.0
6.312510000 5.0
6.312514000 14.5
6.312520000 13.5
6.312550000 13.8
6.314100000 13.8
6.314150000 0.5
6.314950000 0.5
6.315000000 13.8
6.315001000 -40.0
6.315003000 65.0
6.315006000 20.0
6.315010000 5.0
6.315014000 14.5
6.315020000 13.5
6.315050000 13.8
6.316600000 13.8
6.316650000 0.5
6.317450000 0.5
6.317500000 13.8
6.317501000 -40.0
6.317503000 65.0
6.317506000 20.0
6.317510000 5.0
6.317514000 14.5
6.317520000 13.5
6.317550000 13.8
6.319100000 13.8
6.319150000 0.5
6.319950000 0.5
6.320000000 13.8
6.320001000 -40.0
6.320003000 65.0
6.320006000 20.0
6.320010000 5.0
6.320014000 14.5
6.320020000 13.5
6.320050000 13.8
6.321600000 13.8
6.321650000 0.5
6.322450000 0.5
6.322500000 13.8
6.322501000 -40.0
6.322503000 65.0
6.322506000 20.0
6.322510000 5.0
6.322514000 14.5
6.322520000 13.5
6.322550000 13.8
6.324100000 13.8
6.324150000 0.5
6.324950000 0.5
6.325000000 13.8
6.325001000 -40.0
6.325003000 65.0
6.325006000 20.0
6.325010000 5.0
6.325014000 14.5
6.325020000 13.5
6.325050000 13.8
6.326600000 13.8
6.326650000 0.5
6.327450000 0.5
6.327500000 13.8
6.327501000 -40.0
6.327503000 65.0
6.327506000 20.0
6.327510000 5.0
6.327514000 14.5
6.327520000 13.5
6.327550000 13.8
6.329100000 13.8
6.329150000 0.5
6.329950000 0.5
6.330000000 13.8
6.330001000 -40.0
6.330003000 65.0
6.330006000 20.0
6.330010000 5.0
6.330014000 14.5
6.330020000 13.5
6.330050000 13.8
6.331600000 13.8
6.331650000 0.5
6.332450000 0.5
6.332500000 13.8
6.332501000 -40.0
6.332503000 65.0
6.332506000 20.0
6.332510000 5.0
6.332514000 14.5
6.332520000 13.5
6.332550000 13.8
6.334100000 13.8
6.334150000 0.5
6.334950000 0.5
6.335000000 13.8
6.335001000 -40.0
6.335003000 65.0
6.335006000 20.0
6.335010000 5.0
6.335014000 14.5
6.335020000 13.5
6.335050000 13.8
6.336600000 13.8
6.336650000 0.5
6.337450000 0.5
6.337500000 13.8
6.337501000 -40.0
6.337503000 65.0
6.337506000 20.0
6.337510000 5.0
6.337514000 14.5
6.337520000 13.5
6.337550000 13.8
6.339100000 13.8
6.339150000 0.5
6.339950000 0.5
6.340000000 13.8
6.340001000 -40.0
6.340003000 65.0
6.340006000 20.0
6.340010000 5.0
6.340014000 14.5
6.340020000 13.5
6.340050000 13.8
6.341600000 13.8
6.341650000 0.5
6.342450000 0.5
6.342500000 13.8
6.342501000 -40.0
6.342503000 65.0
6.342506000 20.0
6.342510000 5.0
6.342514000 14.5
6.342520000 13.5
6.342550000 13.8
6.344100000 13.8
6.344150000 0.5
6.344950000 0.5
6.345000000 13.8
6.345001000 -40.0
6.345003000 65.0
6.345006000 20.0
6.345010000 5.0
6.345014000 14.5
6.345020000 13.5
6.345050000 13.8
6.346600000 13.8
6.346650000 0.5
6.347450000 0.5
6.347500000 13.8
6.347501000 -40.0
6.347503000 65.0
6.347506000 20.0
6.347510000 5.0
6.347514000 14.5
6.347520000 13.5
6.347550000 13.8
6.349100000 13.8
6.349150000 0.5
6.349950000 0.5
6.350000000 13.8
6.350001000 -40.0
6.350003000 65.0
6.350006000 20.0
6.350010000 5.0
6.350014000 14.5
6.350020000 13.5
6.350050000 13.8
6.351600000 13.8
6.351650000 0.5
6.352450000 0.5
6.352500000 13.8
6.352501000 -40.0
6.352503000 65.0
6.352506000 20.0
6.352510000 5.0
6.352514000 14.5
6.352520000 13.5
6.352550000 13.8
6.354100000 13.8
6.354150000 0.5
6.354950000 0.5
6.355000000 13.8
6.355001000 -40.0
6.355003000 65.0
6.355006000 20.0
6.355010000 5.0
6.355014000 14.5
6.355020000 13.5
6.355050000 13.8
6.356600000 13.8
6.356650000 0.5
6.357450000 0.5
6.357500000 13.8
6.357501000 -40.0
6.357503000 65.0
6.357506000 20.0
6.357510000 5.0
6.357514000 14.5
6.357520000 13.5
6.357550000 13.8
6.359100000 13.8
6.359150000 0.5
6.359950000 0.5
6.360000000 13.8
6.360001000 -40.0
6.360003000 65.0
6.360006000 20.0
6.360010000 5.0
6.360014000 14.5
6.360020000 13.5
6.360050000 13.8
6.361600000 13.8
6.361650000 0.5
6.362450000 0.5
6.362500000 13.8
6.362501000 -40.0
6.362503000 65.0
6.362506000 20.0
6.362510000 5.0
6.362514000 14.5
6.362520000 13.5
6.362550000 13.8
6.364100000 13.8
6.364150000 0.5
6.364950000 0.5
6.365000000 13.8
6.365001000 -40.0
6.365003000 65.0
6.365006000 20.0
6.365010000 5.0
6.365014000 14.5
6.365020000 13.5
6.365050000 13.8
6.366600000 13.8
6.366650000 0.5
6.367450000 0.5
6.367500000 13.8
6.367501000 -40.0
6.367503000 65.0
6.367506000 20.0
6.367510000 5.0
6.367514000 14.5
6.367520000 13.5
6.367550000 13.8
6.369100000 13.8
6.369150000 0.5
6.369950000 0.5
6.370000000 13.8
6.370001000 -40.0
6.370003000 65.0
6.370006000 20.0
6.370010000 5.0
6.370014000 14.5
6.370020000 13.5
6.370050000 13.8
6.371600000 13.8
6.371650000 0.5
6.372450000 0.5
6.372500000 13.8
6.372501000 -40.0
6.372503000 65.0
6.372506000 20.0
6.372510000 5.0
6.372514000 14.5
6.372520000 13.5
6.372550000 13.8
6.374100000 13.8
6.374150000 0.5
6.374950000 0.5
6.375000000 13.8
6.375001000 -40.0
6.375003000 65.0
6.375006000 20.0
6.375010000 5.0
6.375014000 14.5
6.375020000 13.5
6.375050000 13.8
6.376600000 13.8
6.376650000 0.5
6.377450000 0.5
6.377500000 13.8
6.377501000 -40.0
6.377503000 65.0
6.377506000 20.0
6.377510000 5.0
6.377514000 14.5
6.377520000 13.5
6.377550000 13.8
6.379100000 13.8
6.379150000 0.5
6.379950000 0.5
6.380000000 13.8
6.380001000 -40.0
6.380003000 65.0
6.380006000 20.0
6.380010000 5.0
6.380014000 14.5
6.380020000 13.5
6.380050000 13.8
6.381600000 13.8
6.381650000 0.5
6.382450000 0.5
6.382500000 13.8
6.382501000 -40.0
6.382503000 65.0
6.382506000 20.0
6.382510000 5.0
6.382514000 14.5
6.382520000 13.5
6.382550000 13.8
6.384100000 13.8
6.384150000 0.5
6.384950000 0.5
6.385000000 13.8
6.385001000 -40.0
6.385003000 65.0
6.385006000 20.0
6.385010000 5.0
6.385014000 14.5
6.385020000 13.5
6.385050000 13.8
6.386600000 13.8
6.386650000 0.5
6.387450000 0.5
6.387500000 13.8
6.387501000 -40.0
6.387503000 65.0
6.387506000 20.0
6.387510000 5.0
6.387514000 14.5
6.387520000 13.5
6.387550000 13.8
6.389100000 13.8
6.389150000 0.5
6.389950000 0.5
6.390000000 13.8
6.390001000 -40.0
6.390003000 65.0
6.390006000 20.0
6.390010000 5.0
6.390014000 14.5
6.390020000 13.5
6.390050000 13.8
6.391600000 13.8
6.391650000 0.5
6.392450000 0.5
6.392500000 13.8
6.392501000 -40.0
6.392503000 65.0
6.392506000 20.0
6.392510000 5.0
6.392514000 14.5
6.392520000 13.5
6.392550000 13.8
6.394100000 13.8
6.394150000 0.5
6.394950000 0.5
6.395000000 13.8
6.395001000 -40.0
6.395003000 65.0
6.395006000 20.0
6.395010000 5.0
6.395014000 14.5
6.395020000 13.5
6.395050000 13.8
6.396600000 13.8
6.396650000 0.5
6.397450000 0.5
6.397500000 13.8
6.397501000 -40.0
6.397503000 65.0
6.397506000 20.0
6.397510000 5.0
6.397514000 14.5
6.397520000 13.5
6.397550000 13.8
6.399100000 13.8
6.399150000 0.5
6.399950000 0.5
6.400000000 13.8
6.400001000 -40.0
6.400003000 65.0
6.400006000 20.0
6.400010000 5.0
6.400014000 14.5
6.400020000 13.5
6.400050000 13.8
6.401600000 13.8
6.401650000 0.5
6.402450000 0.5
6.402500000 13.8
6.402501000 -40.0
6.402503000 65.0
6.402506000 20.0
6.402510000 5.0
6.402514000 14.5
6.402520000 13.5
6.402550000 13.8
6.404100000 13.8
6.404150000 0.5
6.404950000 0.5
6.405000000 13.8
6.405001000 -40.0
6.405003000 65.0
6.405006000 20.0
6.405010000 5.0
6.405014000 14.5
6.405020000 13.5
6.405050000 13.8
6.406600000 13.8
6.406650000 0.5
6.407450000 0.5
6.407500000 13.8
6.407501000 -40.0
6.407503000 65.0
6.407506000 20.0
6.407510000 5.0
6.407514000 14.5
6.407520000 13.5
6.407550000 13.8
6.409100000 13.8
6.409150000 0.5
6.409950000 0.5
6.410000000 13.8
6.410001000 -40.0
6.410003000 65.0
6.410006000 20.0
6.410010000 5.0
6.410014000 14.5
6.410020000 13.5
6.410050000 13.8
6.411600000 13.8
6.411650000 0.5
6.412450000 0.5
6.412500000 13.8
6.412501000 -40.0
6.412503000 65.0
6.412506000 20.0
6.412510000 5.0
6.412514000 14.5
6.412520000 13.5
6.412550000 13.8
6.414100000 13.8
6.414150000 0.5
6.414950000 0.5
6.415000000 13.8
6.415001000 -40.0
6.415003000 65.0
6.415006000 20.0
6.415010000 5.0
6.415014000 14.5
6.415020000 13.5
6.415050000 13.8
6.416600000 13.8
6.416650000 0.5
6.417450000 0.5
6.417500000 13.8
6.417501000 -40.0
6.417503000 65.0
6.417506000 20.0
6.417510000 5.0
6.417514000 14.5
6.417520000 13.5
6.417550000 13.8
6.419100000 13.8
6.419150000 0.5
6.419950000 0.5
6.420000000 13.8
6.420001000 -40.0
6.420003000 65.0
6.420006000 20.0
6.420010000 5.0
6.420014000 14.5
6.420020000 13.5
6.420050000 13.8
6.421600000 13.8
6.421650000 0.5
6.422450000 0.5
6.422500000 13.8
6.422501000 -40.0
6.422503000 65.0
6.422506000 20.0
6.422510000 5.0
6.422514000 14.5
6.422520000 13.5
6.422550000 13.8
6.424100000 13.8
6.424150000 0.5
6.424950000 0.5
6.425000000 13.8
6.425001000 -40.0
6.425003000 65.0
6.425006000 20.0
6.425010000 5.0
6.425014000 14.5
6.425020000 13.5
6.425050000 13.8
6.426600000 13.8
6.426650000 0.5
6.427450000 0.5
6.427500000 13.8
6.427501000 -40.0
6.427503000 65.0
6.427506000 20.0
6.427510000 5.0
6.427514000 14.5
6.427520000 13.5
6.427550000 13.8
6.429100000 13.8
6.429150000 0.5
6.429950000 0.5
6.430000000 13.8
6.430001000 -40.0
6.430003000 65.0
6.430006000 20.0
6.430010000 5.0
6.430014000 14.5
6.430020000 13.5
6.430050000 13.8
6.431600000 13.8
6.431650000 0.5
6.432450000 0.5
6.432500000 13.8
6.432501000 -40.0
6.432503000 65.0
6.432506000 20.0
6.432510000 5.0
6.432514000 14.5
6.432520000 13.5
6.432550000 13.8
6.434100000 13.8
6.434150000 0.5
6.434950000 0.5
6.435000000 13.8
6.435001000 -40.0
6.435003000 65.0
6.435006000 20.0
6.435010000 5.0
6.435014000 14.5
6.435020000 13.5
6.435050000 13.8
6.436600000 13.8
6.436650000 0.5
6.437450000 0.5
6.437500000 13.8
6.437501000 -40.0
6.437503000 65.0
6.437506000 20.0
6.437510000 5.0
6.437514000 14.5
6.437520000 13.5
6.437550000 13.8
6.439100000 13.8
6.439150000 0.5
6.439950000 0.5
6.440000000 13.8
6.440001000 -40.0
6.440003000 65.0
6.440006000 20.0
6.440010000 5.0
6.440014000 14.5
6.440020000 13.5
6.440050000 13.8
6.441600000 13.8
6.441650000 0.5
6.442450000 0.5
6.442500000 13.8
6.442501000 -40.0
6.442503000 65.0
6.442506000 20.0
6.442510000 5.0
6.442514000 14.5
6.442520000 13.5
6.442550000 13.8
6.444100000 13.8
6.444150000 0.5
6.444950000 0.5
6.445000000 13.8
6.445001000 -40.0
6.445003000 65.0
6.445006000 20.0
6.445010000 5.0
6.445014000 14.5
6.445020000 13.5
6.445050000 13.8
6.446600000 13.8
6.446650000 0.5
6.447450000 0.5
6.447500000 13.8
6.447501000 -40.0
6.447503000 65.0
6.447506000 20.0
6.447510000 5.0
6.447514000 14.5
6.447520000 13.5
6.447550000 13.8
6.449100000 13.8
6.449150000 0.5
6.449950000 0.5
6.450000000 13.8
6.450001000 -40.0
6.450003000 65.0
6.450006000 20.0
6.450010000 5.0
6.450014000 14.5
6.450020000 13.5
6.450050000 13.8
6.451600000 13.8
6.451650000 0.5
6.452450000 0.5
6.452500000 13.8
6.452501000 -40.0
6.452503000 65.0
6.452506000 20.0
6.452510000 5.0
6.452514000 14.5
6.452520000 13.5
6.452550000 13.8
6.454100000 13.8
6.454150000 0.5
6.454950000 0.5
6.455000000 13.8
6.455001000 -40.0
6.455003000 65.0
6.455006000 20.0
6.455010000 5.0
6.455014000 14.5
6.455020000 13.5
6.455050000 13.8
6.456600000 13.8
6.456650000 0.5
6.457450000 0.5
6.457500000 13.8
6.457501000 -40.0
6.457503000 65.0
6.457506000 20.0
6.457510000 5.0
6.457514000 14.5
6.457520000 13.5
6.457550000 13.8
6.459100000 13.8
6.459150000 0.5
6.459950000 0.5
6.460000000 13.8
6.460001000 -40.0
6.460003000 65.0
6.460006000 20.0
6.460010000 5.0
6.460014000 14.5
6.460020000 13.5
6.460050000 13.8
6.461600000 13.8
6.461650000 0.5
6.462450000 0.5
6.462500000 13.8
6.462501000 -40.0
6.462503000 65.0
6.462506000 20.0
6.462510000 5.0
6.462514000 14.5
6.462520000 13.5
6.462550000 13.8
6.464100000 13.8
6.464150000 0.5
6.464950000 0.5
6.465000000 13.8
6.465001000 -40.0
6.465003000 65.0
6.465006000 20.0
6.465010000 5.0
6.465014000 14.5
6.465020000 13.5
6.465050000 13.8
6.466600000 13.8
6.466650000 0.5
6.467450000 0.5
6.467500000 13.8
6.467501000 -40.0
6.467503000 65.0
6.467506000 20.0
6.467510000 5.0
6.467514000 14.5
6.467520000 13.5
6.467550000 13.8
6.469100000 13.8
6.469150000 0.5
6.469950000 0.5
6.470000000 13.8
6.470001000 -40.0
6.470003000 65.0
6.470006000 20.0
6.470010000 5.0
6.470014000 14.5
6.470020000 13.5
6.470050000 13.8
6.471600000 13.8
6.471650000 0.5
6.472450000 0.5
6.472500000 13.8
6.472501000 -40.0
6.472503000 65.0
6.472506000 20.0
6.472510000 5.0
6.472514000 14.5
6.472520000 13.5
6.472550000 13.8
6.474100000 13.8
6.474150000 0.5
6.474950000 0.5
6.475000000 13.8
6.475001000 -40.0
6.475003000 65.0
6.475006000 20.0
6.475010000 5.0
6.475014000 14.5
6.475020000 13.5
6.475050000 13.8
6.476600000 13.8
6.476650000 0.5
6.477450000 0.5
6.477500000 13.8
6.477501000 -40.0
6.477503000 65.0
6.477506000 20.0
6.477510000 5.0
6.477514000 14.5
6.477520000 13.5
6.477550000 13.8
6.479100000 13.8
6.479150000 0.5
6.479950000 0.5
6.480000000 13.8
6.480001000 -40.0
6.480003000 65.0
6.480006000 20.0
6.480010000 5.0
6.480014000 14.5
6.480020000 13.5
6.480050000 13.8
6.481600000 13.8
6.481650000 0.5
6.482450000 0.5
6.482500000 13.8
6.482501000 -40.0
6.482503000 65.0
6.482506000 20.0
6.482510000 5.0
6.482514000 14.5
6.482520000 13.5
6.482550000 13.8
6.484100000 13.8
6.484150000 0.5
6.484950000 0.5
6.485000000 13.8
6.485001000 -40.0
6.485003000 65.0
6.485006000 20.0
6.485010000 5.0
6.485014000 14.5
6.485020000 13.5
6.485050000 13.8
6.486600000 13.8
6.486650000 0.5
6.487450000 0.5
6.487500000 13.8
6.487501000 -40.0
6.487503000 65.0
6.487506000 20.0
6.487510000 5.0
6.487514000 14.5
6.487520000 13.5
6.487550000 13.8
6.489100000 13.8
6.489150000 0.5
6.489950000 0.5
6.490000000 13.8
6.490001000 -40.0
6.490003000 65.0
6.490006000 20.0
6.490010000 5.0
6.490014000 14.5
6.490020000 13.5
6.490050000 13.8
6.491600000 13.8
6.491650000 0.5
6.492450000 0.5
6.492500000 13.8
6.492501000 -40.0
6.492503000 65.0
6.492506000 20.0
6.492510000 5.0
6.492514000 14.5
6.492520000 13.5
6.492550000 13.8
6.494100000 13.8
6.494150000 0.5
6.494950000 0.5
6.495000000 13.8
6.495001000 -40.0
6.495003000 65.0
6.495006000 20.0
6.495010000 5.0
6.495014000 14.5
6.495020000 13.5
6.495050000 13.8
6.496600000 13.8
6.496650000 0.5
6.497450000 0.5
6.497500000 13.8
6.497501000 -40.0
6.497503000 65.0
6.497506000 20.0
6.497510000 5.0
6.497514000 14.5
6.497520000 13.5
6.497550000 13.8
6.499100000 13.8
6.499150000 0.5
6.499950000 0.5
6.500000000 13.8
6.500001000 -40.0
6.500003000 65.0
6.500006000 20.0
6.500010000 5.0
6.500014000 14.5
6.500020000 13.5
6.500050000 13.8
6.501600000 13.8
6.501650000 0.5
6.502450000 0.5
6.502500000 13.8
6.502501000 -40.0
6.502503000 65.0
6.502506000 20.0
6.502510000 5.0
6.502514000 14.5
6.502520000 13.5
6.502550000 13.8
6.504100000 13.8
6.504150000 0.5
6.504950000 0.5
6.505000000 13.8
6.505001000 -40.0
6.505003000 65.0
6.505006000 20.0
6.505010000 5.0
6.505014000 14.5
6.505020000 13.5
6.505050000 13.8
6.506600000 13.8
6.506650000 0.5
6.507450000 0.5
6.507500000 13.8
6.507501000 -40.0
6.507503000 65.0
6.507506000 20.0
6.507510000 5.0
6.507514000 14.5
6.507520000 13.5
6.507550000 13.8
6.509100000 13.8
6.509150000 0.5
6.509950000 0.5
6.510000000 13.8
6.510001000 -40.0
6.510003000 65.0
6.510006000 20.0
6.510010000 5.0
6.510014000 14.5
6.510020000 13.5
6.510050000 13.8
6.511600000 13.8
6.511650000 0.5
6.512450000 0.5
6.512500000 13.8
6.512501000 -40.0
6.512503000 65.0
6.512506000 20.0
6.512510000 5.0
6.512514000 14.5
6.512520000 13.5
6.512550000 13.8
6.514100000 13.8
6.514150000 0.5
6.514950000 0.5
6.515000000 13.8
6.515001000 -40.0
6.515003000 65.0
6.515006000 20.0
6.515010000 5.0
6.515014000 14.5
6.515020000 13.5
6.515050000 13.8
6.516600000 13.8
6.516650000 0.5
6.517450000 0.5
6.517500000 13.8
6.517501000 -40.0
6.517503000 65.0
6.517506000 20.0
6.517510000 5.0
6.517514000 14.5
6.517520000 13.5
6.517550000 13.8
6.519100000 13.8
6.519150000 0.5
6.519950000 0.5
6.520000000 13.8
6.520001000 -40.0
6.520003000 65.0
6.520006000 20.0
6.520010000 5.0
6.520014000 14.5
6.520020000 13.5
6.520050000 13.8
6.521600000 13.8
6.521650000 0.5
6.522450000 0.5
6.522500000 13.8
6.522501000 -40.0
6.522503000 65.0
6.522506000 20.0
6.522510000 5.0
6.522514000 14.5
6.522520000 13.5
6.522550000 13.8
6.524100000 13.8
6.524150000 0.5
6.524950000 0.5
6.525000000 13.8
6.525001000 -40.0
6.525003000 65.0
6.525006000 20.0
6.525010000 5.0
6.525014000 14.5
6.525020000 13.5
6.525050000 13.8
6.526600000 13.8
6.526650000 0.5
6.527450000 0.5
6.527500000 13.8
6.527501000 -40.0
6.527503000 65.0
6.527506000 20.0
6.527510000 5.0
6.527514000 14.5
6.527520000 13.5
6.527550000 13.8
6.529100000 13.8
6.529150000 0.5
6.529950000 0.5
6.530000000 13.8
6.530001000 -40.0
6.530003000 65.0
6.530006000 20.0
6.530010000 5.0
6.530014000 14.5
6.530020000 13.5
6.530050000 13.8
6.531600000 13.8
6.531650000 0.5
6.532450000 0.5
6.532500000 13.8
6.532501000 -40.0
6.532503000 65.0
6.532506000 20.0
6.532510000 5.0
6.532514000 14.5
6.532520000 13.5
6.532550000 13.8
6.534100000 13.8
6.534150000 0.5
6.534950000 0.5
6.535000000 13.8
6.535001000 -40.0
6.535003000 65.0
6.535006000 20.0
6.535010000 5.0
6.535014000 14.5
6.535020000 13.5
6.535050000 13.8
6.536600000 13.8
6.536650000 0.5
6.537450000 0.5
6.537500000 13.8
6.537501000 -40.0
6.537503000 65.0
6.537506000 20.0
6.537510000 5.0
6.537514000 14.5
6.537520000 13.5
6.537550000 13.8
6.539100000 13.8
6.539150000 0.5
6.539950000 0.5
6.540000000 13.8
6.540001000 -40.0
6.540003000 65.0
6.540006000 20.0
6.540010000 5.0
6.540014000 14.5
6.540020000 13.5
6.540050000 13.8
6.541600000 13.8
6.541650000 0.5
6.542450000 0.5
6.542500000 13.8
6.542501000 -40.0
6.542503000 65.0
6.542506000 20.0
6.542510000 5.0
6.542514000 14.5
6.542520000 13.5
6.542550000 13.8
6.544100000 13.8
6.544150000 0.5
6.544950000 0.5
6.545000000 13.8
6.545001000 -40.0
6.545003000 65.0
6.545006000 20.0
6.545010000 5.0
6.545014000 14.5
6.545020000 13.5
6.545050000 13.8
6.546600000 13.8
6.546650000 0.5
6.547450000 0.5
6.547500000 13.8
6.547501000 -40.0
6.547503000 65.0
6.547506000 20.0
6.547510000 5.0
6.547514000 14.5
6.547520000 13.5
6.547550000 13.8
6.549100000 13.8
6.549150000 0.5
6.549950000 0.5
6.550000000 13.8
6.550001000 -40.0
6.550003000 65.0
6.550006000 20.0
6.550010000 5.0
6.550014000 14.5
6.550020000 13.5
6.550050000 13.8
6.551600000 13.8
6.551650000 0.5
6.552450000 0.5
6.552500000 13.8
6.552501000 -40.0
6.552503000 65.0
6.552506000 20.0
6.552510000 5.0
6.552514000 14.5
6.552520000 13.5
6.552550000 13.8
6.554100000 13.8
6.554150000 0.5
6.554950000 0.5
6.555000000 13.8
6.555001000 -40.0
6.555003000 65.0
6.555006000 20.0
6.555010000 5.0
6.555014000 14.5
6.555020000 13.5
6.555050000 13.8
6.556600000 13.8
6.556650000 0.5
6.557450000 0.5
6.557500000 13.8
6.557501000 -40.0
6.557503000 65.0
6.557506000 20.0
6.557510000 5.0
6.557514000 14.5
6.557520000 13.5
6.557550000 13.8
6.559100000 13.8
6.559150000 0.5
6.559950000 0.5
6.560000000 13.8
6.560001000 -40.0
6.560003000 65.0
6.560006000 20.0
6.560010000 5.0
6.560014000 14.5
6.560020000 13.5
6.560050000 13.8
6.561600000 13.8
6.561650000 0.5
6.562450000 0.5
6.562500000 13.8
6.562501000 -40.0
6.562503000 65.0
6.562506000 20.0
6.562510000 5.0
6.562514000 14.5
6.562520000 13.5
6.562550000 13.8
6.564100000 13.8
6.564150000 0.5
6.564950000 0.5
6.565000000 13.8
6.565001000 -40.0
6.565003000 65.0
6.565006000 20.0
6.565010000 5.0
6.565014000 14.5
6.565020000 13.5
6.565050000 13.8
6.566600000 13.8
6.566650000 0.5
6.567450000 0.5
6.567500000 13.8
6.567501000 -40.0
6.567503000 65.0
6.567506000 20.0
6.567510000 5.0
6.567514000 14.5
6.567520000 13.5
6.567550000 13.8
6.569100000 13.8
6.569150000 0.5
6.569950000 0.5
6.570000000 13.8
6.570001000 -40.0
6.570003000 65.0
6.570006000 20.0
6.570010000 5.0
6.570014000 14.5
6.570020000 13.5
6.570050000 13.8
6.571600000 13.8
6.571650000 0.5
6.572450000 0.5
6.572500000 13.8
6.572501000 -40.0
6.572503000 65.0
6.572506000 20.0
6.572510000 5.0
6.572514000 14.5
6.572520000 13.5
6.572550000 13.8
6.574100000 13.8
6.574150000 0.5
6.574950000 0.5
6.575000000 13.8
6.575001000 -40.0
6.575003000 65.0
6.575006000 20.0
6.575010000 5.0
6.575014000 14.5
6.575020000 13.5
6.575050000 13.8
6.576600000 13.8
6.576650000 0.5
6.577450000 0.5
6.577500000 13.8
6.577501000 -40.0
6.577503000 65.0
6.577506000 20.0
6.577510000 5.0
6.577514000 14.5
6.577520000 13.5
6.577550000 13.8
6.579100000 13.8
6.579150000 0.5
6.579950000 0.5
6.580000000 13.8
6.580001000 -40.0
6.580003000 65.0
6.580006000 20.0
6.580010000 5.0
6.580014000 14.5
6.580020000 13.5
6.580050000 13.8
6.581600000 13.8
6.581650000 0.5
6.582450000 0.5
6.582500000 13.8
6.582501000 -40.0
6.582503000 65.0
6.582506000 20.0
6.582510000 5.0
6.582514000 14.5
6.582520000 13.5
6.582550000 13.8
6.584100000 13.8
6.584150000 0.5
6.584950000 0.5
6.585000000 13.8
6.585001000 -40.0
6.585003000 65.0
6.585006000 20.0
6.585010000 5.0
6.585014000 14.5
6.585020000 13.5
6.585050000 13.8
6.586600000 13.8
6.586650000 0.5
6.587450000 0.5
6.587500000 13.8
6.587501000 -40.0
6.587503000 65.0
6.587506000 20.0
6.587510000 5.0
6.587514000 14.5
6.587520000 13.5
6.587550000 13.8
6.589100000 13.8
6.589150000 0.5
6.589950000 0.5
6.590000000 13.8
6.590001000 -40.0
6.590003000 65.0
6.590006000 20.0
6.590010000 5.0
6.590014000 14.5
6.590020000 13.5
6.590050000 13.8
6.591600000 13.8
6.591650000 0.5
6.592450000 0.5
6.592500000 13.8
6.592501000 -40.0
6.592503000 65.0
6.592506000 20.0
6.592510000 5.0
6.592514000 14.5
6.592520000 13.5
6.592550000 13.8
6.594100000 13.8
6.594150000 0.5
6.594950000 0.5
6.595000000 13.8
6.595001000 -40.0
6.595003000 65.0
6.595006000 20.0
6.595010000 5.0
6.595014000 14.5
6.595020000 13.5
6.595050000 13.8
6.596600000 13.8
6.596650000 0.5
6.597450000 0.5
6.597500000 13.8
6.597501000 -40.0
6.597503000 65.0
6.597506000 20.0
6.597510000 5.0
6.597514000 14.5
6.597520000 13.5
6.597550000 13.8
6.599100000 13.8
6.599150000 0.5
6.599950000 0.5
6.600000000 13.8
6.600001000 -40.0
6.600003000 65.0
6.600006000 20.0
6.600010000 5.0
6.600014000 14.5
6.600020000 13.5
6.600050000 13.8
6.601600000 13.8
6.601650000 0.5
6.602450000 0.5
6.602500000 13.8
6.602501000 -40.0
6.602503000 65.0
6.602506000 20.0
6.602510000 5.0
6.602514000 14.5
6.602520000 13.5
6.602550000 13.8
6.604100000 13.8
6.604150000 0.5
6.604950000 0.5
6.605000000 13.8
6.605001000 -40.0
6.605003000 65.0
6.605006000 20.0
6.605010000 5.0
6.605014000 14.5
6.605020000 13.5
6.605050000 13.8
6.606600000 13.8
6.606650000 0.5
6.607450000 0.5
6.607500000 13.8
6.607501000 -40.0
6.607503000 65.0
6.607506000 20.0
6.607510000 5.0
6.607514000 14.5
6.607520000 13.5
6.607550000 13.8
6.609100000 13.8
6.609150000 0.5
6.609950000 0.5
6.610000000 13.8
6.610001000 -40.0
6.610003000 65.0
6.610006000 20.0
6.610010000 5.0
6.610014000 14.5
6.610020000 13.5
6.610050000 13.8
6.611600000 13.8
6.611650000 0.5
6.612450000 0.5
6.612500000 13.8
6.612501000 -40.0
6.612503000 65.0
6.612506000 20.0
6.612510000 5.0
6.612514000 14.5
6.612520000 13.5
6.612550000 13.8
6.614100000 13.8
6.614150000 0.5
6.614950000 0.5
6.615000000 13.8
6.615001000 -40.0
6.615003000 65.0
6.615006000 20.0
6.615010000 5.0
6.615014000 14.5
6.615020000 13.5
6.615050000 13.8
6.616600000 13.8
6.616650000 0.5
6.617450000 0.5
6.617500000 13.8
6.617501000 -40.0
6.617503000 65.0
6.617506000 20.0
6.617510000 5.0
6.617514000 14.5
6.617520000 13.5
6.617550000 13.8
6.619100000 13.8
6.619150000 0.5
6.619950000 0.5
6.620000000 13.8
6.620001000 -40.0
6.620003000 65.0
6.620006000 20.0
6.620010000 5.0
6.620014000 14.5
6.620020000 13.5
6.620050000 13.8
6.621600000 13.8
6.621650000 0.5
6.622450000 0.5
6.622500000 13.8
6.622501000 -40.0
6.622503000 65.0
6.622506000 20.0
6.622510000 5.0
6.622514000 14.5
6.622520000 13.5
6.622550000 13.8
6.624100000 13.8
6.624150000 0.5
6.624950000 0.5
6.625000000 13.8
6.625001000 -40.0
6.625003000 65.0
6.625006000 20.0
6.625010000 5.0
6.625014000 14.5
6.625020000 13.5
6.625050000 13.8
6.626600000 13.8
6.626650000 0.5
6.627450000 0.5
6.627500000 13.8
6.627501000 -40.0
6.627503000 65.0
6.627506000 20.0
6.627510000 5.0
6.627514000 14.5
6.627520000 13.5
6.627550000 13.8
6.629100000 13.8
6.629150000 0.5
6.629950000 0.5
6.630000000 13.8
6.630001000 -40.0
6.630003000 65.0
6.630006000 20.0
6.630010000 5.0
6.630014000 14.5
6.630020000 13.5
6.630050000 13.8
6.631600000 13.8
6.631650000 0.5
6.632450000 0.5
6.632500000 13.8
6.632501000 -40.0
6.632503000 65.0
6.632506000 20.0
6.632510000 5.0
6.632514000 14.5
6.632520000 13.5
6.632550000 13.8
6.634100000 13.8
6.634150000 0.5
6.634950000 0.5
6.635000000 13.8
6.635001000 -40.0
6.635003000 65.0
6.635006000 20.0
6.635010000 5.0
6.635014000 14.5
6.635020000 13.5
6.635050000 13.8
6.636600000 13.8
6.636650000 0.5
6.637450000 0.5
6.637500000 13.8
6.637501000 -40.0
6.637503000 65.0
6.637506000 20.0
6.637510000 5.0
6.637514000 14.5
6.637520000 13.5
6.637550000 13.8
6.639100000 13.8
6.639150000 0.5
6.639950000 0.5
6.640000000 13.8
6.640001000 -40.0
6.640003000 65.0
6.640006000 20.0
6.640010000 5.0
6.640014000 14.5
6.640020000 13.5
6.640050000 13.8
6.641600000 13.8
6.641650000 0.5
6.642450000 0.5
6.642500000 13.8
6.642501000 -40.0
6.642503000 65.0
6.642506000 20.0
6.642510000 5.0
6.642514000 14.5
6.642520000 13.5
6.642550000 13.8
6.644100000 13.8
6.644150000 0.5
6.644950000 0.5
6.645000000 13.8
6.645001000 -40.0
6.645003000 65.0
6.645006000 20.0
6.645010000 5.0
6.645014000 14.5
6.645020000 13.5
6.645050000 13.8
6.646600000 13.8
6.646650000 0.5
6.647450000 0.5
6.647500000 13.8
6.647501000 -40.0
6.647503000 65.0
6.647506000 20.0
6.647510000 5.0
6.647514000 14.5
6.647520000 13.5
6.647550000 13.8
6.649100000 13.8
6.649150000 0.5
6.649950000 0.5
6.650000000 13.8
6.650001000 -40.0
6.650003000 65.0
6.650006000 20.0
6.650010000 5.0
6.650014000 14.5
6.650020000 13.5
6.650050000 13.8
6.651600000 13.8
6.651650000 0.5
6.652450000 0.5
6.652500000 13.8
6.652501000 -40.0
6.652503000 65.0
6.652506000 20.0
6.652510000 5.0
6.652514000 14.5
6.652520000 13.5
6.652550000 13.8
6.654100000 13.8
6.654150000 0.5
6.654950000 0.5
6.655000000 13.8
6.655001000 -40.0
6.655003000 65.0
6.655006000 20.0
6.655010000 5.0
6.655014000 14.5
6.655020000 13.5
6.655050000 13.8
6.656600000 13.8
6.656650000 0.5
6.657450000 0.5
6.657500000 13.8
6.657501000 -40.0
6.657503000 65.0
6.657506000 20.0
6.657510000 5.0
6.657514000 14.5
6.657520000 13.5
6.657550000 13.8
6.659100000 13.8
6.659150000 0.5
6.659950000 0.5
6.660000000 13.8
6.660001000 -40.0
6.660003000 65.0
6.660006000 20.0
6.660010000 5.0
6.660014000 14.5
6.660020000 13.5
6.660050000 13.8
6.661600000 13.8
6.661650000 0.5
6.662450000 0.5
6.662500000 13.8
6.662501000 -40.0
6.662503000 65.0
6.662506000 20.0
6.662510000 5.0
6.662514000 14.5
6.662520000 13.5
6.662550000 13.8
6.664100000 13.8
6.664150000 0.5
6.664950000 0.5
6.665000000 13.8
6.665001000 -40.0
6.665003000 65.0
6.665006000 20.0
6.665010000 5.0
6.665014000 14.5
6.665020000 13.5
6.665050000 13.8
6.666600000 13.8
6.666650000 0.5
6.667450000 0.5
6.667500000 13.8
6.667501000 -40.0
6.667503000 65.0
6.667506000 20.0
6.667510000 5.0
6.667514000 14.5
6.667520000 13.5
6.667550000 13.8
6.669100000 13.8
6.669150000 0.5
6.669950000 0.5
6.670000000 13.8
6.670001000 -40.0
6.670003000 65.0
6.670006000 20.0
6.670010000 5.0
6.670014000 14.5
6.670020000 13.5
6.670050000 13.8
6.671600000 13.8
6.671650000 0.5
6.672450000 0.5
6.672500000 13.8
6.672501000 -40.0
6.672503000 65.0
6.672506000 20.0
6.672510000 5.0
6.672514000 14.5
6.672520000 13.5
6.672550000 13.8
6.674100000 13.8
6.674150000 0.5
6.674950000 0.5
6.675000000 13.8
6.675001000 -40.0
6.675003000 65.0
6.675006000 20.0
6.675010000 5.0
6.675014000 14.5
6.675020000 13.5
6.675050000 13.8
6.676600000 13.8
6.676650000 0.5
6.677450000 0.5
6.677500000 13.8
6.677501000 -40.0
6.677503000 65.0
6.677506000 20.0
6.677510000 5.0
6.677514000 14.5
6.677520000 13.5
6.677550000 13.8
6.679100000 13.8
6.679150000 0.5
6.679950000 0.5
6.680000000 13.8
6.680001000 -40.0
6.680003000 65.0
6.680006000 20.0
6.680010000 5.0
6.680014000 14.5
6.680020000 13.5
6.680050000 13.8
6.681600000 13.8
6.681650000 0.5
6.682450000 0.5
6.682500000 13.8
6.682501000 -40.0
6.682503000 65.0
6.682506000 20.0
6.682510000 5.0
6.682514000 14.5
6.682520000 13.5
6.682550000 13.8
6.684100000 13.8
6.684150000 0.5
6.684950000 0.5
6.685000000 13.8
6.685001000 -40.0
6.685003000 65.0
6.685006000 20.0
6.685010000 5.0
6.685014000 14.5
6.685020000 13.5
6.685050000 13.8
6.686600000 13.8
6.686650000 0.5
6.687450000 0.5
6.687500000 13.8
6.687501000 -40.0
6.687503000 65.0
6.687506000 20.0
6.687510000 5.0
6.687514000 14.5
6.687520000 13.5
6.687550000 13.8
6.689100000 13.8
6.689150000 0.5
6.689950000 0.5
6.690000000 13.8
6.690001000 -40.0
6.690003000 65.0
6.690006000 20.0
6.690010000 5.0
6.690014000 14.5
6.690020000 13.5
6.690050000 13.8
6.691600000 13.8
6.691650000 0.5
6.692450000 0.5
6.692500000 13.8
6.692501000 -40.0
6.692503000 65.0
6.692506000 20.0
6.692510000 5.0
6.692514000 14.5
6.692520000 13.5
6.692550000 13.8
6.694100000 13.8
6.694150000 0.5
6.694950000 0.5
6.695000000 13.8
6.695001000 -40.0
6.695003000 65.0
6.695006000 20.0
6.695010000 5.0
6.695014000 14.5
6.695020000 13.5
6.695050000 13.8
6.696600000 13.8
6.696650000 0.5
6.697450000 0.5
6.697500000 13.8
6.697501000 -40.0
6.697503000 65.0
6.697506000 20.0
6.697510000 5.0
6.697514000 14.5
6.697520000 13.5
6.697550000 13.8
6.699100000 13.8
6.699150000 0.5
6.699950000 0.5
6.700000000 13.8
6.700001000 -40.0
6.700003000 65.0
6.700006000 20.0
6.700010000 5.0
6.700014000 14.5
6.700020000 13.5
6.700050000 13.8
6.701600000 13.8
6.701650000 0.5
6.702450000 0.5
6.702500000 13.8
6.702501000 -40.0
6.702503000 65.0
6.702506000 20.0
6.702510000 5.0
6.702514000 14.5
6.702520000 13.5
6.702550000 13.8
6.704100000 13.8
6.704150000 0.5
6.704950000 0.5
6.705000000 13.8
6.705001000 -40.0
6.705003000 65.0
6.705006000 20.0
6.705010000 5.0
6.705014000 14.5
6.705020000 13.5
6.705050000 13.8
6.706600000 13.8
6.706650000 0.5
6.707450000 0.5
6.707500000 13.8
6.707501000 -40.0
6.707503000 65.0
6.707506000 20.0
6.707510000 5.0
6.707514000 14.5
6.707520000 13.5
6.707550000 13.8
6.709100000 13.8
6.709150000 0.5
6.709950000 0.5
6.710000000 13.8
6.710001000 -40.0
6.710003000 65.0
6.710006000 20.0
6.710010000 5.0
6.710014000 14.5
6.710020000 13.5
6.710050000 13.8
6.711600000 13.8
6.711650000 0.5
6.712450000 0.5
6.712500000 13.8
6.712501000 -40.0
6.712503000 65.0
6.712506000 20.0
6.712510000 5.0
6.712514000 14.5
6.712520000 13.5
6.712550000 13.8
6.714100000 13.8
6.714150000 0.5
6.714950000 0.5
6.715000000 13.8
6.715001000 -40.0
6.715003000 65.0
6.715006000 20.0
6.715010000 5.0
6.715014000 14.5
6.715020000 13.5
6.715050000 13.8
6.716600000 13.8
6.716650000 0.5
6.717450000 0.5
6.717500000 13.8
6.717501000 -40.0
6.717503000 65.0
6.717506000 20.0
6.717510000 5.0
6.717514000 14.5
6.717520000 13.5
6.717550000 13.8
6.719100000 13.8
6.719150000 0.5
6.719950000 0.5
6.720000000 13.8
6.720001000 -40.0
6.720003000 65.0
6.720006000 20.0
6.720010000 5.0
6.720014000 14.5
6.720020000 13.5
6.720050000 13.8
6.721600000 13.8
6.721650000 0.5
6.722450000 0.5
6.722500000 13.8
6.722501000 -40.0
6.722503000 65.0
6.722506000 20.0
6.722510000 5.0
6.722514000 14.5
6.722520000 13.5
6.722550000 13.8
6.724100000 13.8
6.724150000 0.5
6.724950000 0.5
6.725000000 13.8
6.725001000 -40.0
6.725003000 65.0
6.725006000 20.0
6.725010000 5.0
6.725014000 14.5
6.725020000 13.5
6.725050000 13.8
6.726600000 13.8
6.726650000 0.5
6.727450000 0.5
6.727500000 13.8
6.727501000 -40.0
6.727503000 65.0
6.727506000 20.0
6.727510000 5.0
6.727514000 14.5
6.727520000 13.5
6.727550000 13.8
6.729100000 13.8
6.729150000 0.5
6.729950000 0.5
6.730000000 13.8
6.730001000 -40.0
6.730003000 65.0
6.730006000 20.0
6.730010000 5.0
6.730014000 14.5
6.730020000 13.5
6.730050000 13.8
6.731600000 13.8
6.731650000 0.5
6.732450000 0.5
6.732500000 13.8
6.732501000 -40.0
6.732503000 65.0
6.732506000 20.0
6.732510000 5.0
6.732514000 14.5
6.732520000 13.5
6.732550000 13.8
6.734100000 13.8
6.734150000 0.5
6.734950000 0.5
6.735000000 13.8
6.735001000 -40.0
6.735003000 65.0
6.735006000 20.0
6.735010000 5.0
6.735014000 14.5
6.735020000 13.5
6.735050000 13.8
6.736600000 13.8
6.736650000 0.5
6.737450000 0.5
6.737500000 13.8
6.737501000 -40.0
6.737503000 65.0
6.737506000 20.0
6.737510000 5.0
6.737514000 14.5
6.737520000 13.5
6.737550000 13.8
6.739100000 13.8
6.739150000 0.5
6.739950000 0.5
6.740000000 13.8
6.740001000 -40.0
6.740003000 65.0
6.740006000 20.0
6.740010000 5.0
6.740014000 14.5
6.740020000 13.5
6.740050000 13.8
6.741600000 13.8
6.741650000 0.5
6.742450000 0.5
6.742500000 13.8
6.742501000 -40.0
6.742503000 65.0
6.742506000 20.0
6.742510000 5.0
6.742514000 14.5
6.742520000 13.5
6.742550000 13.8
6.744100000 13.8
6.744150000 0.5
6.744950000 0.5
6.745000000 13.8
6.745001000 -40.0
6.745003000 65.0
6.745006000 20.0
6.745010000 5.0
6.745014000 14.5
6.745020000 13.5
6.745050000 13.8
6.746600000 13.8
6.746650000 0.5
6.747450000 0.5
6.747500000 13.8
6.747501000 -40.0
6.747503000 65.0
6.747506000 20.0
6.747510000 5.0
6.747514000 14.5
6.747520000 13.5
6.747550000 13.8
6.749100000 13.8
6.749150000 0.5
6.749950000 0.5
6.750000000 13.8
6.750001000 -40.0
6.750003000 65.0
6.750006000 20.0
6.750010000 5.0
6.750014000 14.5
6.750020000 13.5
6.750050000 13.8
6.751600000 13.8
6.751650000 0.5
6.752450000 0.5
6.752500000 13.8
6.752501000 -40.0
6.752503000 65.0
6.752506000 20.0
6.752510000 5.0
6.752514000 14.5
6.752520000 13.5
6.752550000 13.8
6.754100000 13.8
6.754150000 0.5
6.754950000 0.5
6.755000000 13.8
6.755001000 -40.0
6.755003000 65.0
6.755006000 20.0
6.755010000 5.0
6.755014000 14.5
6.755020000 13.5
6.755050000 13.8
6.756600000 13.8
6.756650000 0.5
6.757450000 0.5
6.757500000 13.8
6.757501000 -40.0
6.757503000 65.0
6.757506000 20.0
6.757510000 5.0
6.757514000 14.5
6.757520000 13.5
6.757550000 13.8
6.759100000 13.8
6.759150000 0.5
6.759950000 0.5
6.760000000 13.8
6.760001000 -40.0
6.760003000 65.0
6.760006000 20.0
6.760010000 5.0
6.760014000 14.5
6.760020000 13.5
6.760050000 13.8
6.761600000 13.8
6.761650000 0.5
6.762450000 0.5
6.762500000 13.8
6.762501000 -40.0
6.762503000 65.0
6.762506000 20.0
6.762510000 5.0
6.762514000 14.5
6.762520000 13.5
6.762550000 13.8
6.764100000 13.8
6.764150000 0.5
6.764950000 0.5
6.765000000 13.8
6.765001000 -40.0
6.765003000 65.0
6.765006000 20.0
6.765010000 5.0
6.765014000 14.5
6.765020000 13.5
6.765050000 13.8
6.766600000 13.8
6.766650000 0.5
6.767450000 0.5
6.767500000 13.8
6.767501000 -40.0
6.767503000 65.0
6.767506000 20.0
6.767510000 5.0
6.767514000 14.5
6.767520000 13.5
6.767550000 13.8
6.769100000 13.8
6.769150000 0.5
6.769950000 0.5
6.770000000 13.8
6.770001000 -40.0
6.770003000 65.0
6.770006000 20.0
6.770010000 5.0
6.770014000 14.5
6.770020000 13.5
6.770050000 13.8
6.771600000 13.8
6.771650000 0.5
6.772450000 0.5
6.772500000 13.8
6.772501000 -40.0
6.772503000 65.0
6.772506000 20.0
6.772510000 5.0
6.772514000 14.5
6.772520000 13.5
6.772550000 13.8
6.774100000 13.8
6.774150000 0.5
6.774950000 0.5
6.775000000 13.8
6.775001000 -40.0
6.775003000 65.0
6.775006000 20.0
6.775010000 5.0
6.775014000 14.5
6.775020000 13.5
6.775050000 13.8
6.776600000 13.8
6.776650000 0.5
6.777450000 0.5
6.777500000 13.8
6.777501000 -40.0
6.777503000 65.0
6.777506000 20.0
6.777510000 5.0
6.777514000 14.5
6.777520000 13.5
6.777550000 13.8
6.779100000 13.8
6.779150000 0.5
6.779950000 0.5
6.780000000 13.8
6.780001000 -40.0
6.780003000 65.0
6.780006000 20.0
6.780010000 5.0
6.780014000 14.5
6.780020000 13.5
6.780050000 13.8
6.781600000 13.8
6.781650000 0.5
6.782450000 0.5
6.782500000 13.8
6.782501000 -40.0
6.782503000 65.0
6.782506000 20.0
6.782510000 5.0
6.782514000 14.5
6.782520000 13.5
6.782550000 13.8
6.784100000 13.8
6.784150000 0.5
6.784950000 0.5
6.785000000 13.8
6.785001000 -40.0
6.785003000 65.0
6.785006000 20.0
6.785010000 5.0
6.785014000 14.5
6.785020000 13.5
6.785050000 13.8
6.786600000 13.8
6.786650000 0.5
6.787450000 0.5
6.787500000 13.8
6.787501000 -40.0
6.787503000 65.0
6.787506000 20.0
6.787510000 5.0
6.787514000 14.5
6.787520000 13.5
6.787550000 13.8
6.789100000 13.8
6.789150000 0.5
6.789950000 0.5
6.790000000 13.8
6.790001000 -40.0
6.790003000 65.0
6.790006000 20.0
6.790010000 5.0
6.790014000 14.5
6.790020000 13.5
6.790050000 13.8
6.791600000 13.8
6.791650000 0.5
6.792450000 0.5
6.792500000 13.8
6.792501000 -40.0
6.792503000 65.0
6.792506000 20.0
6.792510000 5.0
6.792514000 14.5
6.792520000 13.5
6.792550000 13.8
6.794100000 13.8
6.794150000 0.5
6.794950000 0.5
6.795000000 13.8
6.795001000 -40.0
6.795003000 65.0
6.795006000 20.0
6.795010000 5.0
6.795014000 14.5
6.795020000 13.5
6.795050000 13.8
6.796600000 13.8
6.796650000 0.5
6.797450000 0.5
6.797500000 13.8
6.797501000 -40.0
6.797503000 65.0
6.797506000 20.0
6.797510000 5.0
6.797514000 14.5
6.797520000 13.5
6.797550000 13.8
6.799100000 13.8
6.799150000 0.5
6.799950000 0.5
6.800000000 13.8
6.800001000 -40.0
6.800003000 65.0
6.800006000 20.0
6.800010000 5.0
6.800014000 14.5
6.800020000 13.5
6.800050000 13.8
6.801600000 13.8
6.801650000 0.5
6.802450000 0.5
6.802500000 13.8
6.802501000 -40.0
6.802503000 65.0
6.802506000 20.0
6.802510000 5.0
6.802514000 14.5
6.802520000 13.5
6.802550000 13.8
6.804100000 13.8
6.804150000 0.5
6.804950000 0.5
6.805000000 13.8
6.805001000 -40.0
6.805003000 65.0
6.805006000 20.0
6.805010000 5.0
6.805014000 14.5
6.805020000 13.5
6.805050000 13.8
6.806600000 13.8
6.806650000 0.5
6.807450000 0.5
6.807500000 13.8
6.807501000 -40.0
6.807503000 65.0
6.807506000 20.0
6.807510000 5.0
6.807514000 14.5
6.807520000 13.5
6.807550000 13.8
6.809100000 13.8
6.809150000 0.5
6.809950000 0.5
6.810000000 13.8
6.810001000 -40.0
6.810003000 65.0
6.810006000 20.0
6.810010000 5.0
6.810014000 14.5
6.810020000 13.5
6.810050000 13.8
6.811600000 13.8
6.811650000 0.5
6.812450000 0.5
6.812500000 13.8
6.812501000 -40.0
6.812503000 65.0
6.812506000 20.0
6.812510000 5.0
6.812514000 14.5
6.812520000 13.5
6.812550000 13.8
6.814100000 13.8
6.814150000 0.5
6.814950000 0.5
6.815000000 13.8
6.815001000 -40.0
6.815003000 65.0
6.815006000 20.0
6.815010000 5.0
6.815014000 14.5
6.815020000 13.5
6.815050000 13.8
6.816600000 13.8
6.816650000 0.5
6.817450000 0.5
6.817500000 13.8
6.817501000 -40.0
6.817503000 65.0
6.817506000 20.0
6.817510000 5.0
6.817514000 14.5
6.817520000 13.5
6.817550000 13.8
6.819100000 13.8
6.819150000 0.5
6.819950000 0.5
6.820000000 13.8
6.820001000 -40.0
6.820003000 65.0
6.820006000 20.0
6.820010000 5.0
6.820014000 14.5
6.820020000 13.5
6.820050000 13.8
6.821600000 13.8
6.821650000 0.5
6.822450000 0.5
6.822500000 13.8
6.822501000 -40.0
6.822503000 65.0
6.822506000 20.0
6.822510000 5.0
6.822514000 14.5
6.822520000 13.5
6.822550000 13.8
6.824100000 13.8
6.824150000 0.5
6.824950000 0.5
6.825000000 13.8
6.825001000 -40.0
6.825003000 65.0
6.825006000 20.0
6.825010000 5.0
6.825014000 14.5
6.825020000 13.5
6.825050000 13.8
6.826600000 13.8
6.826650000 0.5
6.827450000 0.5
6.827500000 13.8
6.827501000 -40.0
6.827503000 65.0
6.827506000 20.0
6.827510000 5.0
6.827514000 14.5
6.827520000 13.5
6.827550000 13.8
6.829100000 13.8
6.829150000 0.5
6.829950000 0.5
6.830000000 13.8
6.830001000 -40.0
6.830003000 65.0
6.830006000 20.0
6.830010000 5.0
6.830014000 14.5
6.830020000 13.5
6.830050000 13.8
6.831600000 13.8
6.831650000 0.5
6.832450000 0.5
6.832500000 13.8
6.832501000 -40.0
6.832503000 65.0
6.832506000 20.0
6.832510000 5.0
6.832514000 14.5
6.832520000 13.5
6.832550000 13.8
6.834100000 13.8
6.834150000 0.5
6.834950000 0.5
6.835000000 13.8
6.835001000 -40.0
6.835003000 65.0
6.835006000 20.0
6.835010000 5.0
6.835014000 14.5
6.835020000 13.5
6.835050000 13.8
6.836600000 13.8
6.836650000 0.5
6.837450000 0.5
6.837500000 13.8
6.837501000 -40.0
6.837503000 65.0
6.837506000 20.0
6.837510000 5.0
6.837514000 14.5
6.837520000 13.5
6.837550000 13.8
6.839100000 13.8
6.839150000 0.5
6.839950000 0.5
6.840000000 13.8
6.840001000 -40.0
6.840003000 65.0
6.840006000 20.0
6.840010000 5.0
6.840014000 14.5
6.840020000 13.5
6.840050000 13.8
6.841600000 13.8
6.841650000 0.5
6.842450000 0.5
6.842500000 13.8
6.842501000 -40.0
6.842503000 65.0
6.842506000 20.0
6.842510000 5.0
6.842514000 14.5
6.842520000 13.5
6.842550000 13.8
6.844100000 13.8
6.844150000 0.5
6.844950000 0.5
6.845000000 13.8
6.845001000 -40.0
6.845003000 65.0
6.845006000 20.0
6.845010000 5.0
6.845014000 14.5
6.845020000 13.5
6.845050000 13.8
6.846600000 13.8
6.846650000 0.5
6.847450000 0.5
6.847500000 13.8
6.847501000 -40.0
6.847503000 65.0
6.847506000 20.0
6.847510000 5.0
6.847514000 14.5
6.847520000 13.5
6.847550000 13.8
6.849100000 13.8
6.849150000 0.5
6.849950000 0.5
6.850000000 13.8
6.850001000 -40.0
6.850003000 65.0
6.850006000 20.0
6.850010000 5.0
6.850014000 14.5
6.850020000 13.5
6.850050000 13.8
6.851600000 13.8
6.851650000 0.5
6.852450000 0.5
6.852500000 13.8
6.852501000 -40.0
6.852503000 65.0
6.852506000 20.0
6.852510000 5.0
6.852514000 14.5
6.852520000 13.5
6.852550000 13.8
6.854100000 13.8
6.854150000 0.5
6.854950000 0.5
6.855000000 13.8
6.855001000 -40.0
6.855003000 65.0
6.855006000 20.0
6.855010000 5.0
6.855014000 14.5
6.855020000 13.5
6.855050000 13.8
6.856600000 13.8
6.856650000 0.5
6.857450000 0.5
6.857500000 13.8
6.857501000 -40.0
6.857503000 65.0
6.857506000 20.0
6.857510000 5.0
6.857514000 14.5
6.857520000 13.5
6.857550000 13.8
6.859100000 13.8
6.859150000 0.5
6.859950000 0.5
6.860000000 13.8
6.860001000 -40.0
6.860003000 65.0
6.860006000 20.0
6.860010000 5.0
6.860014000 14.5
6.860020000 13.5
6.860050000 13.8
6.861600000 13.8
6.861650000 0.5
6.862450000 0.5
6.862500000 13.8
6.862501000 -40.0
6.862503000 65.0
6.862506000 20.0
6.862510000 5.0
6.862514000 14.5
6.862520000 13.5
6.862550000 13.8
6.864100000 13.8
6.864150000 0.5
6.864950000 0.5
6.865000000 13.8
6.865001000 -40.0
6.865003000 65.0
6.865006000 20.0
6.865010000 5.0
6.865014000 14.5
6.865020000 13.5
6.865050000 13.8
6.866600000 13.8
6.866650000 0.5
6.867450000 0.5
6.867500000 13.8
6.867501000 -40.0
6.867503000 65.0
6.867506000 20.0
6.867510000 5.0
6.867514000 14.5
6.867520000 13.5
6.867550000 13.8
6.869100000 13.8
6.869150000 0.5
6.869950000 0.5
6.870000000 13.8
6.870001000 -40.0
6.870003000 65.0
6.870006000 20.0
6.870010000 5.0
6.870014000 14.5
6.870020000 13.5
6.870050000 13.8
6.871600000 13.8
6.871650000 0.5
6.872450000 0.5
6.872500000 13.8
6.872501000 -40.0
6.872503000 65.0
6.872506000 20.0
6.872510000 5.0
6.872514000 14.5
6.872520000 13.5
6.872550000 13.8
6.874100000 13.8
6.874150000 0.5
6.874950000 0.5
6.875000000 13.8
6.875001000 -40.0
6.875003000 65.0
6.875006000 20.0
6.875010000 5.0
6.875014000 14.5
6.875020000 13.5
6.875050000 13.8
6.876600000 13.8
6.876650000 0.5
6.877450000 0.5
6.877500000 13.8
6.877501000 -40.0
6.877503000 65.0
6.877506000 20.0
6.877510000 5.0
6.877514000 14.5
6.877520000 13.5
6.877550000 13.8
6.879100000 13.8
6.879150000 0.5
6.879950000 0.5
6.880000000 13.8
6.880001000 -40.0
6.880003000 65.0
6.880006000 20.0
6.880010000 5.0
6.880014000 14.5
6.880020000 13.5
6.880050000 13.8
6.881600000 13.8
6.881650000 0.5
6.882450000 0.5
6.882500000 13.8
6.882501000 -40.0
6.882503000 65.0
6.882506000 20.0
6.882510000 5.0
6.882514000 14.5
6.882520000 13.5
6.882550000 13.8
6.884100000 13.8
6.884150000 0.5
6.884950000 0.5
6.885000000 13.8
6.885001000 -40.0
6.885003000 65.0
6.885006000 20.0
6.885010000 5.0
6.885014000 14.5
6.885020000 13.5
6.885050000 13.8
6.886600000 13.8
6.886650000 0.5
6.887450000 0.5
6.887500000 13.8
6.887501000 -40.0
6.887503000 65.0
6.887506000 20.0
6.887510000 5.0
6.887514000 14.5
6.887520000 13.5
6.887550000 13.8
6.889100000 13.8
6.889150000 0.5
6.889950000 0.5
6.890000000 13.8
6.890001000 -40.0
6.890003000 65.0
6.890006000 20.0
6.890010000 5.0
6.890014000 14.5
6.890020000 13.5
6.890050000 13.8
6.891600000 13.8
6.891650000 0.5
6.892450000 0.5
6.892500000 13.8
6.892501000 -40.0
6.892503000 65.0
6.892506000 20.0
6.892510000 5.0
6.892514000 14.5
6.892520000 13.5
6.892550000 13.8
6.894100000 13.8
6.894150000 0.5
6.894950000 0.5
6.895000000 13.8
6.895001000 -40.0
6.895003000 65.0
6.895006000 20.0
6.895010000 5.0
6.895014000 14.5
6.895020000 13.5
6.895050000 13.8
6.896600000 13.8
6.896650000 0.5
6.897450000 0.5
6.897500000 13.8
6.897501000 -40.0
6.897503000 65.0
6.897506000 20.0
6.897510000 5.0
6.897514000 14.5
6.897520000 13.5
6.897550000 13.8
6.899100000 13.8
6.899150000 0.5
6.899950000 0.5
6.900000000 13.8
6.900001000 -40.0
6.900003000 65.0
6.900006000 20.0
6.900010000 5.0
6.900014000 14.5
6.900020000 13.5
6.900050000 13.8
6.901600000 13.8
6.901650000 0.5
6.902450000 0.5
6.902500000 13.8
6.902501000 -40.0
6.902503000 65.0
6.902506000 20.0
6.902510000 5.0
6.902514000 14.5
6.902520000 13.5
6.902550000 13.8
6.904100000 13.8
6.904150000 0.5
6.904950000 0.5
6.905000000 13.8
6.905001000 -40.0
6.905003000 65.0
6.905006000 20.0
6.905010000 5.0
6.905014000 14.5
6.905020000 13.5
6.905050000 13.8
6.906600000 13.8
6.906650000 0.5
6.907450000 0.5
6.907500000 13.8
6.907501000 -40.0
6.907503000 65.0
6.907506000 20.0
6.907510000 5.0
6.907514000 14.5
6.907520000 13.5
6.907550000 13.8
6.909100000 13.8
6.909150000 0.5
6.909950000 0.5
6.910000000 13.8
6.910001000 -40.0
6.910003000 65.0
6.910006000 20.0
6.910010000 5.0
6.910014000 14.5
6.910020000 13.5
6.910050000 13.8
6.911600000 13.8
6.911650000 0.5
6.912450000 0.5
6.912500000 13.8
6.912501000 -40.0
6.912503000 65.0
6.912506000 20.0
6.912510000 5.0
6.912514000 14.5
6.912520000 13.5
6.912550000 13.8
6.914100000 13.8
6.914150000 0.5
6.914950000 0.5
6.915000000 13.8
6.915001000 -40.0
6.915003000 65.0
6.915006000 20.0
6.915010000 5.0
6.915014000 14.5
6.915020000 13.5
6.915050000 13.8
6.916600000 13.8
6.916650000 0.5
6.917450000 0.5
6.917500000 13.8
6.917501000 -40.0
6.917503000 65.0
6.917506000 20.0
6.917510000 5.0
6.917514000 14.5
6.917520000 13.5
6.917550000 13.8
6.919100000 13.8
6.919150000 0.5
6.919950000 0.5
6.920000000 13.8
6.920001000 -40.0
6.920003000 65.0
6.920006000 20.0
6.920010000 5.0
6.920014000 14.5
6.920020000 13.5
6.920050000 13.8
6.921600000 13.8
6.921650000 0.5
6.922450000 0.5
6.922500000 13.8
6.922501000 -40.0
6.922503000 65.0
6.922506000 20.0
6.922510000 5.0
6.922514000 14.5
6.922520000 13.5
6.922550000 13.8
6.924100000 13.8
6.924150000 0.5
6.924950000 0.5
6.925000000 13.8
6.925001000 -40.0
6.925003000 65.0
6.925006000 20.0
6.925010000 5.0
6.925014000 14.5
6.925020000 13.5
6.925050000 13.8
6.926600000 13.8
6.926650000 0.5
6.927450000 0.5
6.927500000 13.8
6.927501000 -40.0
6.927503000 65.0
6.927506000 20.0
6.927510000 5.0
6.927514000 14.5
6.927520000 13.5
6.927550000 13.8
6.929100000 13.8
6.929150000 0.5
6.929950000 0.5
6.930000000 13.8
6.930001000 -40.0
6.930003000 65.0
6.930006000 20.0
6.930010000 5.0
6.930014000 14.5
6.930020000 13.5
6.930050000 13.8
6.931600000 13.8
6.931650000 0.5
6.932450000 0.5
6.932500000 13.8
6.932501000 -40.0
6.932503000 65.0
6.932506000 20.0
6.932510000 5.0
6.932514000 14.5
6.932520000 13.5
6.932550000 13.8
6.934100000 13.8
6.934150000 0.5
6.934950000 0.5
6.935000000 13.8
6.935001000 -40.0
6.935003000 65.0
6.935006000 20.0
6.935010000 5.0
6.935014000 14.5
6.935020000 13.5
6.935050000 13.8
6.936600000 13.8
6.936650000 0.5
6.937450000 0.5
6.937500000 13.8
6.937501000 -40.0
6.937503000 65.0
6.937506000 20.0
6.937510000 5.0
6.937514000 14.5
6.937520000 13.5
6.937550000 13.8
6.939100000 13.8
6.939150000 0.5
6.939950000 0.5
6.940000000 13.8
6.940001000 -40.0
6.940003000 65.0
6.940006000 20.0
6.940010000 5.0
6.940014000 14.5
6.940020000 13.5
6.940050000 13.8
6.941600000 13.8
6.941650000 0.5
6.942450000 0.5
6.942500000 13.8
6.942501000 -40.0
6.942503000 65.0
6.942506000 20.0
6.942510000 5.0
6.942514000 14.5
6.942520000 13.5
6.942550000 13.8
6.944100000 13.8
6.944150000 0.5
6.944950000 0.5
6.945000000 13.8
6.945001000 -40.0
6.945003000 65.0
6.945006000 20.0
6.945010000 5.0
6.945014000 14.5
6.945020000 13.5
6.945050000 13.8
6.946600000 13.8
6.946650000 0.5
6.947450000 0.5
6.947500000 13.8
6.947501000 -40.0
6.947503000 65.0
6.947506000 20.0
6.947510000 5.0
6.947514000 14.5
6.947520000 13.5
6.947550000 13.8
6.949100000 13.8
6.949150000 0.5
6.949950000 0.5
6.950000000 13.8
6.950001000 -40.0
6.950003000 65.0
6.950006000 20.0
6.950010000 5.0
6.950014000 14.5
6.950020000 13.5
6.950050000 13.8
6.951600000 13.8
6.951650000 0.5
6.952450000 0.5
6.952500000 13.8
6.952501000 -40.0
6.952503000 65.0
6.952506000 20.0
6.952510000 5.0
6.952514000 14.5
6.952520000 13.5
6.952550000 13.8
6.954100000 13.8
6.954150000 0.5
6.954950000 0.5
6.955000000 13.8
6.955001000 -40.0
6.955003000 65.0
6.955006000 20.0
6.955010000 5.0
6.955014000 14.5
6.955020000 13.5
6.955050000 13.8
6.956600000 13.8
6.956650000 0.5
6.957450000 0.5
6.957500000 13.8
6.957501000 -40.0
6.957503000 65.0
6.957506000 20.0
6.957510000 5.0
6.957514000 14.5
6.957520000 13.5
6.957550000 13.8
6.959100000 13.8
6.959150000 0.5
6.959950000 0.5
6.960000000 13.8
6.960001000 -40.0
6.960003000 65.0
6.960006000 20.0
6.960010000 5.0
6.960014000 14.5
6.960020000 13.5
6.960050000 13.8
6.961600000 13.8
6.961650000 0.5
6.962450000 0.5
6.962500000 13.8
6.962501000 -40.0
6.962503000 65.0
6.962506000 20.0
6.962510000 5.0
6.962514000 14.5
6.962520000 13.5
6.962550000 13.8
6.964100000 13.8
6.964150000 0.5
6.964950000 0.5
6.965000000 13.8
6.965001000 -40.0
6.965003000 65.0
6.965006000 20.0
6.965010000 5.0
6.965014000 14.5
6.965020000 13.5
6.965050000 13.8
6.966600000 13.8
6.966650000 0.5
6.967450000 0.5
6.967500000 13.8
6.967501000 -40.0
6.967503000 65.0
6.967506000 20.0
6.967510000 5.0
6.967514000 14.5
6.967520000 13.5
6.967550000 13.8
6.969100000 13.8
6.969150000 0.5
6.969950000 0.5
6.970000000 13.8
6.970001000 -40.0
6.970003000 65.0
6.970006000 20.0
6.970010000 5.0
6.970014000 14.5
6.970020000 13.5
6.970050000 13.8
6.971600000 13.8
6.971650000 0.5
6.972450000 0.5
6.972500000 13.8
6.972501000 -40.0
6.972503000 65.0
6.972506000 20.0
6.972510000 5.0
6.972514000 14.5
6.972520000 13.5
6.972550000 13.8
6.974100000 13.8
6.974150000 0.5
6.974950000 0.5
6.975000000 13.8
6.975001000 -40.0
6.975003000 65.0
6.975006000 20.0
6.975010000 5.0
6.975014000 14.5
6.975020000 13.5
6.975050000 13.8
6.976600000 13.8
6.976650000 0.5
6.977450000 0.5
6.977500000 13.8
6.977501000 -40.0
6.977503000 65.0
6.977506000 20.0
6.977510000 5.0
6.977514000 14.5
6.977520000 13.5
6.977550000 13.8
6.979100000 13.8
6.979150000 0.5
6.979950000 0.5
6.980000000 13.8
6.980001000 -40.0
6.980003000 65.0
6.980006000 20.0
6.980010000 5.0
6.980014000 14.5
6.980020000 13.5
6.980050000 13.8
6.981600000 13.8
6.981650000 0.5
6.982450000 0.5
6.982500000 13.8
6.982501000 -40.0
6.982503000 65.0
6.982506000 20.0
6.982510000 5.0
6.982514000 14.5
6.982520000 13.5
6.982550000 13.8
6.984100000 13.8
6.984150000 0.5
6.984950000 0.5
6.985000000 13.8
6.985001000 -40.0
6.985003000 65.0
6.985006000 20.0
6.985010000 5.0
6.985014000 14.5
6.985020000 13.5
6.985050000 13.8
6.986600000 13.8
6.986650000 0.5
6.987450000 0.5
6.987500000 13.8
6.987501000 -40.0
6.987503000 65.0
6.987506000 20.0
6.987510000 5.0
6.987514000 14.5
6.987520000 13.5
6.987550000 13.8
6.989100000 13.8
6.989150000 0.5
6.989950000 0.5
6.990000000 13.8
6.990001000 -40.0
6.990003000 65.0
6.990006000 20.0
6.990010000 5.0
6.990014000 14.5
6.990020000 13.5
6.990050000 13.8
6.991600000 13.8
6.991650000 0.5
6.992450000 0.5
6.992500000 13.8
6.992501000 -40.0
6.992503000 65.0
6.992506000 20.0
6.992510000 5.0
6.992514000 14.5
6.992520000 13.5
6.992550000 13.8
6.994100000 13.8
6.994150000 0.5
6.994950000 0.5
6.995000000 13.8
6.995001000 -40.0
6.995003000 65.0
6.995006000 20.0
6.995010000 5.0
6.995014000 14.5
6.995020000 13.5
6.995050000 13.8
6.996600000 13.8
6.996650000 0.5
6.997450000 0.5
6.997500000 13.8
6.997501000 -40.0
6.997503000 65.0
6.997506000 20.0
6.997510000 5.0
6.997514000 14.5
6.997520000 13.5
6.997550000 13.8
6.999100000 13.8
6.999150000 0.5
6.999950000 0.5
7.000000000 13.8
7.000001000 -40.0
7.000003000 65.0
7.000006000 20.0
7.000010000 5.0
7.000014000 14.5
7.000020000 13.5
7.000050000 13.8
7.001600000 13.8
7.001650000 0.5
7.002450000 0.5
7.002500000 13.8
7.002501000 -40.0
7.002503000 65.0
7.002506000 20.0
7.002510000 5.0
7.002514000 14.5
7.002520000 13.5
7.002550000 13.8
7.004100000 13.8
7.004150000 0.5
7.004950000 0.5
7.005000000 13.8
7.005001000 -40.0
7.005003000 65.0
7.005006000 20.0
7.005010000 5.0
7.005014000 14.5
7.005020000 13.5
7.005050000 13.8
7.006600000 13.8
7.006650000 0.5
7.007450000 0.5
7.007500000 13.8
7.007501000 -40.0
7.007503000 65.0
7.007506000 20.0
7.007510000 5.0
7.007514000 14.5
7.007520000 13.5
7.007550000 13.8
7.009100000 13.8
7.009150000 0.5
7.009950000 0.5
7.010000000 13.8
7.010001000 -40.0
7.010003000 65.0
7.010006000 20.0
7.010010000 5.0
7.010014000 14.5
7.010020000 13.5
7.010050000 13.8
7.011600000 13.8
7.011650000 0.5
7.012450000 0.5
7.012500000 13.8
7.012501000 -40.0
7.012503000 65.0
7.012506000 20.0
7.012510000 5.0
7.012514000 14.5
7.012520000 13.5
7.012550000 13.8
7.014100000 13.8
7.014150000 0.5
7.014950000 0.5
7.015000000 13.8
7.015001000 -40.0
7.015003000 65.0
7.015006000 20.0
7.015010000 5.0
7.015014000 14.5
7.015020000 13.5
7.015050000 13.8
7.016600000 13.8
7.016650000 0.5
7.017450000 0.5
7.017500000 13.8
7.017501000 -40.0
7.017503000 65.0
7.017506000 20.0
7.017510000 5.0
7.017514000 14.5
7.017520000 13.5
7.017550000 13.8
7.019100000 13.8
7.019150000 0.5
7.019950000 0.5
7.020000000 13.8
7.020001000 -40.0
7.020003000 65.0
7.020006000 20.0
7.020010000 5.0
7.020014000 14.5
7.020020000 13.5
7.020050000 13.8
7.021600000 13.8
7.021650000 0.5
7.022450000 0.5
7.022500000 13.8
7.022501000 -40.0
7.022503000 65.0
7.022506000 20.0
7.022510000 5.0
7.022514000 14.5
7.022520000 13.5
7.022550000 13.8
7.024100000 13.8
7.024150000 0.5
7.024950000 0.5
7.025000000 13.8
7.025001000 -40.0
7.025003000 65.0
7.025006000 20.0
7.025010000 5.0
7.025014000 14.5
7.025020000 13.5
7.025050000 13.8
7.026600000 13.8
7.026650000 0.5
7.027450000 0.5
7.027500000 13.8
7.027501000 -40.0
7.027503000 65.0
7.027506000 20.0
7.027510000 5.0
7.027514000 14.5
7.027520000 13.5
7.027550000 13.8
7.029100000 13.8
7.029150000 0.5
7.029950000 0.5
7.030000000 13.8
7.030001000 -40.0
7.030003000 65.0
7.030006000 20.0
7.030010000 5.0
7.030014000 14.5
7.030020000 13.5
7.030050000 13.8
7.031600000 13.8
7.031650000 0.5
7.032450000 0.5
7.032500000 13.8
7.032501000 -40.0
7.032503000 65.0
7.032506000 20.0
7.032510000 5.0
7.032514000 14.5
7.032520000 13.5
7.032550000 13.8
7.034100000 13.8
7.034150000 0.5
7.034950000 0.5
7.035000000 13.8
7.035001000 -40.0
7.035003000 65.0
7.035006000 20.0
7.035010000 5.0
7.035014000 14.5
7.035020000 13.5
7.035050000 13.8
7.036600000 13.8
7.036650000 0.5
7.037450000 0.5
7.037500000 13.8
7.037501000 -40.0
7.037503000 65.0
7.037506000 20.0
7.037510000 5.0
7.037514000 14.5
7.037520000 13.5
7.037550000 13.8
7.039100000 13.8
7.039150000 0.5
7.039950000 0.5
7.040000000 13.8
7.040001000 -40.0
7.040003000 65.0
7.040006000 20.0
7.040010000 5.0
7.040014000 14.5
7.040020000 13.5
7.040050000 13.8
7.041600000 13.8
7.041650000 0.5
7.042450000 0.5
7.042500000 13.8
7.042501000 -40.0
7.042503000 65.0
7.042506000 20.0
7.042510000 5.0
7.042514000 14.5
7.042520000 13.5
7.042550000 13.8
7.044100000 13.8
7.044150000 0.5
7.044950000 0.5
7.045000000 13.8
7.045001000 -40.0
7.045003000 65.0
7.045006000 20.0
7.045010000 5.0
7.045014000 14.5
7.045020000 13.5
7.045050000 13.8
7.046600000 13.8
7.046650000 0.5
7.047450000 0.5
7.047500000 13.8
7.047501000 -40.0
7.047503000 65.0
7.047506000 20.0
7.047510000 5.0
7.047514000 14.5
7.047520000 13.5
7.047550000 13.8
7.049100000 13.8
7.049150000 0.5
7.049950000 0.5
7.050000000 13.8
7.050001000 -40.0
7.050003000 65.0
7.050006000 20.0
7.050010000 5.0
7.050014000 14.5
7.050020000 13.5
7.050050000 13.8
7.051600000 13.8
7.051650000 0.5
7.052450000 0.5
7.052500000 13.8
7.052501000 -40.0
7.052503000 65.0
7.052506000 20.0
7.052510000 5.0
7.052514000 14.5
7.052520000 13.5
7.052550000 13.8
7.054100000 13.8
7.054150000 0.5
7.054950000 0.5
7.055000000 13.8
7.055001000 -40.0
7.055003000 65.0
7.055006000 20.0
7.055010000 5.0
7.055014000 14.5
7.055020000 13.5
7.055050000 13.8
7.056600000 13.8
7.056650000 0.5
7.057450000 0.5
7.057500000 13.8
7.057501000 -40.0
7.057503000 65.0
7.057506000 20.0
7.057510000 5.0
7.057514000 14.5
7.057520000 13.5
7.057550000 13.8
7.059100000 13.8
7.059150000 0.5
7.059950000 0.5
7.060000000 13.8
7.060001000 -40.0
7.060003000 65.0
7.060006000 20.0
7.060010000 5.0
7.060014000 14.5
7.060020000 13.5
7.060050000 13.8
7.061600000 13.8
7.061650000 0.5
7.062450000 0.5
7.062500000 13.8
7.062501000 -40.0
7.062503000 65.0
7.062506000 20.0
7.062510000 5.0
7.062514000 14.5
7.062520000 13.5
7.062550000 13.8
7.064100000 13.8
7.064150000 0.5
7.064950000 0.5
7.065000000 13.8
7.065001000 -40.0
7.065003000 65.0
7.065006000 20.0
7.065010000 5.0
7.065014000 14.5
7.065020000 13.5
7.065050000 13.8
7.066600000 13.8
7.066650000 0.5
7.067450000 0.5
7.067500000 13.8
7.067501000 -40.0
7.067503000 65.0
7.067506000 20.0
7.067510000 5.0
7.067514000 14.5
7.067520000 13.5
7.067550000 13.8
7.069100000 13.8
7.069150000 0.5
7.069950000 0.5
7.070000000 13.8
7.070001000 -40.0
7.070003000 65.0
7.070006000 20.0
7.070010000 5.0
7.070014000 14.5
7.070020000 13.5
7.070050000 13.8
7.071600000 13.8
7.071650000 0.5
7.072450000 0.5
7.072500000 13.8
7.072501000 -40.0
7.072503000 65.0
7.072506000 20.0
7.072510000 5.0
7.072514000 14.5
7.072520000 13.5
7.072550000 13.8
7.074100000 13.8
7.074150000 0.5
7.074950000 0.5
7.075000000 13.8
7.075001000 -40.0
7.075003000 65.0
7.075006000 20.0
7.075010000 5.0
7.075014000 14.5
7.075020000 13.5
7.075050000 13.8
7.076600000 13.8
7.076650000 0.5
7.077450000 0.5
7.077500000 13.8
7.077501000 -40.0
7.077503000 65.0
7.077506000 20.0
7.077510000 5.0
7.077514000 14.5
7.077520000 13.5
7.077550000 13.8
7.079100000 13.8
7.079150000 0.5
7.079950000 0.5
7.080000000 13.8
7.080001000 -40.0
7.080003000 65.0
7.080006000 20.0
7.080010000 5.0
7.080014000 14.5
7.080020000 13.5
7.080050000 13.8
7.081600000 13.8
7.081650000 0.5
7.082450000 0.5
7.082500000 13.8
7.082501000 -40.0
7.082503000 65.0
7.082506000 20.0
7.082510000 5.0
7.082514000 14.5
7.082520000 13.5
7.082550000 13.8
7.084100000 13.8
7.084150000 0.5
7.084950000 0.5
7.085000000 13.8
7.085001000 -40.0
7.085003000 65.0
7.085006000 20.0
7.085010000 5.0
7.085014000 14.5
7.085020000 13.5
7.085050000 13.8
7.086600000 13.8
7.086650000 0.5
7.087450000 0.5
7.087500000 13.8
7.087501000 -40.0
7.087503000 65.0
7.087506000 20.0
7.087510000 5.0
7.087514000 14.5
7.087520000 13.5
7.087550000 13.8
7.089100000 13.8
7.089150000 0.5
7.089950000 0.5
7.090000000 13.8
7.090001000 -40.0
7.090003000 65.0
7.090006000 20.0
7.090010000 5.0
7.090014000 14.5
7.090020000 13.5
7.090050000 13.8
7.091600000 13.8
7.091650000 0.5
7.092450000 0.5
7.092500000 13.8
7.092501000 -40.0
7.092503000 65.0
7.092506000 20.0
7.092510000 5.0
7.092514000 14.5
7.092520000 13.5
7.092550000 13.8
7.094100000 13.8
7.094150000 0.5
7.094950000 0.5
7.095000000 13.8
7.095001000 -40.0
7.095003000 65.0
7.095006000 20.0
7.095010000 5.0
7.095014000 14.5
7.095020000 13.5
7.095050000 13.8
7.096600000 13.8
7.096650000 0.5
7.097450000 0.5
7.097500000 13.8
7.097501000 -40.0
7.097503000 65.0
7.097506000 20.0
7.097510000 5.0
7.097514000 14.5
7.097520000 13.5
7.097550000 13.8
7.099100000 13.8
7.099150000 0.5
7.099950000 0.5
7.100000000 13.8
7.100001000 -40.0
7.100003000 65.0
7.100006000 20.0
7.100010000 5.0
7.100014000 14.5
7.100020000 13.5
7.100050000 13.8
7.101600000 13.8
7.101650000 0.5
7.102450000 0.5
7.102500000 13.8
7.102501000 -40.0
7.102503000 65.0
7.102506000 20.0
7.102510000 5.0
7.102514000 14.5
7.102520000 13.5
7.102550000 13.8
7.104100000 13.8
7.104150000 0.5
7.104950000 0.5
7.105000000 13.8
7.105001000 -40.0
7.105003000 65.0
7.105006000 20.0
7.105010000 5.0
7.105014000 14.5
7.105020000 13.5
7.105050000 13.8
7.106600000 13.8
7.106650000 0.5
7.107450000 0.5
7.107500000 13.8
7.107501000 -40.0
7.107503000 65.0
7.107506000 20.0
7.107510000 5.0
7.107514000 14.5
7.107520000 13.5
7.107550000 13.8
7.109100000 13.8
7.109150000 0.5
7.109950000 0.5
7.110000000 13.8
7.110001000 -40.0
7.110003000 65.0
7.110006000 20.0
7.110010000 5.0
7.110014000 14.5
7.110020000 13.5
7.110050000 13.8
7.111600000 13.8
7.111650000 0.5
7.112450000 0.5
7.112500000 13.8
7.112501000 -40.0
7.112503000 65.0
7.112506000 20.0
7.112510000 5.0
7.112514000 14.5
7.112520000 13.5
7.112550000 13.8
7.114100000 13.8
7.114150000 0.5
7.114950000 0.5
7.115000000 13.8
7.115001000 -40.0
7.115003000 65.0
7.115006000 20.0
7.115010000 5.0
7.115014000 14.5
7.115020000 13.5
7.115050000 13.8
7.116600000 13.8
7.116650000 0.5
7.117450000 0.5
7.117500000 13.8
7.117501000 -40.0
7.117503000 65.0
7.117506000 20.0
7.117510000 5.0
7.117514000 14.5
7.117520000 13.5
7.117550000 13.8
7.119100000 13.8
7.119150000 0.5
7.119950000 0.5
7.120000000 13.8
7.120001000 -40.0
7.120003000 65.0
7.120006000 20.0
7.120010000 5.0
7.120014000 14.5
7.120020000 13.5
7.120050000 13.8
7.121600000 13.8
7.121650000 0.5
7.122450000 0.5
7.122500000 13.8
7.122501000 -40.0
7.122503000 65.0
7.122506000 20.0
7.122510000 5.0
7.122514000 14.5
7.122520000 13.5
7.122550000 13.8
7.124100000 13.8
7.124150000 0.5
7.124950000 0.5
7.125000000 13.8
7.125001000 -40.0
7.125003000 65.0
7.125006000 20.0
7.125010000 5.0
7.125014000 14.5
7.125020000 13.5
7.125050000 13.8
7.126600000 13.8
7.126650000 0.5
7.127450000 0.5
7.127500000 13.8
7.127501000 -40.0
7.127503000 65.0
7.127506000 20.0
7.127510000 5.0
7.127514000 14.5
7.127520000 13.5
7.127550000 13.8
7.129100000 13.8
7.129150000 0.5
7.129950000 0.5
7.130000000 13.8
7.130001000 -40.0
7.130003000 65.0
7.130006000 20.0
7.130010000 5.0
7.130014000 14.5
7.130020000 13.5
7.130050000 13.8
7.131600000 13.8
7.131650000 0.5
7.132450000 0.5
7.132500000 13.8
7.132501000 -40.0
7.132503000 65.0
7.132506000 20.0
7.132510000 5.0
7.132514000 14.5
7.132520000 13.5
7.132550000 13.8
7.134100000 13.8
7.134150000 0.5
7.134950000 0.5
7.135000000 13.8
7.135001000 -40.0
7.135003000 65.0
7.135006000 20.0
7.135010000 5.0
7.135014000 14.5
7.135020000 13.5
7.135050000 13.8
7.136600000 13.8
7.136650000 0.5
7.137450000 0.5
7.137500000 13.8
7.137501000 -40.0
7.137503000 65.0
7.137506000 20.0
7.137510000 5.0
7.137514000 14.5
7.137520000 13.5
7.137550000 13.8
7.139100000 13.8
7.139150000 0.5
7.139950000 0.5
7.140000000 13.8
7.140001000 -40.0
7.140003000 65.0
7.140006000 20.0
7.140010000 5.0
7.140014000 14.5
7.140020000 13.5
7.140050000 13.8
7.141600000 13.8
7.141650000 0.5
7.142450000 0.5
7.142500000 13.8
7.142501000 -40.0
7.142503000 65.0
7.142506000 20.0
7.142510000 5.0
7.142514000 14.5
7.142520000 13.5
7.142550000 13.8
7.144100000 13.8
7.144150000 0.5
7.144950000 0.5
7.145000000 13.8
7.145001000 -40.0
7.145003000 65.0
7.145006000 20.0
7.145010000 5.0
7.145014000 14.5
7.145020000 13.5
7.145050000 13.8
7.146600000 13.8
7.146650000 0.5
7.147450000 0.5
7.147500000 13.8
7.147501000 -40.0
7.147503000 65.0
7.147506000 20.0
7.147510000 5.0
7.147514000 14.5
7.147520000 13.5
7.147550000 13.8
7.149100000 13.8
7.149150000 0.5
7.149950000 0.5
7.150000000 13.8
7.150001000 -40.0
7.150003000 65.0
7.150006000 20.0
7.150010000 5.0
7.150014000 14.5
7.150020000 13.5
7.150050000 13.8
7.151600000 13.8
7.151650000 0.5
7.152450000 0.5
7.152500000 13.8
7.152501000 -40.0
7.152503000 65.0
7.152506000 20.0
7.152510000 5.0
7.152514000 14.5
7.152520000 13.5
7.152550000 13.8
7.154100000 13.8
7.154150000 0.5
7.154950000 0.5
7.155000000 13.8
7.155001000 -40.0
7.155003000 65.0
7.155006000 20.0
7.155010000 5.0
7.155014000 14.5
7.155020000 13.5
7.155050000 13.8
7.156600000 13.8
7.156650000 0.5
7.157450000 0.5
7.157500000 13.8
7.157501000 -40.0
7.157503000 65.0
7.157506000 20.0
7.157510000 5.0
7.157514000 14.5
7.157520000 13.5
7.157550000 13.8
7.159100000 13.8
7.159150000 0.5
7.159950000 0.5
7.160000000 13.8
7.160001000 -40.0
7.160003000 65.0
7.160006000 20.0
7.160010000 5.0
7.160014000 14.5
7.160020000 13.5
7.160050000 13.8
7.161600000 13.8
7.161650000 0.5
7.162450000 0.5
7.162500000 13.8
7.162501000 -40.0
7.162503000 65.0
7.162506000 20.0
7.162510000 5.0
7.162514000 14.5
7.162520000 13.5
7.162550000 13.8
7.164100000 13.8
7.164150000 0.5
7.164950000 0.5
7.165000000 13.8
7.165001000 -40.0
7.165003000 65.0
7.165006000 20.0
7.165010000 5.0
7.165014000 14.5
7.165020000 13.5
7.165050000 13.8
7.166600000 13.8
7.166650000 0.5
7.167450000 0.5
7.167500000 13.8
7.167501000 -40.0
7.167503000 65.0
7.167506000 20.0
7.167510000 5.0
7.167514000 14.5
7.167520000 13.5
7.167550000 13.8
7.169100000 13.8
7.169150000 0.5
7.169950000 0.5
7.170000000 13.8
7.170001000 -40.0
7.170003000 65.0
7.170006000 20.0
7.170010000 5.0
7.170014000 14.5
7.170020000 13.5
7.170050000 13.8
7.171600000 13.8
7.171650000 0.5
7.172450000 0.5
7.172500000 13.8
7.172501000 -40.0
7.172503000 65.0
7.172506000 20.0
7.172510000 5.0
7.172514000 14.5
7.172520000 13.5
7.172550000 13.8
7.174100000 13.8
7.174150000 0.5
7.174950000 0.5
7.175000000 13.8
7.175001000 -40.0
7.175003000 65.0
7.175006000 20.0
7.175010000 5.0
7.175014000 14.5
7.175020000 13.5
7.175050000 13.8
7.176600000 13.8
7.176650000 0.5
7.177450000 0.5
7.177500000 13.8
7.177501000 -40.0
7.177503000 65.0
7.177506000 20.0
7.177510000 5.0
7.177514000 14.5
7.177520000 13.5
7.177550000 13.8
7.179100000 13.8
7.179150000 0.5
7.179950000 0.5
7.180000000 13.8
7.180001000 -40.0
7.180003000 65.0
7.180006000 20.0
7.180010000 5.0
7.180014000 14.5
7.180020000 13.5
7.180050000 13.8
7.181600000 13.8
7.181650000 0.5
7.182450000 0.5
7.182500000 13.8
7.182501000 -40.0
7.182503000 65.0
7.182506000 20.0
7.182510000 5.0
7.182514000 14.5
7.182520000 13.5
7.182550000 13.8
7.184100000 13.8
7.184150000 0.5
7.184950000 0.5
7.185000000 13.8
7.185001000 -40.0
7.185003000 65.0
7.185006000 20.0
7.185010000 5.0
7.185014000 14.5
7.185020000 13.5
7.185050000 13.8
7.186600000 13.8
7.186650000 0.5
7.187450000 0.5
7.187500000 13.8
7.187501000 -40.0
7.187503000 65.0
7.187506000 20.0
7.187510000 5.0
7.187514000 14.5
7.187520000 13.5
7.187550000 13.8
7.189100000 13.8
7.189150000 0.5
7.189950000 0.5
7.190000000 13.8
7.190001000 -40.0
7.190003000 65.0
7.190006000 20.0
7.190010000 5.0
7.190014000 14.5
7.190020000 13.5
7.190050000 13.8
7.191600000 13.8
7.191650000 0.5
7.192450000 0.5
7.192500000 13.8
7.192501000 -40.0
7.192503000 65.0
7.192506000 20.0
7.192510000 5.0
7.192514000 14.5
7.192520000 13.5
7.192550000 13.8
7.194100000 13.8
7.194150000 0.5
7.194950000 0.5
7.195000000 13.8
7.195001000 -40.0
7.195003000 65.0
7.195006000 20.0
7.195010000 5.0
7.195014000 14.5
7.195020000 13.5
7.195050000 13.8
7.196600000 13.8
7.196650000 0.5
7.197450000 0.5
7.197500000 13.8
7.197501000 -40.0
7.197503000 65.0
7.197506000 20.0
7.197510000 5.0
7.197514000 14.5
7.197520000 13.5
7.197550000 13.8
7.199100000 13.8
7.199150000 0.5
7.199950000 0.5
7.200000000 13.8
7.200001000 -40.0
7.200003000 65.0
7.200006000 20.0
7.200010000 5.0
7.200014000 14.5
7.200020000 13.5
7.200050000 13.8
7.201600000 13.8
7.201650000 0.5
7.202450000 0.5
7.202500000 13.8
7.202501000 -40.0
7.202503000 65.0
7.202506000 20.0
7.202510000 5.0
7.202514000 14.5
7.202520000 13.5
7.202550000 13.8
7.204100000 13.8
7.204150000 0.5
7.204950000 0.5
7.205000000 13.8
7.205001000 -40.0
7.205003000 65.0
7.205006000 20.0
7.205010000 5.0
7.205014000 14.5
7.205020000 13.5
7.205050000 13.8
7.206600000 13.8
7.206650000 0.5
7.207450000 0.5
7.207500000 13.8
7.207501000 -40.0
7.207503000 65.0
7.207506000 20.0
7.207510000 5.0
7.207514000 14.5
7.207520000 13.5
7.207550000 13.8
7.209100000 13.8
7.209150000 0.5
7.209950000 0.5
7.210000000 13.8
7.210001000 -40.0
7.210003000 65.0
7.210006000 20.0
7.210010000 5.0
7.210014000 14.5
7.210020000 13.5
7.210050000 13.8
7.211600000 13.8
7.211650000 0.5
7.212450000 0.5
7.212500000 13.8
7.212501000 -40.0
7.212503000 65.0
7.212506000 20.0
7.212510000 5.0
7.212514000 14.5
7.212520000 13.5
7.212550000 13.8
7.214100000 13.8
7.214150000 0.5
7.214950000 0.5
7.215000000 13.8
7.215001000 -40.0
7.215003000 65.0
7.215006000 20.0
7.215010000 5.0
7.215014000 14.5
7.215020000 13.5
7.215050000 13.8
7.216600000 13.8
7.216650000 0.5
7.217450000 0.5
7.217500000 13.8
7.217501000 -40.0
7.217503000 65.0
7.217506000 20.0
7.217510000 5.0
7.217514000 14.5
7.217520000 13.5
7.217550000 13.8
7.219100000 13.8
7.219150000 0.5
7.219950000 0.5
7.220000000 13.8
7.220001000 -40.0
7.220003000 65.0
7.220006000 20.0
7.220010000 5.0
7.220014000 14.5
7.220020000 13.5
7.220050000 13.8
7.221600000 13.8
7.221650000 0.5
7.222450000 0.5
7.222500000 13.8
7.222501000 -40.0
7.222503000 65.0
7.222506000 20.0
7.222510000 5.0
7.222514000 14.5
7.222520000 13.5
7.222550000 13.8
7.224100000 13.8
7.224150000 0.5
7.224950000 0.5
7.225000000 13.8
7.225001000 -40.0
7.225003000 65.0
7.225006000 20.0
7.225010000 5.0
7.225014000 14.5
7.225020000 13.5
7.225050000 13.8
7.226600000 13.8
7.226650000 0.5
7.227450000 0.5
7.227500000 13.8
7.227501000 -40.0
7.227503000 65.0
7.227506000 20.0
7.227510000 5.0
7.227514000 14.5
7.227520000 13.5
7.227550000 13.8
7.229100000 13.8
7.229150000 0.5
7.229950000 0.5
7.230000000 13.8
7.230001000 -40.0
7.230003000 65.0
7.230006000 20.0
7.230010000 5.0
7.230014000 14.5
7.230020000 13.5
7.230050000 13.8
7.231600000 13.8
7.231650000 0.5
7.232450000 0.5
7.232500000 13.8
7.232501000 -40.0
7.232503000 65.0
7.232506000 20.0
7.232510000 5.0
7.232514000 14.5
7.232520000 13.5
7.232550000 13.8
7.234100000 13.8
7.234150000 0.5
7.234950000 0.5
7.235000000 13.8
7.235001000 -40.0
7.235003000 65.0
7.235006000 20.0
7.235010000 5.0
7.235014000 14.5
7.235020000 13.5
7.235050000 13.8
7.236600000 13.8
7.236650000 0.5
7.237450000 0.5
7.237500000 13.8
7.237501000 -40.0
7.237503000 65.0
7.237506000 20.0
7.237510000 5.0
7.237514000 14.5
7.237520000 13.5
7.237550000 13.8
7.239100000 13.8
7.239150000 0.5
7.239950000 0.5
7.240000000 13.8
7.240001000 -40.0
7.240003000 65.0
7.240006000 20.0
7.240010000 5.0
7.240014000 14.5
7.240020000 13.5
7.240050000 13.8
7.241600000 13.8
7.241650000 0.5
7.242450000 0.5
7.242500000 13.8
7.242501000 -40.0
7.242503000 65.0
7.242506000 20.0
7.242510000 5.0
7.242514000 14.5
7.242520000 13.5
7.242550000 13.8
7.244100000 13.8
7.244150000 0.5
7.244950000 0.5
7.245000000 13.8
7.245001000 -40.0
7.245003000 65.0
7.245006000 20.0
7.245010000 5.0
7.245014000 14.5
7.245020000 13.5
7.245050000 13.8
7.246600000 13.8
7.246650000 0.5
7.247450000 0.5
7.247500000 13.8
7.247501000 -40.0
7.247503000 65.0
7.247506000 20.0
7.247510000 5.0
7.247514000 14.5
7.247520000 13.5
7.247550000 13.8
7.249100000 13.8
7.249150000 0.5
7.249950000 0.5
7.250000000 13.8
7.250001000 -40.0
7.250003000 65.0
7.250006000 20.0
7.250010000 5.0
7.250014000 14.5
7.250020000 13.5
7.250050000 13.8
7.251600000 13.8
7.251650000 0.5
7.252450000 0.5
7.252500000 13.8
7.252501000 -40.0
7.252503000 65.0
7.252506000 20.0
7.252510000 5.0
7.252514000 14.5
7.252520000 13.5
7.252550000 13.8
7.254100000 13.8
7.254150000 0.5
7.254950000 0.5
7.255000000 13.8
7.255001000 -40.0
7.255003000 65.0
7.255006000 20.0
7.255010000 5.0
7.255014000 14.5
7.255020000 13.5
7.255050000 13.8
7.256600000 13.8
7.256650000 0.5
7.257450000 0.5
7.257500000 13.8
7.257501000 -40.0
7.257503000 65.0
7.257506000 20.0
7.257510000 5.0
7.257514000 14.5
7.257520000 13.5
7.257550000 13.8
7.259100000 13.8
7.259150000 0.5
7.259950000 0.5
7.260000000 13.8
7.260001000 -40.0
7.260003000 65.0
7.260006000 20.0
7.260010000 5.0
7.260014000 14.5
7.260020000 13.5
7.260050000 13.8
7.261600000 13.8
7.261650000 0.5
7.262450000 0.5
7.262500000 13.8
7.262501000 -40.0
7.262503000 65.0
7.262506000 20.0
7.262510000 5.0
7.262514000 14.5
7.262520000 13.5
7.262550000 13.8
7.264100000 13.8
7.264150000 0.5
7.264950000 0.5
7.265000000 13.8
7.265001000 -40.0
7.265003000 65.0
7.265006000 20.0
7.265010000 5.0
7.265014000 14.5
7.265020000 13.5
7.265050000 13.8
7.266600000 13.8
7.266650000 0.5
7.267450000 0.5
7.267500000 13.8
7.267501000 -40.0
7.267503000 65.0
7.267506000 20.0
7.267510000 5.0
7.267514000 14.5
7.267520000 13.5
7.267550000 13.8
7.269100000 13.8
7.269150000 0.5
7.269950000 0.5
7.270000000 13.8
7.270001000 -40.0
7.270003000 65.0
7.270006000 20.0
7.270010000 5.0
7.270014000 14.5
7.270020000 13.5
7.270050000 13.8
7.271600000 13.8
7.271650000 0.5
7.272450000 0.5
7.272500000 13.8
7.272501000 -40.0
7.272503000 65.0
7.272506000 20.0
7.272510000 5.0
7.272514000 14.5
7.272520000 13.5
7.272550000 13.8
7.274100000 13.8
7.274150000 0.5
7.274950000 0.5
7.275000000 13.8
7.275001000 -40.0
7.275003000 65.0
7.275006000 20.0
7.275010000 5.0
7.275014000 14.5
7.275020000 13.5
7.275050000 13.8
7.276600000 13.8
7.276650000 0.5
7.277450000 0.5
7.277500000 13.8
7.277501000 -40.0
7.277503000 65.0
7.277506000 20.0
7.277510000 5.0
7.277514000 14.5
7.277520000 13.5
7.277550000 13.8
7.279100000 13.8
7.279150000 0.5
7.279950000 0.5
7.280000000 13.8
7.280001000 -40.0
7.280003000 65.0
7.280006000 20.0
7.280010000 5.0
7.280014000 14.5
7.280020000 13.5
7.280050000 13.8
7.281600000 13.8
7.281650000 0.5
7.282450000 0.5
7.282500000 13.8
7.282501000 -40.0
7.282503000 65.0
7.282506000 20.0
7.282510000 5.0
7.282514000 14.5
7.282520000 13.5
7.282550000 13.8
7.284100000 13.8
7.284150000 0.5
7.284950000 0.5
7.285000000 13.8
7.285001000 -40.0
7.285003000 65.0
7.285006000 20.0
7.285010000 5.0
7.285014000 14.5
7.285020000 13.5
7.285050000 13.8
7.286600000 13.8
7.286650000 0.5
7.287450000 0.5
7.287500000 13.8
7.287501000 -40.0
7.287503000 65.0
7.287506000 20.0
7.287510000 5.0
7.287514000 14.5
7.287520000 13.5
7.287550000 13.8
7.289100000 13.8
7.289150000 0.5
7.289950000 0.5
7.290000000 13.8
7.290001000 -40.0
7.290003000 65.0
7.290006000 20.0
7.290010000 5.0
7.290014000 14.5
7.290020000 13.5
7.290050000 13.8
7.291600000 13.8
7.291650000 0.5
7.292450000 0.5
7.292500000 13.8
7.292501000 -40.0
7.292503000 65.0
7.292506000 20.0
7.292510000 5.0
7.292514000 14.5
7.292520000 13.5
7.292550000 13.8
7.294100000 13.8
7.294150000 0.5
7.294950000 0.5
7.295000000 13.8
7.295001000 -40.0
7.295003000 65.0
7.295006000 20.0
7.295010000 5.0
7.295014000 14.5
7.295020000 13.5
7.295050000 13.8
7.296600000 13.8
7.296650000 0.5
7.297450000 0.5
7.297500000 13.8
7.297501000 -40.0
7.297503000 65.0
7.297506000 20.0
7.297510000 5.0
7.297514000 14.5
7.297520000 13.5
7.297550000 13.8
7.299100000 13.8
7.299150000 0.5
7.299950000 0.5
7.300000000 13.8
7.300001000 -40.0
7.300003000 65.0
7.300006000 20.0
7.300010000 5.0
7.300014000 14.5
7.300020000 13.5
7.300050000 13.8
7.301600000 13.8
7.301650000 0.5
7.302450000 0.5
7.302500000 13.8
7.302501000 -40.0
7.302503000 65.0
7.302506000 20.0
7.302510000 5.0
7.302514000 14.5
7.302520000 13.5
7.302550000 13.8
7.304100000 13.8
7.304150000 0.5
7.304950000 0.5
7.305000000 13.8
7.305001000 -40.0
7.305003000 65.0
7.305006000 20.0
7.305010000 5.0
7.305014000 14.5
7.305020000 13.5
7.305050000 13.8
7.306600000 13.8
7.306650000 0.5
7.307450000 0.5
7.307500000 13.8
7.307501000 -40.0
7.307503000 65.0
7.307506000 20.0
7.307510000 5.0
7.307514000 14.5
7.307520000 13.5
7.307550000 13.8
7.309100000 13.8
7.309150000 0.5
7.309950000 0.5
7.310000000 13.8
7.310001000 -40.0
7.310003000 65.0
7.310006000 20.0
7.310010000 5.0
7.310014000 14.5
7.310020000 13.5
7.310050000 13.8
7.311600000 13.8
7.311650000 0.5
7.312450000 0.5
7.312500000 13.8
7.312501000 -40.0
7.312503000 65.0
7.312506000 20.0
7.312510000 5.0
7.312514000 14.5
7.312520000 13.5
7.312550000 13.8
7.314100000 13.8
7.314150000 0.5
7.314950000 0.5
7.315000000 13.8
7.315001000 -40.0
7.315003000 65.0
7.315006000 20.0
7.315010000 5.0
7.315014000 14.5
7.315020000 13.5
7.315050000 13.8
7.316600000 13.8
7.316650000 0.5
7.317450000 0.5
7.317500000 13.8
7.317501000 -40.0
7.317503000 65.0
7.317506000 20.0
7.317510000 5.0
7.317514000 14.5
7.317520000 13.5
7.317550000 13.8
7.319100000 13.8
7.319150000 0.5
7.319950000 0.5
7.320000000 13.8
7.320001000 -40.0
7.320003000 65.0
7.320006000 20.0
7.320010000 5.0
7.320014000 14.5
7.320020000 13.5
7.320050000 13.8
7.321600000 13.8
7.321650000 0.5
7.322450000 0.5
7.322500000 13.8
7.322501000 -40.0
7.322503000 65.0
7.322506000 20.0
7.322510000 5.0
7.322514000 14.5
7.322520000 13.5
7.322550000 13.8
7.324100000 13.8
7.324150000 0.5
7.324950000 0.5
7.325000000 13.8
7.325001000 -40.0
7.325003000 65.0
7.325006000 20.0
7.325010000 5.0
7.325014000 14.5
7.325020000 13.5
7.325050000 13.8
7.326600000 13.8
7.326650000 0.5
7.327450000 0.5
7.327500000 13.8
7.327501000 -40.0
7.327503000 65.0
7.327506000 20.0
7.327510000 5.0
7.327514000 14.5
7.327520000 13.5
7.327550000 13.8
7.329100000 13.8
7.329150000 0.5
7.329950000 0.5
7.330000000 13.8
7.330001000 -40.0
7.330003000 65.0
7.330006000 20.0
7.330010000 5.0
7.330014000 14.5
7.330020000 13.5
7.330050000 13.8
7.331600000 13.8
7.331650000 0.5
7.332450000 0.5
7.332500000 13.8
7.332501000 -40.0
7.332503000 65.0
7.332506000 20.0
7.332510000 5.0
7.332514000 14.5
7.332520000 13.5
7.332550000 13.8
7.334100000 13.8
7.334150000 0.5
7.334950000 0.5
7.335000000 13.8
7.335001000 -40.0
7.335003000 65.0
7.335006000 20.0
7.335010000 5.0
7.335014000 14.5
7.335020000 13.5
7.335050000 13.8
7.336600000 13.8
7.336650000 0.5
7.337450000 0.5
7.337500000 13.8
7.337501000 -40.0
7.337503000 65.0
7.337506000 20.0
7.337510000 5.0
7.337514000 14.5
7.337520000 13.5
7.337550000 13.8
7.339100000 13.8
7.339150000 0.5
7.339950000 0.5
7.340000000 13.8
7.340001000 -40.0
7.340003000 65.0
7.340006000 20.0
7.340010000 5.0
7.340014000 14.5
7.340020000 13.5
7.340050000 13.8
7.341600000 13.8
7.341650000 0.5
7.342450000 0.5
7.342500000 13.8
7.342501000 -40.0
7.342503000 65.0
7.342506000 20.0
7.342510000 5.0
7.342514000 14.5
7.342520000 13.5
7.342550000 13.8
7.344100000 13.8
7.344150000 0.5
7.344950000 0.5
7.345000000 13.8
7.345001000 -40.0
7.345003000 65.0
7.345006000 20.0
7.345010000 5.0
7.345014000 14.5
7.345020000 13.5
7.345050000 13.8
7.346600000 13.8
7.346650000 0.5
7.347450000 0.5
7.347500000 13.8
7.347501000 -40.0
7.347503000 65.0
7.347506000 20.0
7.347510000 5.0
7.347514000 14.5
7.347520000 13.5
7.347550000 13.8
7.349100000 13.8
7.349150000 0.5
7.349950000 0.5
7.350000000 13.8
7.350001000 -40.0
7.350003000 65.0
7.350006000 20.0
7.350010000 5.0
7.350014000 14.5
7.350020000 13.5
7.350050000 13.8
7.351600000 13.8
7.351650000 0.5
7.352450000 0.5
7.352500000 13.8
7.352501000 -40.0
7.352503000 65.0
7.352506000 20.0
7.352510000 5.0
7.352514000 14.5
7.352520000 13.5
7.352550000 13.8
7.354100000 13.8
7.354150000 0.5
7.354950000 0.5
7.355000000 13.8
7.355001000 -40.0
7.355003000 65.0
7.355006000 20.0
7.355010000 5.0
7.355014000 14.5
7.355020000 13.5
7.355050000 13.8
7.356600000 13.8
7.356650000 0.5
7.357450000 0.5
7.357500000 13.8
7.357501000 -40.0
7.357503000 65.0
7.357506000 20.0
7.357510000 5.0
7.357514000 14.5
7.357520000 13.5
7.357550000 13.8
7.359100000 13.8
7.359150000 0.5
7.359950000 0.5
7.360000000 13.8
7.360001000 -40.0
7.360003000 65.0
7.360006000 20.0
7.360010000 5.0
7.360014000 14.5
7.360020000 13.5
7.360050000 13.8
7.361600000 13.8
7.361650000 0.5
7.362450000 0.5
7.362500000 13.8
7.362501000 -40.0
7.362503000 65.0
7.362506000 20.0
7.362510000 5.0
7.362514000 14.5
7.362520000 13.5
7.362550000 13.8
7.364100000 13.8
7.364150000 0.5
7.364950000 0.5
7.365000000 13.8
7.365001000 -40.0
7.365003000 65.0
7.365006000 20.0
7.365010000 5.0
7.365014000 14.5
7.365020000 13.5
7.365050000 13.8
7.366600000 13.8
7.366650000 0.5
7.367450000 0.5
7.367500000 13.8
7.367501000 -40.0
7.367503000 65.0
7.367506000 20.0
7.367510000 5.0
7.367514000 14.5
7.367520000 13.5
7.367550000 13.8
7.369100000 13.8
7.369150000 0.5
7.369950000 0.5
7.370000000 13.8
7.370001000 -40.0
7.370003000 65.0
7.370006000 20.0
7.370010000 5.0
7.370014000 14.5
7.370020000 13.5
7.370050000 13.8
7.371600000 13.8
7.371650000 0.5
7.372450000 0.5
7.372500000 13.8
7.372501000 -40.0
7.372503000 65.0
7.372506000 20.0
7.372510000 5.0
7.372514000 14.5
7.372520000 13.5
7.372550000 13.8
7.374100000 13.8
7.374150000 0.5
7.374950000 0.5
7.375000000 13.8
7.375001000 -40.0
7.375003000 65.0
7.375006000 20.0
7.375010000 5.0
7.375014000 14.5
7.375020000 13.5
7.375050000 13.8
7.376600000 13.8
7.376650000 0.5
7.377450000 0.5
7.377500000 13.8
7.377501000 -40.0
7.377503000 65.0
7.377506000 20.0
7.377510000 5.0
7.377514000 14.5
7.377520000 13.5
7.377550000 13.8
7.379100000 13.8
7.379150000 0.5
7.379950000 0.5
7.380000000 13.8
7.380001000 -40.0
7.380003000 65.0
7.380006000 20.0
7.380010000 5.0
7.380014000 14.5
7.380020000 13.5
7.380050000 13.8
7.381600000 13.8
7.381650000 0.5
7.382450000 0.5
7.382500000 13.8
7.382501000 -40.0
7.382503000 65.0
7.382506000 20.0
7.382510000 5.0
7.382514000 14.5
7.382520000 13.5
7.382550000 13.8
7.384100000 13.8
7.384150000 0.5
7.384950000 0.5
7.385000000 13.8
7.385001000 -40.0
7.385003000 65.0
7.385006000 20.0
7.385010000 5.0
7.385014000 14.5
7.385020000 13.5
7.385050000 13.8
7.386600000 13.8
7.386650000 0.5
7.387450000 0.5
7.387500000 13.8
7.387501000 -40.0
7.387503000 65.0
7.387506000 20.0
7.387510000 5.0
7.387514000 14.5
7.387520000 13.5
7.387550000 13.8
7.389100000 13.8
7.389150000 0.5
7.389950000 0.5
7.390000000 13.8
7.390001000 -40.0
7.390003000 65.0
7.390006000 20.0
7.390010000 5.0
7.390014000 14.5
7.390020000 13.5
7.390050000 13.8
7.391600000 13.8
7.391650000 0.5
7.392450000 0.5
7.392500000 13.8
7.392501000 -40.0
7.392503000 65.0
7.392506000 20.0
7.392510000 5.0
7.392514000 14.5
7.392520000 13.5
7.392550000 13.8
7.394100000 13.8
7.394150000 0.5
7.394950000 0.5
7.395000000 13.8
7.395001000 -40.0
7.395003000 65.0
7.395006000 20.0
7.395010000 5.0
7.395014000 14.5
7.395020000 13.5
7.395050000 13.8
7.396600000 13.8
7.396650000 0.5
7.397450000 0.5
7.397500000 13.8
7.397501000 -40.0
7.397503000 65.0
7.397506000 20.0
7.397510000 5.0
7.397514000 14.5
7.397520000 13.5
7.397550000 13.8
7.399100000 13.8
7.399150000 0.5
7.399950000 0.5
7.400000000 13.8
7.400001000 -40.0
7.400003000 65.0
7.400006000 20.0
7.400010000 5.0
7.400014000 14.5
7.400020000 13.5
7.400050000 13.8
7.401600000 13.8
7.401650000 0.5
7.402450000 0.5
7.402500000 13.8
7.402501000 -40.0
7.402503000 65.0
7.402506000 20.0
7.402510000 5.0
7.402514000 14.5
7.402520000 13.5
7.402550000 13.8
7.404100000 13.8
7.404150000 0.5
7.404950000 0.5
7.405000000 13.8
7.405001000 -40.0
7.405003000 65.0
7.405006000 20.0
7.405010000 5.0
7.405014000 14.5
7.405020000 13.5
7.405050000 13.8
7.406600000 13.8
7.406650000 0.5
7.407450000 0.5
7.407500000 13.8
7.407501000 -40.0
7.407503000 65.0
7.407506000 20.0
7.407510000 5.0
7.407514000 14.5
7.407520000 13.5
7.407550000 13.8
7.409100000 13.8
7.409150000 0.5
7.409950000 0.5
7.410000000 13.8
7.410001000 -40.0
7.410003000 65.0
7.410006000 20.0
7.410010000 5.0
7.410014000 14.5
7.410020000 13.5
7.410050000 13.8
7.411600000 13.8
7.411650000 0.5
7.412450000 0.5
7.412500000 13.8
7.412501000 -40.0
7.412503000 65.0
7.412506000 20.0
7.412510000 5.0
7.412514000 14.5
7.412520000 13.5
7.412550000 13.8
7.414100000 13.8
7.414150000 0.5
7.414950000 0.5
7.415000000 13.8
7.415001000 -40.0
7.415003000 65.0
7.415006000 20.0
7.415010000 5.0
7.415014000 14.5
7.415020000 13.5
7.415050000 13.8
7.416600000 13.8
7.416650000 0.5
7.417450000 0.5
7.417500000 13.8
7.417501000 -40.0
7.417503000 65.0
7.417506000 20.0
7.417510000 5.0
7.417514000 14.5
7.417520000 13.5
7.417550000 13.8
7.419100000 13.8
7.419150000 0.5
7.419950000 0.5
7.420000000 13.8
7.420001000 -40.0
7.420003000 65.0
7.420006000 20.0
7.420010000 5.0
7.420014000 14.5
7.420020000 13.5
7.420050000 13.8
7.421600000 13.8
7.421650000 0.5
7.422450000 0.5
7.422500000 13.8
7.422501000 -40.0
7.422503000 65.0
7.422506000 20.0
7.422510000 5.0
7.422514000 14.5
7.422520000 13.5
7.422550000 13.8
7.424100000 13.8
7.424150000 0.5
7.424950000 0.5
7.425000000 13.8
7.425001000 -40.0
7.425003000 65.0
7.425006000 20.0
7.425010000 5.0
7.425014000 14.5
7.425020000 13.5
7.425050000 13.8
7.426600000 13.8
7.426650000 0.5
7.427450000 0.5
7.427500000 13.8
7.427501000 -40.0
7.427503000 65.0
7.427506000 20.0
7.427510000 5.0
7.427514000 14.5
7.427520000 13.5
7.427550000 13.8
7.429100000 13.8
7.429150000 0.5
7.429950000 0.5
7.430000000 13.8
7.430001000 -40.0
7.430003000 65.0
7.430006000 20.0
7.430010000 5.0
7.430014000 14.5
7.430020000 13.5
7.430050000 13.8
7.431600000 13.8
7.431650000 0.5
7.432450000 0.5
7.432500000 13.8
7.432501000 -40.0
7.432503000 65.0
7.432506000 20.0
7.432510000 5.0
7.432514000 14.5
7.432520000 13.5
7.432550000 13.8
7.434100000 13.8
7.434150000 0.5
7.434950000 0.5
7.435000000 13.8
7.435001000 -40.0
7.435003000 65.0
7.435006000 20.0
7.435010000 5.0
7.435014000 14.5
7.435020000 13.5
7.435050000 13.8
7.436600000 13.8
7.436650000 0.5
7.437450000 0.5
7.437500000 13.8
7.437501000 -40.0
7.437503000 65.0
7.437506000 20.0
7.437510000 5.0
7.437514000 14.5
7.437520000 13.5
7.437550000 13.8
7.439100000 13.8
7.439150000 0.5
7.439950000 0.5
7.440000000 13.8
7.440001000 -40.0
7.440003000 65.0
7.440006000 20.0
7.440010000 5.0
7.440014000 14.5
7.440020000 13.5
7.440050000 13.8
7.441600000 13.8
7.441650000 0.5
7.442450000 0.5
7.442500000 13.8
7.442501000 -40.0
7.442503000 65.0
7.442506000 20.0
7.442510000 5.0
7.442514000 14.5
7.442520000 13.5
7.442550000 13.8
7.444100000 13.8
7.444150000 0.5
7.444950000 0.5
7.445000000 13.8
7.445001000 -40.0
7.445003000 65.0
7.445006000 20.0
7.445010000 5.0
7.445014000 14.5
7.445020000 13.5
7.445050000 13.8
7.446600000 13.8
7.446650000 0.5
7.447450000 0.5
7.447500000 13.8
7.447501000 -40.0
7.447503000 65.0
7.447506000 20.0
7.447510000 5.0
7.447514000 14.5
7.447520000 13.5
7.447550000 13.8
7.449100000 13.8
7.449150000 0.5
7.449950000 0.5
7.450000000 13.8
7.450001000 -40.0
7.450003000 65.0
7.450006000 20.0
7.450010000 5.0
7.450014000 14.5
7.450020000 13.5
7.450050000 13.8
7.451600000 13.8
7.451650000 0.5
7.452450000 0.5
7.452500000 13.8
7.452501000 -40.0
7.452503000 65.0
7.452506000 20.0
7.452510000 5.0
7.452514000 14.5
7.452520000 13.5
7.452550000 13.8
7.454100000 13.8
7.454150000 0.5
7.454950000 0.5
7.455000000 13.8
7.455001000 -40.0
7.455003000 65.0
7.455006000 20.0
7.455010000 5.0
7.455014000 14.5
7.455020000 13.5
7.455050000 13.8
7.456600000 13.8
7.456650000 0.5
7.457450000 0.5
7.457500000 13.8
7.457501000 -40.0
7.457503000 65.0
7.457506000 20.0
7.457510000 5.0
7.457514000 14.5
7.457520000 13.5
7.457550000 13.8
7.459100000 13.8
7.459150000 0.5
7.459950000 0.5
7.460000000 13.8
7.460001000 -40.0
7.460003000 65.0
7.460006000 20.0
7.460010000 5.0
7.460014000 14.5
7.460020000 13.5
7.460050000 13.8
7.461600000 13.8
7.461650000 0.5
7.462450000 0.5
7.462500000 13.8
7.462501000 -40.0
7.462503000 65.0
7.462506000 20.0
7.462510000 5.0
7.462514000 14.5
7.462520000 13.5
7.462550000 13.8
7.464100000 13.8
7.464150000 0.5
7.464950000 0.5
7.465000000 13.8
7.465001000 -40.0
7.465003000 65.0
7.465006000 20.0
7.465010000 5.0
7.465014000 14.5
7.465020000 13.5
7.465050000 13.8
7.466600000 13.8
7.466650000 0.5
7.467450000 0.5
7.467500000 13.8
7.467501000 -40.0
7.467503000 65.0
7.467506000 20.0
7.467510000 5.0
7.467514000 14.5
7.467520000 13.5
7.467550000 13.8
7.469100000 13.8
7.469150000 0.5
7.469950000 0.5
7.470000000 13.8
7.470001000 -40.0
7.470003000 65.0
7.470006000 20.0
7.470010000 5.0
7.470014000 14.5
7.470020000 13.5
7.470050000 13.8
7.471600000 13.8
7.471650000 0.5
7.472450000 0.5
7.472500000 13.8
7.472501000 -40.0
7.472503000 65.0
7.472506000 20.0
7.472510000 5.0
7.472514000 14.5
7.472520000 13.5
7.472550000 13.8
7.474100000 13.8
7.474150000 0.5
7.474950000 0.5
7.475000000 13.8
7.475001000 -40.0
7.475003000 65.0
7.475006000 20.0
7.475010000 5.0
7.475014000 14.5
7.475020000 13.5
7.475050000 13.8
7.476600000 13.8
7.476650000 0.5
7.477450000 0.5
7.477500000 13.8
7.477501000 -40.0
7.477503000 65.0
7.477506000 20.0
7.477510000 5.0
7.477514000 14.5
7.477520000 13.5
7.477550000 13.8
7.479100000 13.8
7.479150000 0.5
7.479950000 0.5
7.480000000 13.8
7.480001000 -40.0
7.480003000 65.0
7.480006000 20.0
7.480010000 5.0
7.480014000 14.5
7.480020000 13.5
7.480050000 13.8
7.481600000 13.8
7.481650000 0.5
7.482450000 0.5
7.482500000 13.8
7.482501000 -40.0
7.482503000 65.0
7.482506000 20.0
7.482510000 5.0
7.482514000 14.5
7.482520000 13.5
7.482550000 13.8
7.484100000 13.8
7.484150000 0.5
7.484950000 0.5
7.485000000 13.8
7.485001000 -40.0
7.485003000 65.0
7.485006000 20.0
7.485010000 5.0
7.485014000 14.5
7.485020000 13.5
7.485050000 13.8
7.486600000 13.8
7.486650000 0.5
7.487450000 0.5
7.487500000 13.8
7.487501000 -40.0
7.487503000 65.0
7.487506000 20.0
7.487510000 5.0
7.487514000 14.5
7.487520000 13.5
7.487550000 13.8
7.489100000 13.8
7.489150000 0.5
7.489950000 0.5
7.490000000 13.8
7.490001000 -40.0
7.490003000 65.0
7.490006000 20.0
7.490010000 5.0
7.490014000 14.5
7.490020000 13.5
7.490050000 13.8
7.491600000 13.8
7.491650000 0.5
7.492450000 0.5
7.492500000 13.8
7.492501000 -40.0
7.492503000 65.0
7.492506000 20.0
7.492510000 5.0
7.492514000 14.5
7.492520000 13.5
7.492550000 13.8
7.494100000 13.8
7.494150000 0.5
7.494950000 0.5
7.495000000 13.8
7.495001000 -40.0
7.495003000 65.0
7.495006000 20.0
7.495010000 5.0
7.495014000 14.5
7.495020000 13.5
7.495050000 13.8
7.496600000 13.8
7.496650000 0.5
7.497450000 0.5
7.497500000 13.8
7.497501000 -40.0
7.497503000 65.0
7.497506000 20.0
7.497510000 5.0
7.497514000 14.5
7.497520000 13.5
7.497550000 13.8
7.499100000 13.8
7.499150000 0.5
7.499950000 0.5
7.500000000 13.8
7.500001000 -40.0
7.500003000 65.0
7.500006000 20.0
7.500010000 5.0
7.500014000 14.5
7.500020000 13.5
7.500050000 13.8
7.501600000 13.8
7.501650000 0.5
7.502450000 0.5
7.502500000 13.8
7.502501000 -40.0
7.502503000 65.0
7.502506000 20.0
7.502510000 5.0
7.502514000 14.5
7.502520000 13.5
7.502550000 13.8
7.504100000 13.8
7.504150000 0.5
7.504950000 0.5
7.505000000 13.8
7.505001000 -40.0
7.505003000 65.0
7.505006000 20.0
7.505010000 5.0
7.505014000 14.5
7.505020000 13.5
7.505050000 13.8
7.506600000 13.8
7.506650000 0.5
7.507450000 0.5
7.507500000 13.8
7.507501000 -40.0
7.507503000 65.0
7.507506000 20.0
7.507510000 5.0
7.507514000 14.5
7.507520000 13.5
7.507550000 13.8
7.509100000 13.8
7.509150000 0.5
7.509950000 0.5
7.510000000 13.8
7.510001000 -40.0
7.510003000 65.0
7.510006000 20.0
7.510010000 5.0
7.510014000 14.5
7.510020000 13.5
7.510050000 13.8
7.511600000 13.8
7.511650000 0.5
7.512450000 0.5
7.512500000 13.8
7.512501000 -40.0
7.512503000 65.0
7.512506000 20.0
7.512510000 5.0
7.512514000 14.5
7.512520000 13.5
7.512550000 13.8
7.514100000 13.8
7.514150000 0.5
7.514950000 0.5
7.515000000 13.8
7.515001000 -40.0
7.515003000 65.0
7.515006000 20.0
7.515010000 5.0
7.515014000 14.5
7.515020000 13.5
7.515050000 13.8
7.516600000 13.8
7.516650000 0.5
7.517450000 0.5
7.517500000 13.8
7.517501000 -40.0
7.517503000 65.0
7.517506000 20.0
7.517510000 5.0
7.517514000 14.5
7.517520000 13.5
7.517550000 13.8
7.519100000 13.8
7.519150000 0.5
7.519950000 0.5
7.520000000 13.8
7.520001000 -40.0
7.520003000 65.0
7.520006000 20.0
7.520010000 5.0
7.520014000 14.5
7.520020000 13.5
7.520050000 13.8
7.521600000 13.8
7.521650000 0.5
7.522450000 0.5
7.522500000 13.8
7.522501000 -40.0
7.522503000 65.0
7.522506000 20.0
7.522510000 5.0
7.522514000 14.5
7.522520000 13.5
7.522550000 13.8
7.524100000 13.8
7.524150000 0.5
7.524950000 0.5
7.525000000 13.8
7.525001000 -40.0
7.525003000 65.0
7.525006000 20.0
7.525010000 5.0
7.525014000 14.5
7.525020000 13.5
7.525050000 13.8
7.526600000 13.8
7.526650000 0.5
7.527450000 0.5
7.527500000 13.8
7.527501000 -40.0
7.527503000 65.0
7.527506000 20.0
7.527510000 5.0
7.527514000 14.5
7.527520000 13.5
7.527550000 13.8
7.529100000 13.8
7.529150000 0.5
7.529950000 0.5
7.530000000 13.8
7.530001000 -40.0
7.530003000 65.0
7.530006000 20.0
7.530010000 5.0
7.530014000 14.5
7.530020000 13.5
7.530050000 13.8
7.531600000 13.8
7.531650000 0.5
7.532450000 0.5
7.532500000 13.8
7.532501000 -40.0
7.532503000 65.0
7.532506000 20.0
7.532510000 5.0
7.532514000 14.5
7.532520000 13.5
7.532550000 13.8
7.534100000 13.8
7.534150000 0.5
7.534950000 0.5
7.535000000 13.8
7.535001000 -40.0
7.535003000 65.0
7.535006000 20.0
7.535010000 5.0
7.535014000 14.5
7.535020000 13.5
7.535050000 13.8
7.536600000 13.8
7.536650000 0.5
7.537450000 0.5
7.537500000 13.8
7.537501000 -40.0
7.537503000 65.0
7.537506000 20.0
7.537510000 5.0
7.537514000 14.5
7.537520000 13.5
7.537550000 13.8
7.539100000 13.8
7.539150000 0.5
7.539950000 0.5
7.540000000 13.8
7.540001000 -40.0
7.540003000 65.0
7.540006000 20.0
7.540010000 5.0
7.540014000 14.5
7.540020000 13.5
7.540050000 13.8
7.541600000 13.8
7.541650000 0.5
7.542450000 0.5
7.542500000 13.8
7.542501000 -40.0
7.542503000 65.0
7.542506000 20.0
7.542510000 5.0
7.542514000 14.5
7.542520000 13.5
7.542550000 13.8
7.544100000 13.8
7.544150000 0.5
7.544950000 0.5
7.545000000 13.8
7.545001000 -40.0
7.545003000 65.0
7.545006000 20.0
7.545010000 5.0
7.545014000 14.5
7.545020000 13.5
7.545050000 13.8
7.546600000 13.8
7.546650000 0.5
7.547450000 0.5
7.547500000 13.8
7.547501000 -40.0
7.547503000 65.0
7.547506000 20.0
7.547510000 5.0
7.547514000 14.5
7.547520000 13.5
7.547550000 13.8
7.549100000 13.8
7.549150000 0.5
7.549950000 0.5
7.550000000 13.8
7.550001000 -40.0
7.550003000 65.0
7.550006000 20.0
7.550010000 5.0
7.550014000 14.5
7.550020000 13.5
7.550050000 13.8
7.551600000 13.8
7.551650000 0.5
7.552450000 0.5
7.552500000 13.8
7.552501000 -40.0
7.552503000 65.0
7.552506000 20.0
7.552510000 5.0
7.552514000 14.5
7.552520000 13.5
7.552550000 13.8
7.554100000 13.8
7.554150000 0.5
7.554950000 0.5
7.555000000 13.8
7.555001000 -40.0
7.555003000 65.0
7.555006000 20.0
7.555010000 5.0
7.555014000 14.5
7.555020000 13.5
7.555050000 13.8
7.556600000 13.8
7.556650000 0.5
7.557450000 0.5
7.557500000 13.8
7.557501000 -40.0
7.557503000 65.0
7.557506000 20.0
7.557510000 5.0
7.557514000 14.5
7.557520000 13.5
7.557550000 13.8
7.559100000 13.8
7.559150000 0.5
7.559950000 0.5
7.560000000 13.8
7.560001000 -40.0
7.560003000 65.0
7.560006000 20.0
7.560010000 5.0
7.560014000 14.5
7.560020000 13.5
7.560050000 13.8
7.561600000 13.8
7.561650000 0.5
7.562450000 0.5
7.562500000 13.8
7.562501000 -40.0
7.562503000 65.0
7.562506000 20.0
7.562510000 5.0
7.562514000 14.5
7.562520000 13.5
7.562550000 13.8
7.564100000 13.8
7.564150000 0.5
7.564950000 0.5
7.565000000 13.8
7.565001000 -40.0
7.565003000 65.0
7.565006000 20.0
7.565010000 5.0
7.565014000 14.5
7.565020000 13.5
7.565050000 13.8
7.566600000 13.8
7.566650000 0.5
7.567450000 0.5
7.567500000 13.8
7.567501000 -40.0
7.567503000 65.0
7.567506000 20.0
7.567510000 5.0
7.567514000 14.5
7.567520000 13.5
7.567550000 13.8
7.569100000 13.8
7.569150000 0.5
7.569950000 0.5
7.570000000 13.8
7.570001000 -40.0
7.570003000 65.0
7.570006000 20.0
7.570010000 5.0
7.570014000 14.5
7.570020000 13.5
7.570050000 13.8
7.571600000 13.8
7.571650000 0.5
7.572450000 0.5
7.572500000 13.8
7.572501000 -40.0
7.572503000 65.0
7.572506000 20.0
7.572510000 5.0
7.572514000 14.5
7.572520000 13.5
7.572550000 13.8
7.574100000 13.8
7.574150000 0.5
7.574950000 0.5
7.575000000 13.8
7.575001000 -40.0
7.575003000 65.0
7.575006000 20.0
7.575010000 5.0
7.575014000 14.5
7.575020000 13.5
7.575050000 13.8
7.576600000 13.8
7.576650000 0.5
7.577450000 0.5
7.577500000 13.8
7.577501000 -40.0
7.577503000 65.0
7.577506000 20.0
7.577510000 5.0
7.577514000 14.5
7.577520000 13.5
7.577550000 13.8
7.579100000 13.8
7.579150000 0.5
7.579950000 0.5
7.580000000 13.8
7.580001000 -40.0
7.580003000 65.0
7.580006000 20.0
7.580010000 5.0
7.580014000 14.5
7.580020000 13.5
7.580050000 13.8
7.581600000 13.8
7.581650000 0.5
7.582450000 0.5
7.582500000 13.8
7.582501000 -40.0
7.582503000 65.0
7.582506000 20.0
7.582510000 5.0
7.582514000 14.5
7.582520000 13.5
7.582550000 13.8
7.584100000 13.8
7.584150000 0.5
7.584950000 0.5
7.585000000 13.8
7.585001000 -40.0
7.585003000 65.0
7.585006000 20.0
7.585010000 5.0
7.585014000 14.5
7.585020000 13.5
7.585050000 13.8
7.586600000 13.8
7.586650000 0.5
7.587450000 0.5
7.587500000 13.8
7.587501000 -40.0
7.587503000 65.0
7.587506000 20.0
7.587510000 5.0
7.587514000 14.5
7.587520000 13.5
7.587550000 13.8
7.589100000 13.8
7.589150000 0.5
7.589950000 0.5
7.590000000 13.8
7.590001000 -40.0
7.590003000 65.0
7.590006000 20.0
7.590010000 5.0
7.590014000 14.5
7.590020000 13.5
7.590050000 13.8
7.591600000 13.8
7.591650000 0.5
7.592450000 0.5
7.592500000 13.8
7.592501000 -40.0
7.592503000 65.0
7.592506000 20.0
7.592510000 5.0
7.592514000 14.5
7.592520000 13.5
7.592550000 13.8
7.594100000 13.8
7.594150000 0.5
7.594950000 0.5
7.595000000 13.8
7.595001000 -40.0
7.595003000 65.0
7.595006000 20.0
7.595010000 5.0
7.595014000 14.5
7.595020000 13.5
7.595050000 13.8
7.596600000 13.8
7.596650000 0.5
7.597450000 0.5
7.597500000 13.8
7.597501000 -40.0
7.597503000 65.0
7.597506000 20.0
7.597510000 5.0
7.597514000 14.5
7.597520000 13.5
7.597550000 13.8
7.599100000 13.8
7.599150000 0.5
7.599950000 0.5
7.600000000 13.8
7.600001000 -40.0
7.600003000 65.0
7.600006000 20.0
7.600010000 5.0
7.600014000 14.5
7.600020000 13.5
7.600050000 13.8
7.601600000 13.8
7.601650000 0.5
7.602450000 0.5
7.602500000 13.8
7.602501000 -40.0
7.602503000 65.0
7.602506000 20.0
7.602510000 5.0
7.602514000 14.5
7.602520000 13.5
7.602550000 13.8
7.604100000 13.8
7.604150000 0.5
7.604950000 0.5
7.605000000 13.8
7.605001000 -40.0
7.605003000 65.0
7.605006000 20.0
7.605010000 5.0
7.605014000 14.5
7.605020000 13.5
7.605050000 13.8
7.606600000 13.8
7.606650000 0.5
7.607450000 0.5
7.607500000 13.8
7.607501000 -40.0
7.607503000 65.0
7.607506000 20.0
7.607510000 5.0
7.607514000 14.5
7.607520000 13.5
7.607550000 13.8
7.609100000 13.8
7.609150000 0.5
7.609950000 0.5
7.610000000 13.8
7.610001000 -40.0
7.610003000 65.0
7.610006000 20.0
7.610010000 5.0
7.610014000 14.5
7.610020000 13.5
7.610050000 13.8
7.611600000 13.8
7.611650000 0.5
7.612450000 0.5
7.612500000 13.8
7.612501000 -40.0
7.612503000 65.0
7.612506000 20.0
7.612510000 5.0
7.612514000 14.5
7.612520000 13.5
7.612550000 13.8
7.614100000 13.8
7.614150000 0.5
7.614950000 0.5
7.615000000 13.8
7.615001000 -40.0
7.615003000 65.0
7.615006000 20.0
7.615010000 5.0
7.615014000 14.5
7.615020000 13.5
7.615050000 13.8
7.616600000 13.8
7.616650000 0.5
7.617450000 0.5
7.617500000 13.8
7.617501000 -40.0
7.617503000 65.0
7.617506000 20.0
7.617510000 5.0
7.617514000 14.5
7.617520000 13.5
7.617550000 13.8
7.619100000 13.8
7.619150000 0.5
7.619950000 0.5
7.620000000 13.8
7.620001000 -40.0
7.620003000 65.0
7.620006000 20.0
7.620010000 5.0
7.620014000 14.5
7.620020000 13.5
7.620050000 13.8
7.621600000 13.8
7.621650000 0.5
7.622450000 0.5
7.622500000 13.8
7.622501000 -40.0
7.622503000 65.0
7.622506000 20.0
7.622510000 5.0
7.622514000 14.5
7.622520000 13.5
7.622550000 13.8
7.624100000 13.8
7.624150000 0.5
7.624950000 0.5
7.625000000 13.8
7.625001000 -40.0
7.625003000 65.0
7.625006000 20.0
7.625010000 5.0
7.625014000 14.5
7.625020000 13.5
7.625050000 13.8
7.626600000 13.8
7.626650000 0.5
7.627450000 0.5
7.627500000 13.8
7.627501000 -40.0
7.627503000 65.0
7.627506000 20.0
7.627510000 5.0
7.627514000 14.5
7.627520000 13.5
7.627550000 13.8
7.629100000 13.8
7.629150000 0.5
7.629950000 0.5
7.630000000 13.8
7.630001000 -40.0
7.630003000 65.0
7.630006000 20.0
7.630010000 5.0
7.630014000 14.5
7.630020000 13.5
7.630050000 13.8
7.631600000 13.8
7.631650000 0.5
7.632450000 0.5
7.632500000 13.8
7.632501000 -40.0
7.632503000 65.0
7.632506000 20.0
7.632510000 5.0
7.632514000 14.5
7.632520000 13.5
7.632550000 13.8
7.634100000 13.8
7.634150000 0.5
7.634950000 0.5
7.635000000 13.8
7.635001000 -40.0
7.635003000 65.0
7.635006000 20.0
7.635010000 5.0
7.635014000 14.5
7.635020000 13.5
7.635050000 13.8
7.636600000 13.8
7.636650000 0.5
7.637450000 0.5
7.637500000 13.8
7.637501000 -40.0
7.637503000 65.0
7.637506000 20.0
7.637510000 5.0
7.637514000 14.5
7.637520000 13.5
7.637550000 13.8
7.639100000 13.8
7.639150000 0.5
7.639950000 0.5
7.640000000 13.8
7.640001000 -40.0
7.640003000 65.0
7.640006000 20.0
7.640010000 5.0
7.640014000 14.5
7.640020000 13.5
7.640050000 13.8
7.641600000 13.8
7.641650000 0.5
7.642450000 0.5
7.642500000 13.8
7.642501000 -40.0
7.642503000 65.0
7.642506000 20.0
7.642510000 5.0
7.642514000 14.5
7.642520000 13.5
7.642550000 13.8
7.644100000 13.8
7.644150000 0.5
7.644950000 0.5
7.645000000 13.8
7.645001000 -40.0
7.645003000 65.0
7.645006000 20.0
7.645010000 5.0
7.645014000 14.5
7.645020000 13.5
7.645050000 13.8
7.646600000 13.8
7.646650000 0.5
7.647450000 0.5
7.647500000 13.8
7.647501000 -40.0
7.647503000 65.0
7.647506000 20.0
7.647510000 5.0
7.647514000 14.5
7.647520000 13.5
7.647550000 13.8
7.649100000 13.8
7.649150000 0.5
7.649950000 0.5
7.650000000 13.8
7.650001000 -40.0
7.650003000 65.0
7.650006000 20.0
7.650010000 5.0
7.650014000 14.5
7.650020000 13.5
7.650050000 13.8
7.651600000 13.8
7.651650000 0.5
7.652450000 0.5
7.652500000 13.8
7.652501000 -40.0
7.652503000 65.0
7.652506000 20.0
7.652510000 5.0
7.652514000 14.5
7.652520000 13.5
7.652550000 13.8
7.654100000 13.8
7.654150000 0.5
7.654950000 0.5
7.655000000 13.8
7.655001000 -40.0
7.655003000 65.0
7.655006000 20.0
7.655010000 5.0
7.655014000 14.5
7.655020000 13.5
7.655050000 13.8
7.656600000 13.8
7.656650000 0.5
7.657450000 0.5
7.657500000 13.8
7.657501000 -40.0
7.657503000 65.0
7.657506000 20.0
7.657510000 5.0
7.657514000 14.5
7.657520000 13.5
7.657550000 13.8
7.659100000 13.8
7.659150000 0.5
7.659950000 0.5
7.660000000 13.8
7.660001000 -40.0
7.660003000 65.0
7.660006000 20.0
7.660010000 5.0
7.660014000 14.5
7.660020000 13.5
7.660050000 13.8
7.661600000 13.8
7.661650000 0.5
7.662450000 0.5
7.662500000 13.8
7.662501000 -40.0
7.662503000 65.0
7.662506000 20.0
7.662510000 5.0
7.662514000 14.5
7.662520000 13.5
7.662550000 13.8
7.664100000 13.8
7.664150000 0.5
7.664950000 0.5
7.665000000 13.8
7.665001000 -40.0
7.665003000 65.0
7.665006000 20.0
7.665010000 5.0
7.665014000 14.5
7.665020000 13.5
7.665050000 13.8
7.666600000 13.8
7.666650000 0.5
7.667450000 0.5
7.667500000 13.8
7.667501000 -40.0
7.667503000 65.0
7.667506000 20.0
7.667510000 5.0
7.667514000 14.5
7.667520000 13.5
7.667550000 13.8
7.669100000 13.8
7.669150000 0.5
7.669950000 0.5
7.670000000 13.8
7.670001000 -40.0
7.670003000 65.0
7.670006000 20.0
7.670010000 5.0
7.670014000 14.5
7.670020000 13.5
7.670050000 13.8
7.671600000 13.8
7.671650000 0.5
7.672450000 0.5
7.672500000 13.8
7.672501000 -40.0
7.672503000 65.0
7.672506000 20.0
7.672510000 5.0
7.672514000 14.5
7.672520000 13.5
7.672550000 13.8
7.674100000 13.8
7.674150000 0.5
7.674950000 0.5
7.675000000 13.8
7.675001000 -40.0
7.675003000 65.0
7.675006000 20.0
7.675010000 5.0
7.675014000 14.5
7.675020000 13.5
7.675050000 13.8
7.676600000 13.8
7.676650000 0.5
7.677450000 0.5
7.677500000 13.8
7.677501000 -40.0
7.677503000 65.0
7.677506000 20.0
7.677510000 5.0
7.677514000 14.5
7.677520000 13.5
7.677550000 13.8
7.679100000 13.8
7.679150000 0.5
7.679950000 0.5
7.680000000 13.8
7.680001000 -40.0
7.680003000 65.0
7.680006000 20.0
7.680010000 5.0
7.680014000 14.5
7.680020000 13.5
7.680050000 13.8
7.681600000 13.8
7.681650000 0.5
7.682450000 0.5
7.682500000 13.8
7.682501000 -40.0
7.682503000 65.0
7.682506000 20.0
7.682510000 5.0
7.682514000 14.5
7.682520000 13.5
7.682550000 13.8
7.684100000 13.8
7.684150000 0.5
7.684950000 0.5
7.685000000 13.8
7.685001000 -40.0
7.685003000 65.0
7.685006000 20.0
7.685010000 5.0
7.685014000 14.5
7.685020000 13.5
7.685050000 13.8
7.686600000 13.8
7.686650000 0.5
7.687450000 0.5
7.687500000 13.8
7.687501000 -40.0
7.687503000 65.0
7.687506000 20.0
7.687510000 5.0
7.687514000 14.5
7.687520000 13.5
7.687550000 13.8
7.689100000 13.8
7.689150000 0.5
7.689950000 0.5
7.690000000 13.8
7.690001000 -40.0
7.690003000 65.0
7.690006000 20.0
7.690010000 5.0
7.690014000 14.5
7.690020000 13.5
7.690050000 13.8
7.691600000 13.8
7.691650000 0.5
7.692450000 0.5
7.692500000 13.8
7.692501000 -40.0
7.692503000 65.0
7.692506000 20.0
7.692510000 5.0
7.692514000 14.5
7.692520000 13.5
7.692550000 13.8
7.694100000 13.8
7.694150000 0.5
7.694950000 0.5
7.695000000 13.8
7.695001000 -40.0
7.695003000 65.0
7.695006000 20.0
7.695010000 5.0
7.695014000 14.5
7.695020000 13.5
7.695050000 13.8
7.696600000 13.8
7.696650000 0.5
7.697450000 0.5
7.697500000 13.8
7.697501000 -40.0
7.697503000 65.0
7.697506000 20.0
7.697510000 5.0
7.697514000 14.5
7.697520000 13.5
7.697550000 13.8
7.699100000 13.8
7.699150000 0.5
7.699950000 0.5
7.700000000 13.8
7.700001000 -40.0
7.700003000 65.0
7.700006000 20.0
7.700010000 5.0
7.700014000 14.5
7.700020000 13.5
7.700050000 13.8
7.701600000 13.8
7.701650000 0.5
7.702450000 0.5
7.702500000 13.8
7.702501000 -40.0
7.702503000 65.0
7.702506000 20.0
7.702510000 5.0
7.702514000 14.5
7.702520000 13.5
7.702550000 13.8
7.704100000 13.8
7.704150000 0.5
7.704950000 0.5
7.705000000 13.8
7.705001000 -40.0
7.705003000 65.0
7.705006000 20.0
7.705010000 5.0
7.705014000 14.5
7.705020000 13.5
7.705050000 13.8
7.706600000 13.8
7.706650000 0.5
7.707450000 0.5
7.707500000 13.8
7.707501000 -40.0
7.707503000 65.0
7.707506000 20.0
7.707510000 5.0
7.707514000 14.5
7.707520000 13.5
7.707550000 13.8
7.709100000 13.8
7.709150000 0.5
7.709950000 0.5
7.710000000 13.8
7.710001000 -40.0
7.710003000 65.0
7.710006000 20.0
7.710010000 5.0
7.710014000 14.5
7.710020000 13.5
7.710050000 13.8
7.711600000 13.8
7.711650000 0.5
7.712450000 0.5
7.712500000 13.8
7.712501000 -40.0
7.712503000 65.0
7.712506000 20.0
7.712510000 5.0
7.712514000 14.5
7.712520000 13.5
7.712550000 13.8
7.714100000 13.8
7.714150000 0.5
7.714950000 0.5
7.715000000 13.8
7.715001000 -40.0
7.715003000 65.0
7.715006000 20.0
7.715010000 5.0
7.715014000 14.5
7.715020000 13.5
7.715050000 13.8
7.716600000 13.8
7.716650000 0.5
7.717450000 0.5
7.717500000 13.8
7.717501000 -40.0
7.717503000 65.0
7.717506000 20.0
7.717510000 5.0
7.717514000 14.5
7.717520000 13.5
7.717550000 13.8
7.719100000 13.8
7.719150000 0.5
7.719950000 0.5
7.720000000 13.8
7.720001000 -40.0
7.720003000 65.0
7.720006000 20.0
7.720010000 5.0
7.720014000 14.5
7.720020000 13.5
7.720050000 13.8
7.721600000 13.8
7.721650000 0.5
7.722450000 0.5
7.722500000 13.8
7.722501000 -40.0
7.722503000 65.0
7.722506000 20.0
7.722510000 5.0
7.722514000 14.5
7.722520000 13.5
7.722550000 13.8
7.724100000 13.8
7.724150000 0.5
7.724950000 0.5
7.725000000 13.8
7.725001000 -40.0
7.725003000 65.0
7.725006000 20.0
7.725010000 5.0
7.725014000 14.5
7.725020000 13.5
7.725050000 13.8
7.726600000 13.8
7.726650000 0.5
7.727450000 0.5
7.727500000 13.8
7.727501000 -40.0
7.727503000 65.0
7.727506000 20.0
7.727510000 5.0
7.727514000 14.5
7.727520000 13.5
7.727550000 13.8
7.729100000 13.8
7.729150000 0.5
7.729950000 0.5
7.730000000 13.8
7.730001000 -40.0
7.730003000 65.0
7.730006000 20.0
7.730010000 5.0
7.730014000 14.5
7.730020000 13.5
7.730050000 13.8
7.731600000 13.8
7.731650000 0.5
7.732450000 0.5
7.732500000 13.8
7.732501000 -40.0
7.732503000 65.0
7.732506000 20.0
7.732510000 5.0
7.732514000 14.5
7.732520000 13.5
7.732550000 13.8
7.734100000 13.8
7.734150000 0.5
7.734950000 0.5
7.735000000 13.8
7.735001000 -40.0
7.735003000 65.0
7.735006000 20.0
7.735010000 5.0
7.735014000 14.5
7.735020000 13.5
7.735050000 13.8
7.736600000 13.8
7.736650000 0.5
7.737450000 0.5
7.737500000 13.8
7.737501000 -40.0
7.737503000 65.0
7.737506000 20.0
7.737510000 5.0
7.737514000 14.5
7.737520000 13.5
7.737550000 13.8
7.739100000 13.8
7.739150000 0.5
7.739950000 0.5
7.740000000 13.8
7.740001000 -40.0
7.740003000 65.0
7.740006000 20.0
7.740010000 5.0
7.740014000 14.5
7.740020000 13.5
7.740050000 13.8
7.741600000 13.8
7.741650000 0.5
7.742450000 0.5
7.742500000 13.8
7.742501000 -40.0
7.742503000 65.0
7.742506000 20.0
7.742510000 5.0
7.742514000 14.5
7.742520000 13.5
7.742550000 13.8
7.744100000 13.8
7.744150000 0.5
7.744950000 0.5
7.745000000 13.8
7.745001000 -40.0
7.745003000 65.0
7.745006000 20.0
7.745010000 5.0
7.745014000 14.5
7.745020000 13.5
7.745050000 13.8
7.746600000 13.8
7.746650000 0.5
7.747450000 0.5
7.747500000 13.8
7.747501000 -40.0
7.747503000 65.0
7.747506000 20.0
7.747510000 5.0
7.747514000 14.5
7.747520000 13.5
7.747550000 13.8
7.749100000 13.8
7.749150000 0.5
7.749950000 0.5
7.750000000 13.8
7.750001000 -40.0
7.750003000 65.0
7.750006000 20.0
7.750010000 5.0
7.750014000 14.5
7.750020000 13.5
7.750050000 13.8
7.751600000 13.8
7.751650000 0.5
7.752450000 0.5
7.752500000 13.8
7.752501000 -40.0
7.752503000 65.0
7.752506000 20.0
7.752510000 5.0
7.752514000 14.5
7.752520000 13.5
7.752550000 13.8
7.754100000 13.8
7.754150000 0.5
7.754950000 0.5
7.755000000 13.8
7.755001000 -40.0
7.755003000 65.0
7.755006000 20.0
7.755010000 5.0
7.755014000 14.5
7.755020000 13.5
7.755050000 13.8
7.756600000 13.8
7.756650000 0.5
7.757450000 0.5
7.757500000 13.8
7.757501000 -40.0
7.757503000 65.0
7.757506000 20.0
7.757510000 5.0
7.757514000 14.5
7.757520000 13.5
7.757550000 13.8
7.759100000 13.8
7.759150000 0.5
7.759950000 0.5
7.760000000 13.8
7.760001000 -40.0
7.760003000 65.0
7.760006000 20.0
7.760010000 5.0
7.760014000 14.5
7.760020000 13.5
7.760050000 13.8
7.761600000 13.8
7.761650000 0.5
7.762450000 0.5
7.762500000 13.8
7.762501000 -40.0
7.762503000 65.0
7.762506000 20.0
7.762510000 5.0
7.762514000 14.5
7.762520000 13.5
7.762550000 13.8
7.764100000 13.8
7.764150000 0.5
7.764950000 0.5
7.765000000 13.8
7.765001000 -40.0
7.765003000 65.0
7.765006000 20.0
7.765010000 5.0
7.765014000 14.5
7.765020000 13.5
7.765050000 13.8
7.766600000 13.8
7.766650000 0.5
7.767450000 0.5
7.767500000 13.8
7.767501000 -40.0
7.767503000 65.0
7.767506000 20.0
7.767510000 5.0
7.767514000 14.5
7.767520000 13.5
7.767550000 13.8
7.769100000 13.8
7.769150000 0.5
7.769950000 0.5
7.770000000 13.8
7.770001000 -40.0
7.770003000 65.0
7.770006000 20.0
7.770010000 5.0
7.770014000 14.5
7.770020000 13.5
7.770050000 13.8
7.771600000 13.8
7.771650000 0.5
7.772450000 0.5
7.772500000 13.8
7.772501000 -40.0
7.772503000 65.0
7.772506000 20.0
7.772510000 5.0
7.772514000 14.5
7.772520000 13.5
7.772550000 13.8
7.774100000 13.8
7.774150000 0.5
7.774950000 0.5
7.775000000 13.8
7.775001000 -40.0
7.775003000 65.0
7.775006000 20.0
7.775010000 5.0
7.775014000 14.5
7.775020000 13.5
7.775050000 13.8
7.776600000 13.8
7.776650000 0.5
7.777450000 0.5
7.777500000 13.8
7.777501000 -40.0
7.777503000 65.0
7.777506000 20.0
7.777510000 5.0
7.777514000 14.5
7.777520000 13.5
7.777550000 13.8
7.779100000 13.8
7.779150000 0.5
7.779950000 0.5
7.780000000 13.8
7.780001000 -40.0
7.780003000 65.0
7.780006000 20.0
7.780010000 5.0
7.780014000 14.5
7.780020000 13.5
7.780050000 13.8
7.781600000 13.8
7.781650000 0.5
7.782450000 0.5
7.782500000 13.8
7.782501000 -40.0
7.782503000 65.0
7.782506000 20.0
7.782510000 5.0
7.782514000 14.5
7.782520000 13.5
7.782550000 13.8
7.784100000 13.8
7.784150000 0.5
7.784950000 0.5
7.785000000 13.8
7.785001000 -40.0
7.785003000 65.0
7.785006000 20.0
7.785010000 5.0
7.785014000 14.5
7.785020000 13.5
7.785050000 13.8
7.786600000 13.8
7.786650000 0.5
7.787450000 0.5
7.787500000 13.8
7.787501000 -40.0
7.787503000 65.0
7.787506000 20.0
7.787510000 5.0
7.787514000 14.5
7.787520000 13.5
7.787550000 13.8
7.789100000 13.8
7.789150000 0.5
7.789950000 0.5
7.790000000 13.8
7.790001000 -40.0
7.790003000 65.0
7.790006000 20.0
7.790010000 5.0
7.790014000 14.5
7.790020000 13.5
7.790050000 13.8
7.791600000 13.8
7.791650000 0.5
7.792450000 0.5
7.792500000 13.8
7.792501000 -40.0
7.792503000 65.0
7.792506000 20.0
7.792510000 5.0
7.792514000 14.5
7.792520000 13.5
7.792550000 13.8
7.794100000 13.8
7.794150000 0.5
7.794950000 0.5
7.795000000 13.8
7.795001000 -40.0
7.795003000 65.0
7.795006000 20.0
7.795010000 5.0
7.795014000 14.5
7.795020000 13.5
7.795050000 13.8
7.796600000 13.8
7.796650000 0.5
7.797450000 0.5
7.797500000 13.8
7.797501000 -40.0
7.797503000 65.0
7.797506000 20.0
7.797510000 5.0
7.797514000 14.5
7.797520000 13.5
7.797550000 13.8
7.799100000 13.8
7.799150000 0.5
7.799950000 0.5
7.800000000 13.8
7.800001000 -40.0
7.800003000 65.0
7.800006000 20.0
7.800010000 5.0
7.800014000 14.5
7.800020000 13.5
7.800050000 13.8
7.801600000 13.8
7.801650000 0.5
7.802450000 0.5
7.802500000 13.8
7.802501000 -40.0
7.802503000 65.0
7.802506000 20.0
7.802510000 5.0
7.802514000 14.5
7.802520000 13.5
7.802550000 13.8
7.804100000 13.8
7.804150000 0.5
7.804950000 0.5
7.805000000 13.8
7.805001000 -40.0
7.805003000 65.0
7.805006000 20.0
7.805010000 5.0
7.805014000 14.5
7.805020000 13.5
7.805050000 13.8
7.806600000 13.8
7.806650000 0.5
7.807450000 0.5
7.807500000 13.8
7.807501000 -40.0
7.807503000 65.0
7.807506000 20.0
7.807510000 5.0
7.807514000 14.5
7.807520000 13.5
7.807550000 13.8
7.809100000 13.8
7.809150000 0.5
7.809950000 0.5
7.810000000 13.8
7.810001000 -40.0
7.810003000 65.0
7.810006000 20.0
7.810010000 5.0
7.810014000 14.5
7.810020000 13.5
7.810050000 13.8
7.811600000 13.8
7.811650000 0.5
7.812450000 0.5
7.812500000 13.8
7.812501000 -40.0
7.812503000 65.0
7.812506000 20.0
7.812510000 5.0
7.812514000 14.5
7.812520000 13.5
7.812550000 13.8
7.814100000 13.8
7.814150000 0.5
7.814950000 0.5
7.815000000 13.8
7.815001000 -40.0
7.815003000 65.0
7.815006000 20.0
7.815010000 5.0
7.815014000 14.5
7.815020000 13.5
7.815050000 13.8
7.816600000 13.8
7.816650000 0.5
7.817450000 0.5
7.817500000 13.8
7.817501000 -40.0
7.817503000 65.0
7.817506000 20.0
7.817510000 5.0
7.817514000 14.5
7.817520000 13.5
7.817550000 13.8
7.819100000 13.8
7.819150000 0.5
7.819950000 0.5
7.820000000 13.8
7.820001000 -40.0
7.820003000 65.0
7.820006000 20.0
7.820010000 5.0
7.820014000 14.5
7.820020000 13.5
7.820050000 13.8
7.821600000 13.8
7.821650000 0.5
7.822450000 0.5
7.822500000 13.8
7.822501000 -40.0
7.822503000 65.0
7.822506000 20.0
7.822510000 5.0
7.822514000 14.5
7.822520000 13.5
7.822550000 13.8
7.824100000 13.8
7.824150000 0.5
7.824950000 0.5
7.825000000 13.8
7.825001000 -40.0
7.825003000 65.0
7.825006000 20.0
7.825010000 5.0
7.825014000 14.5
7.825020000 13.5
7.825050000 13.8
7.826600000 13.8
7.826650000 0.5
7.827450000 0.5
7.827500000 13.8
7.827501000 -40.0
7.827503000 65.0
7.827506000 20.0
7.827510000 5.0
7.827514000 14.5
7.827520000 13.5
7.827550000 13.8
7.829100000 13.8
7.829150000 0.5
7.829950000 0.5
7.830000000 13.8
7.830001000 -40.0
7.830003000 65.0
7.830006000 20.0
7.830010000 5.0
7.830014000 14.5
7.830020000 13.5
7.830050000 13.8
7.831600000 13.8
7.831650000 0.5
7.832450000 0.5
7.832500000 13.8
7.832501000 -40.0
7.832503000 65.0
7.832506000 20.0
7.832510000 5.0
7.832514000 14.5
7.832520000 13.5
7.832550000 13.8
7.834100000 13.8
7.834150000 0.5
7.834950000 0.5
7.835000000 13.8
7.835001000 -40.0
7.835003000 65.0
7.835006000 20.0
7.835010000 5.0
7.835014000 14.5
7.835020000 13.5
7.835050000 13.8
7.836600000 13.8
7.836650000 0.5
7.837450000 0.5
7.837500000 13.8
7.837501000 -40.0
7.837503000 65.0
7.837506000 20.0
7.837510000 5.0
7.837514000 14.5
7.837520000 13.5
7.837550000 13.8
7.839100000 13.8
7.839150000 0.5
7.839950000 0.5
7.840000000 13.8
7.840001000 -40.0
7.840003000 65.0
7.840006000 20.0
7.840010000 5.0
7.840014000 14.5
7.840020000 13.5
7.840050000 13.8
7.841600000 13.8
7.841650000 0.5
7.842450000 0.5
7.842500000 13.8
7.842501000 -40.0
7.842503000 65.0
7.842506000 20.0
7.842510000 5.0
7.842514000 14.5
7.842520000 13.5
7.842550000 13.8
7.844100000 13.8
7.844150000 0.5
7.844950000 0.5
7.845000000 13.8
7.845001000 -40.0
7.845003000 65.0
7.845006000 20.0
7.845010000 5.0
7.845014000 14.5
7.845020000 13.5
7.845050000 13.8
7.846600000 13.8
7.846650000 0.5
7.847450000 0.5
7.847500000 13.8
7.847501000 -40.0
7.847503000 65.0
7.847506000 20.0
7.847510000 5.0
7.847514000 14.5
7.847520000 13.5
7.847550000 13.8
7.849100000 13.8
7.849150000 0.5
7.849950000 0.5
7.850000000 13.8
7.850001000 -40.0
7.850003000 65.0
7.850006000 20.0
7.850010000 5.0
7.850014000 14.5
7.850020000 13.5
7.850050000 13.8
7.851600000 13.8
7.851650000 0.5
7.852450000 0.5
7.852500000 13.8
7.852501000 -40.0
7.852503000 65.0
7.852506000 20.0
7.852510000 5.0
7.852514000 14.5
7.852520000 13.5
7.852550000 13.8
7.854100000 13.8
7.854150000 0.5
7.854950000 0.5
7.855000000 13.8
7.855001000 -40.0
7.855003000 65.0
7.855006000 20.0
7.855010000 5.0
7.855014000 14.5
7.855020000 13.5
7.855050000 13.8
7.856600000 13.8
7.856650000 0.5
7.857450000 0.5
7.857500000 13.8
7.857501000 -40.0
7.857503000 65.0
7.857506000 20.0
7.857510000 5.0
7.857514000 14.5
7.857520000 13.5
7.857550000 13.8
7.859100000 13.8
7.859150000 0.5
7.859950000 0.5
7.860000000 13.8
7.860001000 -40.0
7.860003000 65.0
7.860006000 20.0
7.860010000 5.0
7.860014000 14.5
7.860020000 13.5
7.860050000 13.8
7.861600000 13.8
7.861650000 0.5
7.862450000 0.5
7.862500000 13.8
7.862501000 -40.0
7.862503000 65.0
7.862506000 20.0
7.862510000 5.0
7.862514000 14.5
7.862520000 13.5
7.862550000 13.8
7.864100000 13.8
7.864150000 0.5
7.864950000 0.5
7.865000000 13.8
7.865001000 -40.0
7.865003000 65.0
7.865006000 20.0
7.865010000 5.0
7.865014000 14.5
7.865020000 13.5
7.865050000 13.8
7.866600000 13.8
7.866650000 0.5
7.867450000 0.5
7.867500000 13.8
7.867501000 -40.0
7.867503000 65.0
7.867506000 20.0
7.867510000 5.0
7.867514000 14.5
7.867520000 13.5
7.867550000 13.8
7.869100000 13.8
7.869150000 0.5
7.869950000 0.5
7.870000000 13.8
7.870001000 -40.0
7.870003000 65.0
7.870006000 20.0
7.870010000 5.0
7.870014000 14.5
7.870020000 13.5
7.870050000 13.8
7.871600000 13.8
7.871650000 0.5
7.872450000 0.5
7.872500000 13.8
7.872501000 -40.0
7.872503000 65.0
7.872506000 20.0
7.872510000 5.0
7.872514000 14.5
7.872520000 13.5
7.872550000 13.8
7.874100000 13.8
7.874150000 0.5
7.874950000 0.5
7.875000000 13.8
7.875001000 -40.0
7.875003000 65.0
7.875006000 20.0
7.875010000 5.0
7.875014000 14.5
7.875020000 13.5
7.875050000 13.8
7.876600000 13.8
7.876650000 0.5
7.877450000 0.5
7.877500000 13.8
7.877501000 -40.0
7.877503000 65.0
7.877506000 20.0
7.877510000 5.0
7.877514000 14.5
7.877520000 13.5
7.877550000 13.8
7.879100000 13.8
7.879150000 0.5
7.879950000 0.5
7.880000000 13.8
7.880001000 -40.0
7.880003000 65.0
7.880006000 20.0
7.880010000 5.0
7.880014000 14.5
7.880020000 13.5
7.880050000 13.8
7.881600000 13.8
7.881650000 0.5
7.882450000 0.5
7.882500000 13.8
7.882501000 -40.0
7.882503000 65.0
7.882506000 20.0
7.882510000 5.0
7.882514000 14.5
7.882520000 13.5
7.882550000 13.8
7.884100000 13.8
7.884150000 0.5
7.884950000 0.5
7.885000000 13.8
7.885001000 -40.0
7.885003000 65.0
7.885006000 20.0
7.885010000 5.0
7.885014000 14.5
7.885020000 13.5
7.885050000 13.8
7.886600000 13.8
7.886650000 0.5
7.887450000 0.5
7.887500000 13.8
7.887501000 -40.0
7.887503000 65.0
7.887506000 20.0
7.887510000 5.0
7.887514000 14.5
7.887520000 13.5
7.887550000 13.8
7.889100000 13.8
7.889150000 0.5
7.889950000 0.5
7.890000000 13.8
7.890001000 -40.0
7.890003000 65.0
7.890006000 20.0
7.890010000 5.0
7.890014000 14.5
7.890020000 13.5
7.890050000 13.8
7.891600000 13.8
7.891650000 0.5
7.892450000 0.5
7.892500000 13.8
7.892501000 -40.0
7.892503000 65.0
7.892506000 20.0
7.892510000 5.0
7.892514000 14.5
7.892520000 13.5
7.892550000 13.8
7.894100000 13.8
7.894150000 0.5
7.894950000 0.5
7.895000000 13.8
7.895001000 -40.0
7.895003000 65.0
7.895006000 20.0
7.895010000 5.0
7.895014000 14.5
7.895020000 13.5
7.895050000 13.8
7.896600000 13.8
7.896650000 0.5
7.897450000 0.5
7.897500000 13.8
7.897501000 -40.0
7.897503000 65.0
7.897506000 20.0
7.897510000 5.0
7.897514000 14.5
7.897520000 13.5
7.897550000 13.8
7.899100000 13.8
7.899150000 0.5
7.899950000 0.5
7.900000000 13.8
7.900001000 -40.0
7.900003000 65.0
7.900006000 20.0
7.900010000 5.0
7.900014000 14.5
7.900020000 13.5
7.900050000 13.8
7.901600000 13.8
7.901650000 0.5
7.902450000 0.5
7.902500000 13.8
7.902501000 -40.0
7.902503000 65.0
7.902506000 20.0
7.902510000 5.0
7.902514000 14.5
7.902520000 13.5
7.902550000 13.8
7.904100000 13.8
7.904150000 0.5
7.904950000 0.5
7.905000000 13.8
7.905001000 -40.0
7.905003000 65.0
7.905006000 20.0
7.905010000 5.0
7.905014000 14.5
7.905020000 13.5
7.905050000 13.8
7.906600000 13.8
7.906650000 0.5
7.907450000 0.5
7.907500000 13.8
7.907501000 -40.0
7.907503000 65.0
7.907506000 20.0
7.907510000 5.0
7.907514000 14.5
7.907520000 13.5
7.907550000 13.8
7.909100000 13.8
7.909150000 0.5
7.909950000 0.5
7.910000000 13.8
7.910001000 -40.0
7.910003000 65.0
7.910006000 20.0
7.910010000 5.0
7.910014000 14.5
7.910020000 13.5
7.910050000 13.8
7.911600000 13.8
7.911650000 0.5
7.912450000 0.5
7.912500000 13.8
7.912501000 -40.0
7.912503000 65.0
7.912506000 20.0
7.912510000 5.0
7.912514000 14.5
7.912520000 13.5
7.912550000 13.8
7.914100000 13.8
7.914150000 0.5
7.914950000 0.5
7.915000000 13.8
7.915001000 -40.0
7.915003000 65.0
7.915006000 20.0
7.915010000 5.0
7.915014000 14.5
7.915020000 13.5
7.915050000 13.8
7.916600000 13.8
7.916650000 0.5
7.917450000 0.5
7.917500000 13.8
7.917501000 -40.0
7.917503000 65.0
7.917506000 20.0
7.917510000 5.0
7.917514000 14.5
7.917520000 13.5
7.917550000 13.8
7.919100000 13.8
7.919150000 0.5
7.919950000 0.5
7.920000000 13.8
7.920001000 -40.0
7.920003000 65.0
7.920006000 20.0
7.920010000 5.0
7.920014000 14.5
7.920020000 13.5
7.920050000 13.8
7.921600000 13.8
7.921650000 0.5
7.922450000 0.5
7.922500000 13.8
7.922501000 -40.0
7.922503000 65.0
7.922506000 20.0
7.922510000 5.0
7.922514000 14.5
7.922520000 13.5
7.922550000 13.8
7.924100000 13.8
7.924150000 0.5
7.924950000 0.5
7.925000000 13.8
7.925001000 -40.0
7.925003000 65.0
7.925006000 20.0
7.925010000 5.0
7.925014000 14.5
7.925020000 13.5
7.925050000 13.8
7.926600000 13.8
7.926650000 0.5
7.927450000 0.5
7.927500000 13.8
7.927501000 -40.0
7.927503000 65.0
7.927506000 20.0
7.927510000 5.0
7.927514000 14.5
7.927520000 13.5
7.927550000 13.8
7.929100000 13.8
7.929150000 0.5
7.929950000 0.5
7.930000000 13.8
7.930001000 -40.0
7.930003000 65.0
7.930006000 20.0
7.930010000 5.0
7.930014000 14.5
7.930020000 13.5
7.930050000 13.8
7.931600000 13.8
7.931650000 0.5
7.932450000 0.5
7.932500000 13.8
7.932501000 -40.0
7.932503000 65.0
7.932506000 20.0
7.932510000 5.0
7.932514000 14.5
7.932520000 13.5
7.932550000 13.8
7.934100000 13.8
7.934150000 0.5
7.934950000 0.5
7.935000000 13.8
7.935001000 -40.0
7.935003000 65.0
7.935006000 20.0
7.935010000 5.0
7.935014000 14.5
7.935020000 13.5
7.935050000 13.8
7.936600000 13.8
7.936650000 0.5
7.937450000 0.5
7.937500000 13.8
7.937501000 -40.0
7.937503000 65.0
7.937506000 20.0
7.937510000 5.0
7.937514000 14.5
7.937520000 13.5
7.937550000 13.8
7.939100000 13.8
7.939150000 0.5
7.939950000 0.5
7.940000000 13.8
7.940001000 -40.0
7.940003000 65.0
7.940006000 20.0
7.940010000 5.0
7.940014000 14.5
7.940020000 13.5
7.940050000 13.8
7.941600000 13.8
7.941650000 0.5
7.942450000 0.5
7.942500000 13.8
7.942501000 -40.0
7.942503000 65.0
7.942506000 20.0
7.942510000 5.0
7.942514000 14.5
7.942520000 13.5
7.942550000 13.8
7.944100000 13.8
7.944150000 0.5
7.944950000 0.5
7.945000000 13.8
7.945001000 -40.0
7.945003000 65.0
7.945006000 20.0
7.945010000 5.0
7.945014000 14.5
7.945020000 13.5
7.945050000 13.8
7.946600000 13.8
7.946650000 0.5
7.947450000 0.5
7.947500000 13.8
7.947501000 -40.0
7.947503000 65.0
7.947506000 20.0
7.947510000 5.0
7.947514000 14.5
7.947520000 13.5
7.947550000 13.8
7.949100000 13.8
7.949150000 0.5
7.949950000 0.5
7.950000000 13.8
7.950001000 -40.0
7.950003000 65.0
7.950006000 20.0
7.950010000 5.0
7.950014000 14.5
7.950020000 13.5
7.950050000 13.8
7.951600000 13.8
7.951650000 0.5
7.952450000 0.5
7.952500000 13.8
7.952501000 -40.0
7.952503000 65.0
7.952506000 20.0
7.952510000 5.0
7.952514000 14.5
7.952520000 13.5
7.952550000 13.8
7.954100000 13.8
7.954150000 0.5
7.954950000 0.5
7.955000000 13.8
7.955001000 -40.0
7.955003000 65.0
7.955006000 20.0
7.955010000 5.0
7.955014000 14.5
7.955020000 13.5
7.955050000 13.8
7.956600000 13.8
7.956650000 0.5
7.957450000 0.5
7.957500000 13.8
7.957501000 -40.0
7.957503000 65.0
7.957506000 20.0
7.957510000 5.0
7.957514000 14.5
7.957520000 13.5
7.957550000 13.8
7.959100000 13.8
7.959150000 0.5
7.959950000 0.5
7.960000000 13.8
7.960001000 -40.0
7.960003000 65.0
7.960006000 20.0
7.960010000 5.0
7.960014000 14.5
7.960020000 13.5
7.960050000 13.8
7.961600000 13.8
7.961650000 0.5
7.962450000 0.5
7.962500000 13.8
7.962501000 -40.0
7.962503000 65.0
7.962506000 20.0
7.962510000 5.0
7.962514000 14.5
7.962520000 13.5
7.962550000 13.8
7.964100000 13.8
7.964150000 0.5
7.964950000 0.5
7.965000000 13.8
7.965001000 -40.0
7.965003000 65.0
7.965006000 20.0
7.965010000 5.0
7.965014000 14.5
7.965020000 13.5
7.965050000 13.8
7.966600000 13.8
7.966650000 0.5
7.967450000 0.5
7.967500000 13.8
7.967501000 -40.0
7.967503000 65.0
7.967506000 20.0
7.967510000 5.0
7.967514000 14.5
7.967520000 13.5
7.967550000 13.8
7.969100000 13.8
7.969150000 0.5
7.969950000 0.5
7.970000000 13.8
7.970001000 -40.0
7.970003000 65.0
7.970006000 20.0
7.970010000 5.0
7.970014000 14.5
7.970020000 13.5
7.970050000 13.8
7.971600000 13.8
7.971650000 0.5
7.972450000 0.5
7.972500000 13.8
7.972501000 -40.0
7.972503000 65.0
7.972506000 20.0
7.972510000 5.0
7.972514000 14.5
7.972520000 13.5
7.972550000 13.8
7.974100000 13.8
7.974150000 0.5
7.974950000 0.5
7.975000000 13.8
7.975001000 -40.0
7.975003000 65.0
7.975006000 20.0
7.975010000 5.0
7.975014000 14.5
7.975020000 13.5
7.975050000 13.8
7.976600000 13.8
7.976650000 0.5
7.977450000 0.5
7.977500000 13.8
7.977501000 -40.0
7.977503000 65.0
7.977506000 20.0
7.977510000 5.0
7.977514000 14.5
7.977520000 13.5
7.977550000 13.8
7.979100000 13.8
7.979150000 0.5
7.979950000 0.5
7.980000000 13.8
7.980001000 -40.0
7.980003000 65.0
7.980006000 20.0
7.980010000 5.0
7.980014000 14.5
7.980020000 13.5
7.980050000 13.8
7.981600000 13.8
7.981650000 0.5
7.982450000 0.5
7.982500000 13.8
7.982501000 -40.0
7.982503000 65.0
7.982506000 20.0
7.982510000 5.0
7.982514000 14.5
7.982520000 13.5
7.982550000 13.8
7.984100000 13.8
7.984150000 0.5
7.984950000 0.5
7.985000000 13.8
7.985001000 -40.0
7.985003000 65.0
7.985006000 20.0
7.985010000 5.0
7.985014000 14.5
7.985020000 13.5
7.985050000 13.8
7.986600000 13.8
7.986650000 0.5
7.987450000 0.5
7.987500000 13.8
7.987501000 -40.0
7.987503000 65.0
7.987506000 20.0
7.987510000 5.0
7.987514000 14.5
7.987520000 13.5
7.987550000 13.8
7.989100000 13.8
7.989150000 0.5
7.989950000 0.5
7.990000000 13.8
7.990001000 -40.0
7.990003000 65.0
7.990006000 20.0
7.990010000 5.0
7.990014000 14.5
7.990020000 13.5
7.990050000 13.8
7.991600000 13.8
7.991650000 0.5
7.992450000 0.5
7.992500000 13.8
7.992501000 -40.0
7.992503000 65.0
7.992506000 20.0
7.992510000 5.0
7.992514000 14.5
7.992520000 13.5
7.992550000 13.8
7.994100000 13.8
7.994150000 0.5
7.994950000 0.5
7.995000000 13.8
7.995001000 -40.0
7.995003000 65.0
7.995006000 20.0
7.995010000 5.0
7.995014000 14.5
7.995020000 13.5
7.995050000 13.8
7.996600000 13.8
7.996650000 0.5
7.997450000 0.5
7.997500000 13.8
7.997501000 -40.0
7.997503000 65.0
7.997506000 20.0
7.997510000 5.0
7.997514000 14.5
7.997520000 13.5
7.997550000 13.8
7.999100000 13.8
7.999150000 0.5
7.999950000 0.5
8.000000000 13.8
8.000001000 -40.0
8.000003000 65.0
8.000006000 20.0
8.000010000 5.0
8.000014000 14.5
8.000020000 13.5
8.000050000 13.8
8.001600000 13.8
8.001650000 0.5
8.002450000 0.5
8.002500000 13.8
8.002501000 -40.0
8.002503000 65.0
8.002506000 20.0
8.002510000 5.0
8.002514000 14.5
8.002520000 13.5
8.002550000 13.8
8.004100000 13.8
8.004150000 0.5
8.004950000 0.5
8.005000000 13.8
8.005001000 -40.0
8.005003000 65.0
8.005006000 20.0
8.005010000 5.0
8.005014000 14.5
8.005020000 13.5
8.005050000 13.8
8.006600000 13.8
8.006650000 0.5
8.007450000 0.5
8.007500000 13.8
8.007501000 -40.0
8.007503000 65.0
8.007506000 20.0
8.007510000 5.0
8.007514000 14.5
8.007520000 13.5
8.007550000 13.8
8.009100000 13.8
8.009150000 0.5
8.009950000 0.5
8.010000000 13.8
8.010001000 -40.0
8.010003000 65.0
8.010006000 20.0
8.010010000 5.0
8.010014000 14.5
8.010020000 13.5
8.010050000 13.8
8.011600000 13.8
8.011650000 0.5
8.012450000 0.5
8.012500000 13.8
8.012501000 -40.0
8.012503000 65.0
8.012506000 20.0
8.012510000 5.0
8.012514000 14.5
8.012520000 13.5
8.012550000 13.8
8.014100000 13.8
8.014150000 0.5
8.014950000 0.5
8.015000000 13.8
8.015001000 -40.0
8.015003000 65.0
8.015006000 20.0
8.015010000 5.0
8.015014000 14.5
8.015020000 13.5
8.015050000 13.8
8.016600000 13.8
8.016650000 0.5
8.017450000 0.5
8.017500000 13.8
8.017501000 -40.0
8.017503000 65.0
8.017506000 20.0
8.017510000 5.0
8.017514000 14.5
8.017520000 13.5
8.017550000 13.8
8.019100000 13.8
8.019150000 0.5
8.019950000 0.5
8.020000000 13.8
8.020001000 -40.0
8.020003000 65.0
8.020006000 20.0
8.020010000 5.0
8.020014000 14.5
8.020020000 13.5
8.020050000 13.8
8.021600000 13.8
8.021650000 0.5
8.022450000 0.5
8.022500000 13.8
8.022501000 -40.0
8.022503000 65.0
8.022506000 20.0
8.022510000 5.0
8.022514000 14.5
8.022520000 13.5
8.022550000 13.8
8.024100000 13.8
8.024150000 0.5
8.024950000 0.5
8.025000000 13.8
8.025001000 -40.0
8.025003000 65.0
8.025006000 20.0
8.025010000 5.0
8.025014000 14.5
8.025020000 13.5
8.025050000 13.8
8.026600000 13.8
8.026650000 0.5
8.027450000 0.5
8.027500000 13.8
8.027501000 -40.0
8.027503000 65.0
8.027506000 20.0
8.027510000 5.0
8.027514000 14.5
8.027520000 13.5
8.027550000 13.8
8.029100000 13.8
8.029150000 0.5
8.029950000 0.5
8.030000000 13.8
8.030001000 -40.0
8.030003000 65.0
8.030006000 20.0
8.030010000 5.0
8.030014000 14.5
8.030020000 13.5
8.030050000 13.8
8.031600000 13.8
8.031650000 0.5
8.032450000 0.5
8.032500000 13.8
8.032501000 -40.0
8.032503000 65.0
8.032506000 20.0
8.032510000 5.0
8.032514000 14.5
8.032520000 13.5
8.032550000 13.8
8.034100000 13.8
8.034150000 0.5
8.034950000 0.5
8.035000000 13.8
8.035001000 -40.0
8.035003000 65.0
8.035006000 20.0
8.035010000 5.0
8.035014000 14.5
8.035020000 13.5
8.035050000 13.8
8.036600000 13.8
8.036650000 0.5
8.037450000 0.5
8.037500000 13.8
8.037501000 -40.0
8.037503000 65.0
8.037506000 20.0
8.037510000 5.0
8.037514000 14.5
8.037520000 13.5
8.037550000 13.8
8.039100000 13.8
8.039150000 0.5
8.039950000 0.5
8.040000000 13.8
8.040001000 -40.0
8.040003000 65.0
8.040006000 20.0
8.040010000 5.0
8.040014000 14.5
8.040020000 13.5
8.040050000 13.8
8.041600000 13.8
8.041650000 0.5
8.042450000 0.5
8.042500000 13.8
8.042501000 -40.0
8.042503000 65.0
8.042506000 20.0
8.042510000 5.0
8.042514000 14.5
8.042520000 13.5
8.042550000 13.8
8.044100000 13.8
8.044150000 0.5
8.044950000 0.5
8.045000000 13.8
8.045001000 -40.0
8.045003000 65.0
8.045006000 20.0
8.045010000 5.0
8.045014000 14.5
8.045020000 13.5
8.045050000 13.8
8.046600000 13.8
8.046650000 0.5
8.047450000 0.5
8.047500000 13.8
8.047501000 -40.0
8.047503000 65.0
8.047506000 20.0
8.047510000 5.0
8.047514000 14.5
8.047520000 13.5
8.047550000 13.8
8.049100000 13.8
8.049150000 0.5
8.049950000 0.5
8.050000000 13.8
8.050001000 -40.0
8.050003000 65.0
8.050006000 20.0
8.050010000 5.0
8.050014000 14.5
8.050020000 13.5
8.050050000 13.8
8.051600000 13.8
8.051650000 0.5
8.052450000 0.5
8.052500000 13.8
8.052501000 -40.0
8.052503000 65.0
8.052506000 20.0
8.052510000 5.0
8.052514000 14.5
8.052520000 13.5
8.052550000 13.8
8.054100000 13.8
8.054150000 0.5
8.054950000 0.5
8.055000000 13.8
8.055001000 -40.0
8.055003000 65.0
8.055006000 20.0
8.055010000 5.0
8.055014000 14.5
8.055020000 13.5
8.055050000 13.8
8.056600000 13.8
8.056650000 0.5
8.057450000 0.5
8.057500000 13.8
8.057501000 -40.0
8.057503000 65.0
8.057506000 20.0
8.057510000 5.0
8.057514000 14.5
8.057520000 13.5
8.057550000 13.8
8.059100000 13.8
8.059150000 0.5
8.059950000 0.5
8.060000000 13.8
8.060001000 -40.0
8.060003000 65.0
8.060006000 20.0
8.060010000 5.0
8.060014000 14.5
8.060020000 13.5
8.060050000 13.8
8.061600000 13.8
8.061650000 0.5
8.062450000 0.5
8.062500000 13.8
8.062501000 -40.0
8.062503000 65.0
8.062506000 20.0
8.062510000 5.0
8.062514000 14.5
8.062520000 13.5
8.062550000 13.8
8.064100000 13.8
8.064150000 0.5
8.064950000 0.5
8.065000000 13.8
8.065001000 -40.0
8.065003000 65.0
8.065006000 20.0
8.065010000 5.0
8.065014000 14.5
8.065020000 13.5
8.065050000 13.8
8.066600000 13.8
8.066650000 0.5
8.067450000 0.5
8.067500000 13.8
8.067501000 -40.0
8.067503000 65.0
8.067506000 20.0
8.067510000 5.0
8.067514000 14.5
8.067520000 13.5
8.067550000 13.8
8.069100000 13.8
8.069150000 0.5
8.069950000 0.5
8.070000000 13.8
8.070001000 -40.0
8.070003000 65.0
8.070006000 20.0
8.070010000 5.0
8.070014000 14.5
8.070020000 13.5
8.070050000 13.8
8.071600000 13.8
8.071650000 0.5
8.072450000 0.5
8.072500000 13.8
8.072501000 -40.0
8.072503000 65.0
8.072506000 20.0
8.072510000 5.0
8.072514000 14.5
8.072520000 13.5
8.072550000 13.8
8.074100000 13.8
8.074150000 0.5
8.074950000 0.5
8.075000000 13.8
8.075001000 -40.0
8.075003000 65.0
8.075006000 20.0
8.075010000 5.0
8.075014000 14.5
8.075020000 13.5
8.075050000 13.8
8.076600000 13.8
8.076650000 0.5
8.077450000 0.5
8.077500000 13.8
8.077501000 -40.0
8.077503000 65.0
8.077506000 20.0
8.077510000 5.0
8.077514000 14.5
8.077520000 13.5
8.077550000 13.8
8.079100000 13.8
8.079150000 0.5
8.079950000 0.5
8.080000000 13.8
8.080001000 -40.0
8.080003000 65.0
8.080006000 20.0
8.080010000 5.0
8.080014000 14.5
8.080020000 13.5
8.080050000 13.8
8.081600000 13.8
8.081650000 0.5
8.082450000 0.5
8.082500000 13.8
8.082501000 -40.0
8.082503000 65.0
8.082506000 20.0
8.082510000 5.0
8.082514000 14.5
8.082520000 13.5
8.082550000 13.8
8.084100000 13.8
8.084150000 0.5
8.084950000 0.5
8.085000000 13.8
8.085001000 -40.0
8.085003000 65.0
8.085006000 20.0
8.085010000 5.0
8.085014000 14.5
8.085020000 13.5
8.085050000 13.8
8.086600000 13.8
8.086650000 0.5
8.087450000 0.5
8.087500000 13.8
8.087501000 -40.0
8.087503000 65.0
8.087506000 20.0
8.087510000 5.0
8.087514000 14.5
8.087520000 13.5
8.087550000 13.8
8.089100000 13.8
8.089150000 0.5
8.089950000 0.5
8.090000000 13.8
8.090001000 -40.0
8.090003000 65.0
8.090006000 20.0
8.090010000 5.0
8.090014000 14.5
8.090020000 13.5
8.090050000 13.8
8.091600000 13.8
8.091650000 0.5
8.092450000 0.5
8.092500000 13.8
8.092501000 -40.0
8.092503000 65.0
8.092506000 20.0
8.092510000 5.0
8.092514000 14.5
8.092520000 13.5
8.092550000 13.8
8.094100000 13.8
8.094150000 0.5
8.094950000 0.5
8.095000000 13.8
8.095001000 -40.0
8.095003000 65.0
8.095006000 20.0
8.095010000 5.0
8.095014000 14.5
8.095020000 13.5
8.095050000 13.8
8.096600000 13.8
8.096650000 0.5
8.097450000 0.5
8.097500000 13.8
8.097501000 -40.0
8.097503000 65.0
8.097506000 20.0
8.097510000 5.0
8.097514000 14.5
8.097520000 13.5
8.097550000 13.8
8.099100000 13.8
8.099150000 0.5
8.099950000 0.5
8.100000000 13.8
8.100001000 -40.0
8.100003000 65.0
8.100006000 20.0
8.100010000 5.0
8.100014000 14.5
8.100020000 13.5
8.100050000 13.8
8.101600000 13.8
8.101650000 0.5
8.102450000 0.5
8.102500000 13.8
8.102501000 -40.0
8.102503000 65.0
8.102506000 20.0
8.102510000 5.0
8.102514000 14.5
8.102520000 13.5
8.102550000 13.8
8.104100000 13.8
8.104150000 0.5
8.104950000 0.5
8.105000000 13.8
8.105001000 -40.0
8.105003000 65.0
8.105006000 20.0
8.105010000 5.0
8.105014000 14.5
8.105020000 13.5
8.105050000 13.8
8.106600000 13.8
8.106650000 0.5
8.107450000 0.5
8.107500000 13.8
8.107501000 -40.0
8.107503000 65.0
8.107506000 20.0
8.107510000 5.0
8.107514000 14.5
8.107520000 13.5
8.107550000 13.8
8.109100000 13.8
8.109150000 0.5
8.109950000 0.5
8.110000000 13.8
8.110001000 -40.0
8.110003000 65.0
8.110006000 20.0
8.110010000 5.0
8.110014000 14.5
8.110020000 13.5
8.110050000 13.8
8.111600000 13.8
8.111650000 0.5
8.112450000 0.5
8.112500000 13.8
8.112501000 -40.0
8.112503000 65.0
8.112506000 20.0
8.112510000 5.0
8.112514000 14.5
8.112520000 13.5
8.112550000 13.8
8.114100000 13.8
8.114150000 0.5
8.114950000 0.5
8.115000000 13.8
8.115001000 -40.0
8.115003000 65.0
8.115006000 20.0
8.115010000 5.0
8.115014000 14.5
8.115020000 13.5
8.115050000 13.8
8.116600000 13.8
8.116650000 0.5
8.117450000 0.5
8.117500000 13.8
8.117501000 -40.0
8.117503000 65.0
8.117506000 20.0
8.117510000 5.0
8.117514000 14.5
8.117520000 13.5
8.117550000 13.8
8.119100000 13.8
8.119150000 0.5
8.119950000 0.5
8.120000000 13.8
8.120001000 -40.0
8.120003000 65.0
8.120006000 20.0
8.120010000 5.0
8.120014000 14.5
8.120020000 13.5
8.120050000 13.8
8.121600000 13.8
8.121650000 0.5
8.122450000 0.5
8.122500000 13.8
8.122501000 -40.0
8.122503000 65.0
8.122506000 20.0
8.122510000 5.0
8.122514000 14.5
8.122520000 13.5
8.122550000 13.8
8.124100000 13.8
8.124150000 0.5
8.124950000 0.5
8.125000000 13.8
8.125001000 -40.0
8.125003000 65.0
8.125006000 20.0
8.125010000 5.0
8.125014000 14.5
8.125020000 13.5
8.125050000 13.8
8.126600000 13.8
8.126650000 0.5
8.127450000 0.5
8.127500000 13.8
8.127501000 -40.0
8.127503000 65.0
8.127506000 20.0
8.127510000 5.0
8.127514000 14.5
8.127520000 13.5
8.127550000 13.8
8.129100000 13.8
8.129150000 0.5
8.129950000 0.5
8.130000000 13.8
8.130001000 -40.0
8.130003000 65.0
8.130006000 20.0
8.130010000 5.0
8.130014000 14.5
8.130020000 13.5
8.130050000 13.8
8.131600000 13.8
8.131650000 0.5
8.132450000 0.5
8.132500000 13.8
8.132501000 -40.0
8.132503000 65.0
8.132506000 20.0
8.132510000 5.0
8.132514000 14.5
8.132520000 13.5
8.132550000 13.8
8.134100000 13.8
8.134150000 0.5
8.134950000 0.5
8.135000000 13.8
8.135001000 -40.0
8.135003000 65.0
8.135006000 20.0
8.135010000 5.0
8.135014000 14.5
8.135020000 13.5
8.135050000 13.8
8.136600000 13.8
8.136650000 0.5
8.137450000 0.5
8.137500000 13.8
8.137501000 -40.0
8.137503000 65.0
8.137506000 20.0
8.137510000 5.0
8.137514000 14.5
8.137520000 13.5
8.137550000 13.8
8.139100000 13.8
8.139150000 0.5
8.139950000 0.5
8.140000000 13.8
8.140001000 -40.0
8.140003000 65.0
8.140006000 20.0
8.140010000 5.0
8.140014000 14.5
8.140020000 13.5
8.140050000 13.8
8.141600000 13.8
8.141650000 0.5
8.142450000 0.5
8.142500000 13.8
8.142501000 -40.0
8.142503000 65.0
8.142506000 20.0
8.142510000 5.0
8.142514000 14.5
8.142520000 13.5
8.142550000 13.8
8.144100000 13.8
8.144150000 0.5
8.144950000 0.5
8.145000000 13.8
8.145001000 -40.0
8.145003000 65.0
8.145006000 20.0
8.145010000 5.0
8.145014000 14.5
8.145020000 13.5
8.145050000 13.8
8.146600000 13.8
8.146650000 0.5
8.147450000 0.5
8.147500000 13.8
8.147501000 -40.0
8.147503000 65.0
8.147506000 20.0
8.147510000 5.0
8.147514000 14.5
8.147520000 13.5
8.147550000 13.8
8.149100000 13.8
8.149150000 0.5
8.149950000 0.5
8.150000000 13.8
8.150001000 -40.0
8.150003000 65.0
8.150006000 20.0
8.150010000 5.0
8.150014000 14.5
8.150020000 13.5
8.150050000 13.8
8.151600000 13.8
8.151650000 0.5
8.152450000 0.5
8.152500000 13.8
8.152501000 -40.0
8.152503000 65.0
8.152506000 20.0
8.152510000 5.0
8.152514000 14.5
8.152520000 13.5
8.152550000 13.8
8.154100000 13.8
8.154150000 0.5
8.154950000 0.5
8.155000000 13.8
8.155001000 -40.0
8.155003000 65.0
8.155006000 20.0
8.155010000 5.0
8.155014000 14.5
8.155020000 13.5
8.155050000 13.8
8.156600000 13.8
8.156650000 0.5
8.157450000 0.5
8.157500000 13.8
8.157501000 -40.0
8.157503000 65.0
8.157506000 20.0
8.157510000 5.0
8.157514000 14.5
8.157520000 13.5
8.157550000 13.8
8.159100000 13.8
8.159150000 0.5
8.159950000 0.5
8.160000000 13.8
8.160001000 -40.0
8.160003000 65.0
8.160006000 20.0
8.160010000 5.0
8.160014000 14.5
8.160020000 13.5
8.160050000 13.8
8.161600000 13.8
8.161650000 0.5
8.162450000 0.5
8.162500000 13.8
8.162501000 -40.0
8.162503000 65.0
8.162506000 20.0
8.162510000 5.0
8.162514000 14.5
8.162520000 13.5
8.162550000 13.8
8.164100000 13.8
8.164150000 0.5
8.164950000 0.5
8.165000000 13.8
8.165001000 -40.0
8.165003000 65.0
8.165006000 20.0
8.165010000 5.0
8.165014000 14.5
8.165020000 13.5
8.165050000 13.8
8.166600000 13.8
8.166650000 0.5
8.167450000 0.5
8.167500000 13.8
8.167501000 -40.0
8.167503000 65.0
8.167506000 20.0
8.167510000 5.0
8.167514000 14.5
8.167520000 13.5
8.167550000 13.8
8.169100000 13.8
8.169150000 0.5
8.169950000 0.5
8.170000000 13.8
8.170001000 -40.0
8.170003000 65.0
8.170006000 20.0
8.170010000 5.0
8.170014000 14.5
8.170020000 13.5
8.170050000 13.8
8.171600000 13.8
8.171650000 0.5
8.172450000 0.5
8.172500000 13.8
8.172501000 -40.0
8.172503000 65.0
8.172506000 20.0
8.172510000 5.0
8.172514000 14.5
8.172520000 13.5
8.172550000 13.8
8.174100000 13.8
8.174150000 0.5
8.174950000 0.5
8.175000000 13.8
8.175001000 -40.0
8.175003000 65.0
8.175006000 20.0
8.175010000 5.0
8.175014000 14.5
8.175020000 13.5
8.175050000 13.8
8.176600000 13.8
8.176650000 0.5
8.177450000 0.5
8.177500000 13.8
8.177501000 -40.0
8.177503000 65.0
8.177506000 20.0
8.177510000 5.0
8.177514000 14.5
8.177520000 13.5
8.177550000 13.8
8.179100000 13.8
8.179150000 0.5
8.179950000 0.5
8.180000000 13.8
8.180001000 -40.0
8.180003000 65.0
8.180006000 20.0
8.180010000 5.0
8.180014000 14.5
8.180020000 13.5
8.180050000 13.8
8.181600000 13.8
8.181650000 0.5
8.182450000 0.5
8.182500000 13.8
8.182501000 -40.0
8.182503000 65.0
8.182506000 20.0
8.182510000 5.0
8.182514000 14.5
8.182520000 13.5
8.182550000 13.8
8.184100000 13.8
8.184150000 0.5
8.184950000 0.5
8.185000000 13.8
8.185001000 -40.0
8.185003000 65.0
8.185006000 20.0
8.185010000 5.0
8.185014000 14.5
8.185020000 13.5
8.185050000 13.8
8.186600000 13.8
8.186650000 0.5
8.187450000 0.5
8.187500000 13.8
8.187501000 -40.0
8.187503000 65.0
8.187506000 20.0
8.187510000 5.0
8.187514000 14.5
8.187520000 13.5
8.187550000 13.8
8.189100000 13.8
8.189150000 0.5
8.189950000 0.5
8.190000000 13.8
8.190001000 -40.0
8.190003000 65.0
8.190006000 20.0
8.190010000 5.0
8.190014000 14.5
8.190020000 13.5
8.190050000 13.8
8.191600000 13.8
8.191650000 0.5
8.192450000 0.5
8.192500000 13.8
8.192501000 -40.0
8.192503000 65.0
8.192506000 20.0
8.192510000 5.0
8.192514000 14.5
8.192520000 13.5
8.192550000 13.8
8.194100000 13.8
8.194150000 0.5
8.194950000 0.5
8.195000000 13.8
8.195001000 -40.0
8.195003000 65.0
8.195006000 20.0
8.195010000 5.0
8.195014000 14.5
8.195020000 13.5
8.195050000 13.8
8.196600000 13.8
8.196650000 0.5
8.197450000 0.5
8.197500000 13.8
8.197501000 -40.0
8.197503000 65.0
8.197506000 20.0
8.197510000 5.0
8.197514000 14.5
8.197520000 13.5
8.197550000 13.8
8.199100000 13.8
8.199150000 0.5
8.199950000 0.5
8.200000000 13.8
8.200001000 -40.0
8.200003000 65.0
8.200006000 20.0
8.200010000 5.0
8.200014000 14.5
8.200020000 13.5
8.200050000 13.8
8.201600000 13.8
8.201650000 0.5
8.202450000 0.5
8.202500000 13.8
8.202501000 -40.0
8.202503000 65.0
8.202506000 20.0
8.202510000 5.0
8.202514000 14.5
8.202520000 13.5
8.202550000 13.8
8.204100000 13.8
8.204150000 0.5
8.204950000 0.5
8.205000000 13.8
8.205001000 -40.0
8.205003000 65.0
8.205006000 20.0
8.205010000 5.0
8.205014000 14.5
8.205020000 13.5
8.205050000 13.8
8.206600000 13.8
8.206650000 0.5
8.207450000 0.5
8.207500000 13.8
8.207501000 -40.0
8.207503000 65.0
8.207506000 20.0
8.207510000 5.0
8.207514000 14.5
8.207520000 13.5
8.207550000 13.8
8.209100000 13.8
8.209150000 0.5
8.209950000 0.5
8.210000000 13.8
8.210001000 -40.0
8.210003000 65.0
8.210006000 20.0
8.210010000 5.0
8.210014000 14.5
8.210020000 13.5
8.210050000 13.8
8.211600000 13.8
8.211650000 0.5
8.212450000 0.5
8.212500000 13.8
8.212501000 -40.0
8.212503000 65.0
8.212506000 20.0
8.212510000 5.0
8.212514000 14.5
8.212520000 13.5
8.212550000 13.8
8.214100000 13.8
8.214150000 0.5
8.214950000 0.5
8.215000000 13.8
8.215001000 -40.0
8.215003000 65.0
8.215006000 20.0
8.215010000 5.0
8.215014000 14.5
8.215020000 13.5
8.215050000 13.8
8.216600000 13.8
8.216650000 0.5
8.217450000 0.5
8.217500000 13.8
8.217501000 -40.0
8.217503000 65.0
8.217506000 20.0
8.217510000 5.0
8.217514000 14.5
8.217520000 13.5
8.217550000 13.8
8.219100000 13.8
8.219150000 0.5
8.219950000 0.5
8.220000000 13.8
8.220001000 -40.0
8.220003000 65.0
8.220006000 20.0
8.220010000 5.0
8.220014000 14.5
8.220020000 13.5
8.220050000 13.8
8.221600000 13.8
8.221650000 0.5
8.222450000 0.5
8.222500000 13.8
8.222501000 -40.0
8.222503000 65.0
8.222506000 20.0
8.222510000 5.0
8.222514000 14.5
8.222520000 13.5
8.222550000 13.8
8.224100000 13.8
8.224150000 0.5
8.224950000 0.5
8.225000000 13.8
8.225001000 -40.0
8.225003000 65.0
8.225006000 20.0
8.225010000 5.0
8.225014000 14.5
8.225020000 13.5
8.225050000 13.8
8.226600000 13.8
8.226650000 0.5
8.227450000 0.5
8.227500000 13.8
8.227501000 -40.0
8.227503000 65.0
8.227506000 20.0
8.227510000 5.0
8.227514000 14.5
8.227520000 13.5
8.227550000 13.8
8.229100000 13.8
8.229150000 0.5
8.229950000 0.5
8.230000000 13.8
8.230001000 -40.0
8.230003000 65.0
8.230006000 20.0
8.230010000 5.0
8.230014000 14.5
8.230020000 13.5
8.230050000 13.8
8.231600000 13.8
8.231650000 0.5
8.232450000 0.5
8.232500000 13.8
8.232501000 -40.0
8.232503000 65.0
8.232506000 20.0
8.232510000 5.0
8.232514000 14.5
8.232520000 13.5
8.232550000 13.8
8.234100000 13.8
8.234150000 0.5
8.234950000 0.5
8.235000000 13.8
8.235001000 -40.0
8.235003000 65.0
8.235006000 20.0
8.235010000 5.0
8.235014000 14.5
8.235020000 13.5
8.235050000 13.8
8.236600000 13.8
8.236650000 0.5
8.237450000 0.5
8.237500000 13.8
8.237501000 -40.0
8.237503000 65.0
8.237506000 20.0
8.237510000 5.0
8.237514000 14.5
8.237520000 13.5
8.237550000 13.8
8.239100000 13.8
8.239150000 0.5
8.239950000 0.5
8.240000000 13.8
8.240001000 -40.0
8.240003000 65.0
8.240006000 20.0
8.240010000 5.0
8.240014000 14.5
8.240020000 13.5
8.240050000 13.8
8.241600000 13.8
8.241650000 0.5
8.242450000 0.5
8.242500000 13.8
8.242501000 -40.0
8.242503000 65.0
8.242506000 20.0
8.242510000 5.0
8.242514000 14.5
8.242520000 13.5
8.242550000 13.8
8.244100000 13.8
8.244150000 0.5
8.244950000 0.5
8.245000000 13.8
8.245001000 -40.0
8.245003000 65.0
8.245006000 20.0
8.245010000 5.0
8.245014000 14.5
8.245020000 13.5
8.245050000 13.8
8.246600000 13.8
8.246650000 0.5
8.247450000 0.5
8.247500000 13.8
8.247501000 -40.0
8.247503000 65.0
8.247506000 20.0
8.247510000 5.0
8.247514000 14.5
8.247520000 13.5
8.247550000 13.8
8.249100000 13.8
8.249150000 0.5
8.249950000 0.5
8.250000000 13.8
8.250001000 -40.0
8.250003000 65.0
8.250006000 20.0
8.250010000 5.0
8.250014000 14.5
8.250020000 13.5
8.250050000 13.8
8.251600000 13.8
8.251650000 0.5
8.252450000 0.5
8.252500000 13.8
8.252501000 -40.0
8.252503000 65.0
8.252506000 20.0
8.252510000 5.0
8.252514000 14.5
8.252520000 13.5
8.252550000 13.8
8.254100000 13.8
8.254150000 0.5
8.254950000 0.5
8.255000000 13.8
8.255001000 -40.0
8.255003000 65.0
8.255006000 20.0
8.255010000 5.0
8.255014000 14.5
8.255020000 13.5
8.255050000 13.8
8.256600000 13.8
8.256650000 0.5
8.257450000 0.5
8.257500000 13.8
8.257501000 -40.0
8.257503000 65.0
8.257506000 20.0
8.257510000 5.0
8.257514000 14.5
8.257520000 13.5
8.257550000 13.8
8.259100000 13.8
8.259150000 0.5
8.259950000 0.5
8.260000000 13.8
8.260001000 -40.0
8.260003000 65.0
8.260006000 20.0
8.260010000 5.0
8.260014000 14.5
8.260020000 13.5
8.260050000 13.8
8.261600000 13.8
8.261650000 0.5
8.262450000 0.5
8.262500000 13.8
8.262501000 -40.0
8.262503000 65.0
8.262506000 20.0
8.262510000 5.0
8.262514000 14.5
8.262520000 13.5
8.262550000 13.8
8.264100000 13.8
8.264150000 0.5
8.264950000 0.5
8.265000000 13.8
8.265001000 -40.0
8.265003000 65.0
8.265006000 20.0
8.265010000 5.0
8.265014000 14.5
8.265020000 13.5
8.265050000 13.8
8.266600000 13.8
8.266650000 0.5
8.267450000 0.5
8.267500000 13.8
8.267501000 -40.0
8.267503000 65.0
8.267506000 20.0
8.267510000 5.0
8.267514000 14.5
8.267520000 13.5
8.267550000 13.8
8.269100000 13.8
8.269150000 0.5
8.269950000 0.5
8.270000000 13.8
8.270001000 -40.0
8.270003000 65.0
8.270006000 20.0
8.270010000 5.0
8.270014000 14.5
8.270020000 13.5
8.270050000 13.8
8.271600000 13.8
8.271650000 0.5
8.272450000 0.5
8.272500000 13.8
8.272501000 -40.0
8.272503000 65.0
8.272506000 20.0
8.272510000 5.0
8.272514000 14.5
8.272520000 13.5
8.272550000 13.8
8.274100000 13.8
8.274150000 0.5
8.274950000 0.5
8.275000000 13.8
8.275001000 -40.0
8.275003000 65.0
8.275006000 20.0
8.275010000 5.0
8.275014000 14.5
8.275020000 13.5
8.275050000 13.8
8.276600000 13.8
8.276650000 0.5
8.277450000 0.5
8.277500000 13.8
8.277501000 -40.0
8.277503000 65.0
8.277506000 20.0
8.277510000 5.0
8.277514000 14.5
8.277520000 13.5
8.277550000 13.8
8.279100000 13.8
8.279150000 0.5
8.279950000 0.5
8.280000000 13.8
8.280001000 -40.0
8.280003000 65.0
8.280006000 20.0
8.280010000 5.0
8.280014000 14.5
8.280020000 13.5
8.280050000 13.8
8.281600000 13.8
8.281650000 0.5
8.282450000 0.5
8.282500000 13.8
8.282501000 -40.0
8.282503000 65.0
8.282506000 20.0
8.282510000 5.0
8.282514000 14.5
8.282520000 13.5
8.282550000 13.8
8.284100000 13.8
8.284150000 0.5
8.284950000 0.5
8.285000000 13.8
8.285001000 -40.0
8.285003000 65.0
8.285006000 20.0
8.285010000 5.0
8.285014000 14.5
8.285020000 13.5
8.285050000 13.8
8.286600000 13.8
8.286650000 0.5
8.287450000 0.5
8.287500000 13.8
8.287501000 -40.0
8.287503000 65.0
8.287506000 20.0
8.287510000 5.0
8.287514000 14.5
8.287520000 13.5
8.287550000 13.8
8.289100000 13.8
8.289150000 0.5
8.289950000 0.5
8.290000000 13.8
8.290001000 -40.0
8.290003000 65.0
8.290006000 20.0
8.290010000 5.0
8.290014000 14.5
8.290020000 13.5
8.290050000 13.8
8.291600000 13.8
8.291650000 0.5
8.292450000 0.5
8.292500000 13.8
8.292501000 -40.0
8.292503000 65.0
8.292506000 20.0
8.292510000 5.0
8.292514000 14.5
8.292520000 13.5
8.292550000 13.8
8.294100000 13.8
8.294150000 0.5
8.294950000 0.5
8.295000000 13.8
8.295001000 -40.0
8.295003000 65.0
8.295006000 20.0
8.295010000 5.0
8.295014000 14.5
8.295020000 13.5
8.295050000 13.8
8.296600000 13.8
8.296650000 0.5
8.297450000 0.5
8.297500000 13.8
8.297501000 -40.0
8.297503000 65.0
8.297506000 20.0
8.297510000 5.0
8.297514000 14.5
8.297520000 13.5
8.297550000 13.8
8.299100000 13.8
8.299150000 0.5
8.299950000 0.5
8.300000000 13.8
8.300001000 -40.0
8.300003000 65.0
8.300006000 20.0
8.300010000 5.0
8.300014000 14.5
8.300020000 13.5
8.300050000 13.8
8.301600000 13.8
8.301650000 0.5
8.302450000 0.5
8.302500000 13.8
8.302501000 -40.0
8.302503000 65.0
8.302506000 20.0
8.302510000 5.0
8.302514000 14.5
8.302520000 13.5
8.302550000 13.8
8.304100000 13.8
8.304150000 0.5
8.304950000 0.5
8.305000000 13.8
8.305001000 -40.0
8.305003000 65.0
8.305006000 20.0
8.305010000 5.0
8.305014000 14.5
8.305020000 13.5
8.305050000 13.8
8.306600000 13.8
8.306650000 0.5
8.307450000 0.5
8.307500000 13.8
8.307501000 -40.0
8.307503000 65.0
8.307506000 20.0
8.307510000 5.0
8.307514000 14.5
8.307520000 13.5
8.307550000 13.8
8.309100000 13.8
8.309150000 0.5
8.309950000 0.5
8.310000000 13.8
8.310001000 -40.0
8.310003000 65.0
8.310006000 20.0
8.310010000 5.0
8.310014000 14.5
8.310020000 13.5
8.310050000 13.8
8.311600000 13.8
8.311650000 0.5
8.312450000 0.5
8.312500000 13.8
8.312501000 -40.0
8.312503000 65.0
8.312506000 20.0
8.312510000 5.0
8.312514000 14.5
8.312520000 13.5
8.312550000 13.8
8.314100000 13.8
8.314150000 0.5
8.314950000 0.5
8.315000000 13.8
8.315001000 -40.0
8.315003000 65.0
8.315006000 20.0
8.315010000 5.0
8.315014000 14.5
8.315020000 13.5
8.315050000 13.8
8.316600000 13.8
8.316650000 0.5
8.317450000 0.5
8.317500000 13.8
8.317501000 -40.0
8.317503000 65.0
8.317506000 20.0
8.317510000 5.0
8.317514000 14.5
8.317520000 13.5
8.317550000 13.8
8.319100000 13.8
8.319150000 0.5
8.319950000 0.5
8.320000000 13.8
8.320001000 -40.0
8.320003000 65.0
8.320006000 20.0
8.320010000 5.0
8.320014000 14.5
8.320020000 13.5
8.320050000 13.8
8.321600000 13.8
8.321650000 0.5
8.322450000 0.5
8.322500000 13.8
8.322501000 -40.0
8.322503000 65.0
8.322506000 20.0
8.322510000 5.0
8.322514000 14.5
8.322520000 13.5
8.322550000 13.8
8.324100000 13.8
8.324150000 0.5
8.324950000 0.5
8.325000000 13.8
8.325001000 -40.0
8.325003000 65.0
8.325006000 20.0
8.325010000 5.0
8.325014000 14.5
8.325020000 13.5
8.325050000 13.8
8.326600000 13.8
8.326650000 0.5
8.327450000 0.5
8.327500000 13.8
8.327501000 -40.0
8.327503000 65.0
8.327506000 20.0
8.327510000 5.0
8.327514000 14.5
8.327520000 13.5
8.327550000 13.8
8.329100000 13.8
8.329150000 0.5
8.329950000 0.5
8.330000000 13.8
8.330001000 -40.0
8.330003000 65.0
8.330006000 20.0
8.330010000 5.0
8.330014000 14.5
8.330020000 13.5
8.330050000 13.8
8.331600000 13.8
8.331650000 0.5
8.332450000 0.5
8.332500000 13.8
8.332501000 -40.0
8.332503000 65.0
8.332506000 20.0
8.332510000 5.0
8.332514000 14.5
8.332520000 13.5
8.332550000 13.8
8.334100000 13.8
8.334150000 0.5
8.334950000 0.5
8.335000000 13.8
8.335001000 -40.0
8.335003000 65.0
8.335006000 20.0
8.335010000 5.0
8.335014000 14.5
8.335020000 13.5
8.335050000 13.8
8.336600000 13.8
8.336650000 0.5
8.337450000 0.5
8.337500000 13.8
8.337501000 -40.0
8.337503000 65.0
8.337506000 20.0
8.337510000 5.0
8.337514000 14.5
8.337520000 13.5
8.337550000 13.8
8.339100000 13.8
8.339150000 0.5
8.339950000 0.5
8.340000000 13.8
8.340001000 -40.0
8.340003000 65.0
8.340006000 20.0
8.340010000 5.0
8.340014000 14.5
8.340020000 13.5
8.340050000 13.8
8.341600000 13.8
8.341650000 0.5
8.342450000 0.5
8.342500000 13.8
8.342501000 -40.0
8.342503000 65.0
8.342506000 20.0
8.342510000 5.0
8.342514000 14.5
8.342520000 13.5
8.342550000 13.8
8.344100000 13.8
8.344150000 0.5
8.344950000 0.5
8.345000000 13.8
8.345001000 -40.0
8.345003000 65.0
8.345006000 20.0
8.345010000 5.0
8.345014000 14.5
8.345020000 13.5
8.345050000 13.8
8.346600000 13.8
8.346650000 0.5
8.347450000 0.5
8.347500000 13.8
8.347501000 -40.0
8.347503000 65.0
8.347506000 20.0
8.347510000 5.0
8.347514000 14.5
8.347520000 13.5
8.347550000 13.8
8.349100000 13.8
8.349150000 0.5
8.349950000 0.5
8.350000000 13.8
8.350001000 -40.0
8.350003000 65.0
8.350006000 20.0
8.350010000 5.0
8.350014000 14.5
8.350020000 13.5
8.350050000 13.8
8.351600000 13.8
8.351650000 0.5
8.352450000 0.5
8.352500000 13.8
8.352501000 -40.0
8.352503000 65.0
8.352506000 20.0
8.352510000 5.0
8.352514000 14.5
8.352520000 13.5
8.352550000 13.8
8.354100000 13.8
8.354150000 0.5
8.354950000 0.5
8.355000000 13.8
8.355001000 -40.0
8.355003000 65.0
8.355006000 20.0
8.355010000 5.0
8.355014000 14.5
8.355020000 13.5
8.355050000 13.8
8.356600000 13.8
8.356650000 0.5
8.357450000 0.5
8.357500000 13.8
8.357501000 -40.0
8.357503000 65.0
8.357506000 20.0
8.357510000 5.0
8.357514000 14.5
8.357520000 13.5
8.357550000 13.8
8.359100000 13.8
8.359150000 0.5
8.359950000 0.5
8.360000000 13.8
8.360001000 -40.0
8.360003000 65.0
8.360006000 20.0
8.360010000 5.0
8.360014000 14.5
8.360020000 13.5
8.360050000 13.8
8.361600000 13.8
8.361650000 0.5
8.362450000 0.5
8.362500000 13.8
8.362501000 -40.0
8.362503000 65.0
8.362506000 20.0
8.362510000 5.0
8.362514000 14.5
8.362520000 13.5
8.362550000 13.8
8.364100000 13.8
8.364150000 0.5
8.364950000 0.5
8.365000000 13.8
8.365001000 -40.0
8.365003000 65.0
8.365006000 20.0
8.365010000 5.0
8.365014000 14.5
8.365020000 13.5
8.365050000 13.8
8.366600000 13.8
8.366650000 0.5
8.367450000 0.5
8.367500000 13.8
8.367501000 -40.0
8.367503000 65.0
8.367506000 20.0
8.367510000 5.0
8.367514000 14.5
8.367520000 13.5
8.367550000 13.8
8.369100000 13.8
8.369150000 0.5
8.369950000 0.5
8.370000000 13.8
8.370001000 -40.0
8.370003000 65.0
8.370006000 20.0
8.370010000 5.0
8.370014000 14.5
8.370020000 13.5
8.370050000 13.8
8.371600000 13.8
8.371650000 0.5
8.372450000 0.5
8.372500000 13.8
8.372501000 -40.0
8.372503000 65.0
8.372506000 20.0
8.372510000 5.0
8.372514000 14.5
8.372520000 13.5
8.372550000 13.8
8.374100000 13.8
8.374150000 0.5
8.374950000 0.5
8.375000000 13.8
8.375001000 -40.0
8.375003000 65.0
8.375006000 20.0
8.375010000 5.0
8.375014000 14.5
8.375020000 13.5
8.375050000 13.8
8.376600000 13.8
8.376650000 0.5
8.377450000 0.5
8.377500000 13.8
8.377501000 -40.0
8.377503000 65.0
8.377506000 20.0
8.377510000 5.0
8.377514000 14.5
8.377520000 13.5
8.377550000 13.8
8.379100000 13.8
8.379150000 0.5
8.379950000 0.5
8.380000000 13.8
8.380001000 -40.0
8.380003000 65.0
8.380006000 20.0
8.380010000 5.0
8.380014000 14.5
8.380020000 13.5
8.380050000 13.8
8.381600000 13.8
8.381650000 0.5
8.382450000 0.5
8.382500000 13.8
8.382501000 -40.0
8.382503000 65.0
8.382506000 20.0
8.382510000 5.0
8.382514000 14.5
8.382520000 13.5
8.382550000 13.8
8.384100000 13.8
8.384150000 0.5
8.384950000 0.5
8.385000000 13.8
8.385001000 -40.0
8.385003000 65.0
8.385006000 20.0
8.385010000 5.0
8.385014000 14.5
8.385020000 13.5
8.385050000 13.8
8.386600000 13.8
8.386650000 0.5
8.387450000 0.5
8.387500000 13.8
8.387501000 -40.0
8.387503000 65.0
8.387506000 20.0
8.387510000 5.0
8.387514000 14.5
8.387520000 13.5
8.387550000 13.8
8.389100000 13.8
8.389150000 0.5
8.389950000 0.5
8.390000000 13.8
8.390001000 -40.0
8.390003000 65.0
8.390006000 20.0
8.390010000 5.0
8.390014000 14.5
8.390020000 13.5
8.390050000 13.8
8.391600000 13.8
8.391650000 0.5
8.392450000 0.5
8.392500000 13.8
8.392501000 -40.0
8.392503000 65.0
8.392506000 20.0
8.392510000 5.0
8.392514000 14.5
8.392520000 13.5
8.392550000 13.8
8.394100000 13.8
8.394150000 0.5
8.394950000 0.5
8.395000000 13.8
8.395001000 -40.0
8.395003000 65.0
8.395006000 20.0
8.395010000 5.0
8.395014000 14.5
8.395020000 13.5
8.395050000 13.8
8.396600000 13.8
8.396650000 0.5
8.397450000 0.5
8.397500000 13.8
8.397501000 -40.0
8.397503000 65.0
8.397506000 20.0
8.397510000 5.0
8.397514000 14.5
8.397520000 13.5
8.397550000 13.8
8.399100000 13.8
8.399150000 0.5
8.399950000 0.5
8.400000000 13.8
8.400001000 -40.0
8.400003000 65.0
8.400006000 20.0
8.400010000 5.0
8.400014000 14.5
8.400020000 13.5
8.400050000 13.8
8.401600000 13.8
8.401650000 0.5
8.402450000 0.5
8.402500000 13.8
8.402501000 -40.0
8.402503000 65.0
8.402506000 20.0
8.402510000 5.0
8.402514000 14.5
8.402520000 13.5
8.402550000 13.8
8.404100000 13.8
8.404150000 0.5
8.404950000 0.5
8.405000000 13.8
8.405001000 -40.0
8.405003000 65.0
8.405006000 20.0
8.405010000 5.0
8.405014000 14.5
8.405020000 13.5
8.405050000 13.8
8.406600000 13.8
8.406650000 0.5
8.407450000 0.5
8.407500000 13.8
8.407501000 -40.0
8.407503000 65.0
8.407506000 20.0
8.407510000 5.0
8.407514000 14.5
8.407520000 13.5
8.407550000 13.8
8.409100000 13.8
8.409150000 0.5
8.409950000 0.5
8.410000000 13.8
8.410001000 -40.0
8.410003000 65.0
8.410006000 20.0
8.410010000 5.0
8.410014000 14.5
8.410020000 13.5
8.410050000 13.8
8.411600000 13.8
8.411650000 0.5
8.412450000 0.5
8.412500000 13.8
8.412501000 -40.0
8.412503000 65.0
8.412506000 20.0
8.412510000 5.0
8.412514000 14.5
8.412520000 13.5
8.412550000 13.8
8.414100000 13.8
8.414150000 0.5
8.414950000 0.5
8.415000000 13.8
8.415001000 -40.0
8.415003000 65.0
8.415006000 20.0
8.415010000 5.0
8.415014000 14.5
8.415020000 13.5
8.415050000 13.8
8.416600000 13.8
8.416650000 0.5
8.417450000 0.5
8.417500000 13.8
8.417501000 -40.0
8.417503000 65.0
8.417506000 20.0
8.417510000 5.0
8.417514000 14.5
8.417520000 13.5
8.417550000 13.8
8.419100000 13.8
8.419150000 0.5
8.419950000 0.5
8.420000000 13.8
8.420001000 -40.0
8.420003000 65.0
8.420006000 20.0
8.420010000 5.0
8.420014000 14.5
8.420020000 13.5
8.420050000 13.8
8.421600000 13.8
8.421650000 0.5
8.422450000 0.5
8.422500000 13.8
8.422501000 -40.0
8.422503000 65.0
8.422506000 20.0
8.422510000 5.0
8.422514000 14.5
8.422520000 13.5
8.422550000 13.8
8.424100000 13.8
8.424150000 0.5
8.424950000 0.5
8.425000000 13.8
8.425001000 -40.0
8.425003000 65.0
8.425006000 20.0
8.425010000 5.0
8.425014000 14.5
8.425020000 13.5
8.425050000 13.8
8.426600000 13.8
8.426650000 0.5
8.427450000 0.5
8.427500000 13.8
8.427501000 -40.0
8.427503000 65.0
8.427506000 20.0
8.427510000 5.0
8.427514000 14.5
8.427520000 13.5
8.427550000 13.8
8.429100000 13.8
8.429150000 0.5
8.429950000 0.5
8.430000000 13.8
8.430001000 -40.0
8.430003000 65.0
8.430006000 20.0
8.430010000 5.0
8.430014000 14.5
8.430020000 13.5
8.430050000 13.8
8.431600000 13.8
8.431650000 0.5
8.432450000 0.5
8.432500000 13.8
8.432501000 -40.0
8.432503000 65.0
8.432506000 20.0
8.432510000 5.0
8.432514000 14.5
8.432520000 13.5
8.432550000 13.8
8.434100000 13.8
8.434150000 0.5
8.434950000 0.5
8.435000000 13.8
8.435001000 -40.0
8.435003000 65.0
8.435006000 20.0
8.435010000 5.0
8.435014000 14.5
8.435020000 13.5
8.435050000 13.8
8.436600000 13.8
8.436650000 0.5
8.437450000 0.5
8.437500000 13.8
8.437501000 -40.0
8.437503000 65.0
8.437506000 20.0
8.437510000 5.0
8.437514000 14.5
8.437520000 13.5
8.437550000 13.8
8.439100000 13.8
8.439150000 0.5
8.439950000 0.5
8.440000000 13.8
8.440001000 -40.0
8.440003000 65.0
8.440006000 20.0
8.440010000 5.0
8.440014000 14.5
8.440020000 13.5
8.440050000 13.8
8.441600000 13.8
8.441650000 0.5
8.442450000 0.5
8.442500000 13.8
8.442501000 -40.0
8.442503000 65.0
8.442506000 20.0
8.442510000 5.0
8.442514000 14.5
8.442520000 13.5
8.442550000 13.8
8.444100000 13.8
8.444150000 0.5
8.444950000 0.5
8.445000000 13.8
8.445001000 -40.0
8.445003000 65.0
8.445006000 20.0
8.445010000 5.0
8.445014000 14.5
8.445020000 13.5
8.445050000 13.8
8.446600000 13.8
8.446650000 0.5
8.447450000 0.5
8.447500000 13.8
8.447501000 -40.0
8.447503000 65.0
8.447506000 20.0
8.447510000 5.0
8.447514000 14.5
8.447520000 13.5
8.447550000 13.8
8.449100000 13.8
8.449150000 0.5
8.449950000 0.5
8.450000000 13.8
8.450001000 -40.0
8.450003000 65.0
8.450006000 20.0
8.450010000 5.0
8.450014000 14.5
8.450020000 13.5
8.450050000 13.8
8.451600000 13.8
8.451650000 0.5
8.452450000 0.5
8.452500000 13.8
8.452501000 -40.0
8.452503000 65.0
8.452506000 20.0
8.452510000 5.0
8.452514000 14.5
8.452520000 13.5
8.452550000 13.8
8.454100000 13.8
8.454150000 0.5
8.454950000 0.5
8.455000000 13.8
8.455001000 -40.0
8.455003000 65.0
8.455006000 20.0
8.455010000 5.0
8.455014000 14.5
8.455020000 13.5
8.455050000 13.8
8.456600000 13.8
8.456650000 0.5
8.457450000 0.5
8.457500000 13.8
8.457501000 -40.0
8.457503000 65.0
8.457506000 20.0
8.457510000 5.0
8.457514000 14.5
8.457520000 13.5
8.457550000 13.8
8.459100000 13.8
8.459150000 0.5
8.459950000 0.5
8.460000000 13.8
8.460001000 -40.0
8.460003000 65.0
8.460006000 20.0
8.460010000 5.0
8.460014000 14.5
8.460020000 13.5
8.460050000 13.8
8.461600000 13.8
8.461650000 0.5
8.462450000 0.5
8.462500000 13.8
8.462501000 -40.0
8.462503000 65.0
8.462506000 20.0
8.462510000 5.0
8.462514000 14.5
8.462520000 13.5
8.462550000 13.8
8.464100000 13.8
8.464150000 0.5
8.464950000 0.5
8.465000000 13.8
8.465001000 -40.0
8.465003000 65.0
8.465006000 20.0
8.465010000 5.0
8.465014000 14.5
8.465020000 13.5
8.465050000 13.8
8.466600000 13.8
8.466650000 0.5
8.467450000 0.5
8.467500000 13.8
8.467501000 -40.0
8.467503000 65.0
8.467506000 20.0
8.467510000 5.0
8.467514000 14.5
8.467520000 13.5
8.467550000 13.8
8.469100000 13.8
8.469150000 0.5
8.469950000 0.5
8.470000000 13.8
8.470001000 -40.0
8.470003000 65.0
8.470006000 20.0
8.470010000 5.0
8.470014000 14.5
8.470020000 13.5
8.470050000 13.8
8.471600000 13.8
8.471650000 0.5
8.472450000 0.5
8.472500000 13.8
8.472501000 -40.0
8.472503000 65.0
8.472506000 20.0
8.472510000 5.0
8.472514000 14.5
8.472520000 13.5
8.472550000 13.8
8.474100000 13.8
8.474150000 0.5
8.474950000 0.5
8.475000000 13.8
8.475001000 -40.0
8.475003000 65.0
8.475006000 20.0
8.475010000 5.0
8.475014000 14.5
8.475020000 13.5
8.475050000 13.8
8.476600000 13.8
8.476650000 0.5
8.477450000 0.5
8.477500000 13.8
8.477501000 -40.0
8.477503000 65.0
8.477506000 20.0
8.477510000 5.0
8.477514000 14.5
8.477520000 13.5
8.477550000 13.8
8.479100000 13.8
8.479150000 0.5
8.479950000 0.5
8.480000000 13.8
8.480001000 -40.0
8.480003000 65.0
8.480006000 20.0
8.480010000 5.0
8.480014000 14.5
8.480020000 13.5
8.480050000 13.8
8.481600000 13.8
8.481650000 0.5
8.482450000 0.5
8.482500000 13.8
8.482501000 -40.0
8.482503000 65.0
8.482506000 20.0
8.482510000 5.0
8.482514000 14.5
8.482520000 13.5
8.482550000 13.8
8.484100000 13.8
8.484150000 0.5
8.484950000 0.5
8.485000000 13.8
8.485001000 -40.0
8.485003000 65.0
8.485006000 20.0
8.485010000 5.0
8.485014000 14.5
8.485020000 13.5
8.485050000 13.8
8.486600000 13.8
8.486650000 0.5
8.487450000 0.5
8.487500000 13.8
8.487501000 -40.0
8.487503000 65.0
8.487506000 20.0
8.487510000 5.0
8.487514000 14.5
8.487520000 13.5
8.487550000 13.8
8.489100000 13.8
8.489150000 0.5
8.489950000 0.5
8.490000000 13.8
8.490001000 -40.0
8.490003000 65.0
8.490006000 20.0
8.490010000 5.0
8.490014000 14.5
8.490020000 13.5
8.490050000 13.8
8.491600000 13.8
8.491650000 0.5
8.492450000 0.5
8.492500000 13.8
8.492501000 -40.0
8.492503000 65.0
8.492506000 20.0
8.492510000 5.0
8.492514000 14.5
8.492520000 13.5
8.492550000 13.8
8.494100000 13.8
8.494150000 0.5
8.494950000 0.5
8.495000000 13.8
8.495001000 -40.0
8.495003000 65.0
8.495006000 20.0
8.495010000 5.0
8.495014000 14.5
8.495020000 13.5
8.495050000 13.8
8.496600000 13.8
8.496650000 0.5
8.497450000 0.5
8.497500000 13.8
8.497501000 -40.0
8.497503000 65.0
8.497506000 20.0
8.497510000 5.0
8.497514000 14.5
8.497520000 13.5
8.497550000 13.8
8.499100000 13.8
8.499150000 0.5
8.499950000 0.5
8.500000000 13.8
8.500001000 -40.0
8.500003000 65.0
8.500006000 20.0
8.500010000 5.0
8.500014000 14.5
8.500020000 13.5
8.500050000 13.8
8.501600000 13.8
8.501650000 0.5
8.502450000 0.5
8.502500000 13.8
8.502501000 -40.0
8.502503000 65.0
8.502506000 20.0
8.502510000 5.0
8.502514000 14.5
8.502520000 13.5
8.502550000 13.8
8.504100000 13.8
8.504150000 0.5
8.504950000 0.5
8.505000000 13.8
8.505001000 -40.0
8.505003000 65.0
8.505006000 20.0
8.505010000 5.0
8.505014000 14.5
8.505020000 13.5
8.505050000 13.8
8.506600000 13.8
8.506650000 0.5
8.507450000 0.5
8.507500000 13.8
8.507501000 -40.0
8.507503000 65.0
8.507506000 20.0
8.507510000 5.0
8.507514000 14.5
8.507520000 13.5
8.507550000 13.8
8.509100000 13.8
8.509150000 0.5
8.509950000 0.5
8.510000000 13.8
8.510001000 -40.0
8.510003000 65.0
8.510006000 20.0
8.510010000 5.0
8.510014000 14.5
8.510020000 13.5
8.510050000 13.8
8.511600000 13.8
8.511650000 0.5
8.512450000 0.5
8.512500000 13.8
8.512501000 -40.0
8.512503000 65.0
8.512506000 20.0
8.512510000 5.0
8.512514000 14.5
8.512520000 13.5
8.512550000 13.8
8.514100000 13.8
8.514150000 0.5
8.514950000 0.5
8.515000000 13.8
8.515001000 -40.0
8.515003000 65.0
8.515006000 20.0
8.515010000 5.0
8.515014000 14.5
8.515020000 13.5
8.515050000 13.8
8.516600000 13.8
8.516650000 0.5
8.517450000 0.5
8.517500000 13.8
8.517501000 -40.0
8.517503000 65.0
8.517506000 20.0
8.517510000 5.0
8.517514000 14.5
8.517520000 13.5
8.517550000 13.8
8.519100000 13.8
8.519150000 0.5
8.519950000 0.5
8.520000000 13.8
8.520001000 -40.0
8.520003000 65.0
8.520006000 20.0
8.520010000 5.0
8.520014000 14.5
8.520020000 13.5
8.520050000 13.8
8.521600000 13.8
8.521650000 0.5
8.522450000 0.5
8.522500000 13.8
8.522501000 -40.0
8.522503000 65.0
8.522506000 20.0
8.522510000 5.0
8.522514000 14.5
8.522520000 13.5
8.522550000 13.8
8.524100000 13.8
8.524150000 0.5
8.524950000 0.5
8.525000000 13.8
8.525001000 -40.0
8.525003000 65.0
8.525006000 20.0
8.525010000 5.0
8.525014000 14.5
8.525020000 13.5
8.525050000 13.8
8.526600000 13.8
8.526650000 0.5
8.527450000 0.5
8.527500000 13.8
8.527501000 -40.0
8.527503000 65.0
8.527506000 20.0
8.527510000 5.0
8.527514000 14.5
8.527520000 13.5
8.527550000 13.8
8.529100000 13.8
8.529150000 0.5
8.529950000 0.5
8.530000000 13.8
8.530001000 -40.0
8.530003000 65.0
8.530006000 20.0
8.530010000 5.0
8.530014000 14.5
8.530020000 13.5
8.530050000 13.8
8.531600000 13.8
8.531650000 0.5
8.532450000 0.5
8.532500000 13.8
8.532501000 -40.0
8.532503000 65.0
8.532506000 20.0
8.532510000 5.0
8.532514000 14.5
8.532520000 13.5
8.532550000 13.8
8.534100000 13.8
8.534150000 0.5
8.534950000 0.5
8.535000000 13.8
8.535001000 -40.0
8.535003000 65.0
8.535006000 20.0
8.535010000 5.0
8.535014000 14.5
8.535020000 13.5
8.535050000 13.8
8.536600000 13.8
8.536650000 0.5
8.537450000 0.5
8.537500000 13.8
8.537501000 -40.0
8.537503000 65.0
8.537506000 20.0
8.537510000 5.0
8.537514000 14.5
8.537520000 13.5
8.537550000 13.8
8.539100000 13.8
8.539150000 0.5
8.539950000 0.5
8.540000000 13.8
8.540001000 -40.0
8.540003000 65.0
8.540006000 20.0
8.540010000 5.0
8.540014000 14.5
8.540020000 13.5
8.540050000 13.8
8.541600000 13.8
8.541650000 0.5
8.542450000 0.5
8.542500000 13.8
8.542501000 -40.0
8.542503000 65.0
8.542506000 20.0
8.542510000 5.0
8.542514000 14.5
8.542520000 13.5
8.542550000 13.8
8.544100000 13.8
8.544150000 0.5
8.544950000 0.5
8.545000000 13.8
8.545001000 -40.0
8.545003000 65.0
8.545006000 20.0
8.545010000 5.0
8.545014000 14.5
8.545020000 13.5
8.545050000 13.8
8.546600000 13.8
8.546650000 0.5
8.547450000 0.5
8.547500000 13.8
8.547501000 -40.0
8.547503000 65.0
8.547506000 20.0
8.547510000 5.0
8.547514000 14.5
8.547520000 13.5
8.547550000 13.8
8.549100000 13.8
8.549150000 0.5
8.549950000 0.5
8.550000000 13.8
8.550001000 -40.0
8.550003000 65.0
8.550006000 20.0
8.550010000 5.0
8.550014000 14.5
8.550020000 13.5
8.550050000 13.8
8.551600000 13.8
8.551650000 0.5
8.552450000 0.5
8.552500000 13.8
8.552501000 -40.0
8.552503000 65.0
8.552506000 20.0
8.552510000 5.0
8.552514000 14.5
8.552520000 13.5
8.552550000 13.8
8.554100000 13.8
8.554150000 0.5
8.554950000 0.5
8.555000000 13.8
8.555001000 -40.0
8.555003000 65.0
8.555006000 20.0
8.555010000 5.0
8.555014000 14.5
8.555020000 13.5
8.555050000 13.8
8.556600000 13.8
8.556650000 0.5
8.557450000 0.5
8.557500000 13.8
8.557501000 -40.0
8.557503000 65.0
8.557506000 20.0
8.557510000 5.0
8.557514000 14.5
8.557520000 13.5
8.557550000 13.8
8.559100000 13.8
8.559150000 0.5
8.559950000 0.5
8.560000000 13.8
8.560001000 -40.0
8.560003000 65.0
8.560006000 20.0
8.560010000 5.0
8.560014000 14.5
8.560020000 13.5
8.560050000 13.8
8.561600000 13.8
8.561650000 0.5
8.562450000 0.5
8.562500000 13.8
8.562501000 -40.0
8.562503000 65.0
8.562506000 20.0
8.562510000 5.0
8.562514000 14.5
8.562520000 13.5
8.562550000 13.8
8.564100000 13.8
8.564150000 0.5
8.564950000 0.5
8.565000000 13.8
8.565001000 -40.0
8.565003000 65.0
8.565006000 20.0
8.565010000 5.0
8.565014000 14.5
8.565020000 13.5
8.565050000 13.8
8.566600000 13.8
8.566650000 0.5
8.567450000 0.5
8.567500000 13.8
8.567501000 -40.0
8.567503000 65.0
8.567506000 20.0
8.567510000 5.0
8.567514000 14.5
8.567520000 13.5
8.567550000 13.8
8.569100000 13.8
8.569150000 0.5
8.569950000 0.5
8.570000000 13.8
8.570001000 -40.0
8.570003000 65.0
8.570006000 20.0
8.570010000 5.0
8.570014000 14.5
8.570020000 13.5
8.570050000 13.8
8.571600000 13.8
8.571650000 0.5
8.572450000 0.5
8.572500000 13.8
8.572501000 -40.0
8.572503000 65.0
8.572506000 20.0
8.572510000 5.0
8.572514000 14.5
8.572520000 13.5
8.572550000 13.8
8.574100000 13.8
8.574150000 0.5
8.574950000 0.5
8.575000000 13.8
8.575001000 -40.0
8.575003000 65.0
8.575006000 20.0
8.575010000 5.0
8.575014000 14.5
8.575020000 13.5
8.575050000 13.8
8.576600000 13.8
8.576650000 0.5
8.577450000 0.5
8.577500000 13.8
8.577501000 -40.0
8.577503000 65.0
8.577506000 20.0
8.577510000 5.0
8.577514000 14.5
8.577520000 13.5
8.577550000 13.8
8.579100000 13.8
8.579150000 0.5
8.579950000 0.5
8.580000000 13.8
8.580001000 -40.0
8.580003000 65.0
8.580006000 20.0
8.580010000 5.0
8.580014000 14.5
8.580020000 13.5
8.580050000 13.8
8.581600000 13.8
8.581650000 0.5
8.582450000 0.5
8.582500000 13.8
8.582501000 -40.0
8.582503000 65.0
8.582506000 20.0
8.582510000 5.0
8.582514000 14.5
8.582520000 13.5
8.582550000 13.8
8.584100000 13.8
8.584150000 0.5
8.584950000 0.5
8.585000000 13.8
8.585001000 -40.0
8.585003000 65.0
8.585006000 20.0
8.585010000 5.0
8.585014000 14.5
8.585020000 13.5
8.585050000 13.8
8.586600000 13.8
8.586650000 0.5
8.587450000 0.5
8.587500000 13.8
8.587501000 -40.0
8.587503000 65.0
8.587506000 20.0
8.587510000 5.0
8.587514000 14.5
8.587520000 13.5
8.587550000 13.8
8.589100000 13.8
8.589150000 0.5
8.589950000 0.5
8.590000000 13.8
8.590001000 -40.0
8.590003000 65.0
8.590006000 20.0
8.590010000 5.0
8.590014000 14.5
8.590020000 13.5
8.590050000 13.8
8.591600000 13.8
8.591650000 0.5
8.592450000 0.5
8.592500000 13.8
8.592501000 -40.0
8.592503000 65.0
8.592506000 20.0
8.592510000 5.0
8.592514000 14.5
8.592520000 13.5
8.592550000 13.8
8.594100000 13.8
8.594150000 0.5
8.594950000 0.5
8.595000000 13.8
8.595001000 -40.0
8.595003000 65.0
8.595006000 20.0
8.595010000 5.0
8.595014000 14.5
8.595020000 13.5
8.595050000 13.8
8.596600000 13.8
8.596650000 0.5
8.597450000 0.5
8.597500000 13.8
8.597501000 -40.0
8.597503000 65.0
8.597506000 20.0
8.597510000 5.0
8.597514000 14.5
8.597520000 13.5
8.597550000 13.8
8.599100000 13.8
8.599150000 0.5
8.599950000 0.5
8.600000000 13.8
8.600001000 -40.0
8.600003000 65.0
8.600006000 20.0
8.600010000 5.0
8.600014000 14.5
8.600020000 13.5
8.600050000 13.8
8.601600000 13.8
8.601650000 0.5
8.602450000 0.5
8.602500000 13.8
8.602501000 -40.0
8.602503000 65.0
8.602506000 20.0
8.602510000 5.0
8.602514000 14.5
8.602520000 13.5
8.602550000 13.8
8.604100000 13.8
8.604150000 0.5
8.604950000 0.5
8.605000000 13.8
8.605001000 -40.0
8.605003000 65.0
8.605006000 20.0
8.605010000 5.0
8.605014000 14.5
8.605020000 13.5
8.605050000 13.8
8.606600000 13.8
8.606650000 0.5
8.607450000 0.5
8.607500000 13.8
8.607501000 -40.0
8.607503000 65.0
8.607506000 20.0
8.607510000 5.0
8.607514000 14.5
8.607520000 13.5
8.607550000 13.8
8.609100000 13.8
8.609150000 0.5
8.609950000 0.5
8.610000000 13.8
8.610001000 -40.0
8.610003000 65.0
8.610006000 20.0
8.610010000 5.0
8.610014000 14.5
8.610020000 13.5
8.610050000 13.8
8.611600000 13.8
8.611650000 0.5
8.612450000 0.5
8.612500000 13.8
8.612501000 -40.0
8.612503000 65.0
8.612506000 20.0
8.612510000 5.0
8.612514000 14.5
8.612520000 13.5
8.612550000 13.8
8.614100000 13.8
8.614150000 0.5
8.614950000 0.5
8.615000000 13.8
8.615001000 -40.0
8.615003000 65.0
8.615006000 20.0
8.615010000 5.0
8.615014000 14.5
8.615020000 13.5
8.615050000 13.8
8.616600000 13.8
8.616650000 0.5
8.617450000 0.5
8.617500000 13.8
8.617501000 -40.0
8.617503000 65.0
8.617506000 20.0
8.617510000 5.0
8.617514000 14.5
8.617520000 13.5
8.617550000 13.8
8.619100000 13.8
8.619150000 0.5
8.619950000 0.5
8.620000000 13.8
8.620001000 -40.0
8.620003000 65.0
8.620006000 20.0
8.620010000 5.0
8.620014000 14.5
8.620020000 13.5
8.620050000 13.8
8.621600000 13.8
8.621650000 0.5
8.622450000 0.5
8.622500000 13.8
8.622501000 -40.0
8.622503000 65.0
8.622506000 20.0
8.622510000 5.0
8.622514000 14.5
8.622520000 13.5
8.622550000 13.8
8.624100000 13.8
8.624150000 0.5
8.624950000 0.5
8.625000000 13.8
8.625001000 -40.0
8.625003000 65.0
8.625006000 20.0
8.625010000 5.0
8.625014000 14.5
8.625020000 13.5
8.625050000 13.8
8.626600000 13.8
8.626650000 0.5
8.627450000 0.5
8.627500000 13.8
8.627501000 -40.0
8.627503000 65.0
8.627506000 20.0
8.627510000 5.0
8.627514000 14.5
8.627520000 13.5
8.627550000 13.8
8.629100000 13.8
8.629150000 0.5
8.629950000 0.5
8.630000000 13.8
8.630001000 -40.0
8.630003000 65.0
8.630006000 20.0
8.630010000 5.0
8.630014000 14.5
8.630020000 13.5
8.630050000 13.8
8.631600000 13.8
8.631650000 0.5
8.632450000 0.5
8.632500000 13.8
8.632501000 -40.0
8.632503000 65.0
8.632506000 20.0
8.632510000 5.0
8.632514000 14.5
8.632520000 13.5
8.632550000 13.8
8.634100000 13.8
8.634150000 0.5
8.634950000 0.5
8.635000000 13.8
8.635001000 -40.0
8.635003000 65.0
8.635006000 20.0
8.635010000 5.0
8.635014000 14.5
8.635020000 13.5
8.635050000 13.8
8.636600000 13.8
8.636650000 0.5
8.637450000 0.5
8.637500000 13.8
8.637501000 -40.0
8.637503000 65.0
8.637506000 20.0
8.637510000 5.0
8.637514000 14.5
8.637520000 13.5
8.637550000 13.8
8.639100000 13.8
8.639150000 0.5
8.639950000 0.5
8.640000000 13.8
8.640001000 -40.0
8.640003000 65.0
8.640006000 20.0
8.640010000 5.0
8.640014000 14.5
8.640020000 13.5
8.640050000 13.8
8.641600000 13.8
8.641650000 0.5
8.642450000 0.5
8.642500000 13.8
8.642501000 -40.0
8.642503000 65.0
8.642506000 20.0
8.642510000 5.0
8.642514000 14.5
8.642520000 13.5
8.642550000 13.8
8.644100000 13.8
8.644150000 0.5
8.644950000 0.5
8.645000000 13.8
8.645001000 -40.0
8.645003000 65.0
8.645006000 20.0
8.645010000 5.0
8.645014000 14.5
8.645020000 13.5
8.645050000 13.8
8.646600000 13.8
8.646650000 0.5
8.647450000 0.5
8.647500000 13.8
8.647501000 -40.0
8.647503000 65.0
8.647506000 20.0
8.647510000 5.0
8.647514000 14.5
8.647520000 13.5
8.647550000 13.8
8.649100000 13.8
8.649150000 0.5
8.649950000 0.5
8.650000000 13.8
8.650001000 -40.0
8.650003000 65.0
8.650006000 20.0
8.650010000 5.0
8.650014000 14.5
8.650020000 13.5
8.650050000 13.8
8.651600000 13.8
8.651650000 0.5
8.652450000 0.5
8.652500000 13.8
8.652501000 -40.0
8.652503000 65.0
8.652506000 20.0
8.652510000 5.0
8.652514000 14.5
8.652520000 13.5
8.652550000 13.8
8.654100000 13.8
8.654150000 0.5
8.654950000 0.5
8.655000000 13.8
8.655001000 -40.0
8.655003000 65.0
8.655006000 20.0
8.655010000 5.0
8.655014000 14.5
8.655020000 13.5
8.655050000 13.8
8.656600000 13.8
8.656650000 0.5
8.657450000 0.5
8.657500000 13.8
8.657501000 -40.0
8.657503000 65.0
8.657506000 20.0
8.657510000 5.0
8.657514000 14.5
8.657520000 13.5
8.657550000 13.8
8.659100000 13.8
8.659150000 0.5
8.659950000 0.5
8.660000000 13.8
8.660001000 -40.0
8.660003000 65.0
8.660006000 20.0
8.660010000 5.0
8.660014000 14.5
8.660020000 13.5
8.660050000 13.8
8.661600000 13.8
8.661650000 0.5
8.662450000 0.5
8.662500000 13.8
8.662501000 -40.0
8.662503000 65.0
8.662506000 20.0
8.662510000 5.0
8.662514000 14.5
8.662520000 13.5
8.662550000 13.8
8.664100000 13.8
8.664150000 0.5
8.664950000 0.5
8.665000000 13.8
8.665001000 -40.0
8.665003000 65.0
8.665006000 20.0
8.665010000 5.0
8.665014000 14.5
8.665020000 13.5
8.665050000 13.8
8.666600000 13.8
8.666650000 0.5
8.667450000 0.5
8.667500000 13.8
8.667501000 -40.0
8.667503000 65.0
8.667506000 20.0
8.667510000 5.0
8.667514000 14.5
8.667520000 13.5
8.667550000 13.8
8.669100000 13.8
8.669150000 0.5
8.669950000 0.5
8.670000000 13.8
8.670001000 -40.0
8.670003000 65.0
8.670006000 20.0
8.670010000 5.0
8.670014000 14.5
8.670020000 13.5
8.670050000 13.8
8.671600000 13.8
8.671650000 0.5
8.672450000 0.5
8.672500000 13.8
8.672501000 -40.0
8.672503000 65.0
8.672506000 20.0
8.672510000 5.0
8.672514000 14.5
8.672520000 13.5
8.672550000 13.8
8.674100000 13.8
8.674150000 0.5
8.674950000 0.5
8.675000000 13.8
8.675001000 -40.0
8.675003000 65.0
8.675006000 20.0
8.675010000 5.0
8.675014000 14.5
8.675020000 13.5
8.675050000 13.8
8.676600000 13.8
8.676650000 0.5
8.677450000 0.5
8.677500000 13.8
8.677501000 -40.0
8.677503000 65.0
8.677506000 20.0
8.677510000 5.0
8.677514000 14.5
8.677520000 13.5
8.677550000 13.8
8.679100000 13.8
8.679150000 0.5
8.679950000 0.5
8.680000000 13.8
8.680001000 -40.0
8.680003000 65.0
8.680006000 20.0
8.680010000 5.0
8.680014000 14.5
8.680020000 13.5
8.680050000 13.8
8.681600000 13.8
8.681650000 0.5
8.682450000 0.5
8.682500000 13.8
8.682501000 -40.0
8.682503000 65.0
8.682506000 20.0
8.682510000 5.0
8.682514000 14.5
8.682520000 13.5
8.682550000 13.8
8.684100000 13.8
8.684150000 0.5
8.684950000 0.5
8.685000000 13.8
8.685001000 -40.0
8.685003000 65.0
8.685006000 20.0
8.685010000 5.0
8.685014000 14.5
8.685020000 13.5
8.685050000 13.8
8.686600000 13.8
8.686650000 0.5
8.687450000 0.5
8.687500000 13.8
8.687501000 -40.0
8.687503000 65.0
8.687506000 20.0
8.687510000 5.0
8.687514000 14.5
8.687520000 13.5
8.687550000 13.8
8.689100000 13.8
8.689150000 0.5
8.689950000 0.5
8.690000000 13.8
8.690001000 -40.0
8.690003000 65.0
8.690006000 20.0
8.690010000 5.0
8.690014000 14.5
8.690020000 13.5
8.690050000 13.8
8.691600000 13.8
8.691650000 0.5
8.692450000 0.5
8.692500000 13.8
8.692501000 -40.0
8.692503000 65.0
8.692506000 20.0
8.692510000 5.0
8.692514000 14.5
8.692520000 13.5
8.692550000 13.8
8.694100000 13.8
8.694150000 0.5
8.694950000 0.5
8.695000000 13.8
8.695001000 -40.0
8.695003000 65.0
8.695006000 20.0
8.695010000 5.0
8.695014000 14.5
8.695020000 13.5
8.695050000 13.8
8.696600000 13.8
8.696650000 0.5
8.697450000 0.5
8.697500000 13.8
8.697501000 -40.0
8.697503000 65.0
8.697506000 20.0
8.697510000 5.0
8.697514000 14.5
8.697520000 13.5
8.697550000 13.8
8.699100000 13.8
8.699150000 0.5
8.699950000 0.5
8.700000000 13.8
8.700001000 -40.0
8.700003000 65.0
8.700006000 20.0
8.700010000 5.0
8.700014000 14.5
8.700020000 13.5
8.700050000 13.8
8.701600000 13.8
8.701650000 0.5
8.702450000 0.5
8.702500000 13.8
8.702501000 -40.0
8.702503000 65.0
8.702506000 20.0
8.702510000 5.0
8.702514000 14.5
8.702520000 13.5
8.702550000 13.8
8.704100000 13.8
8.704150000 0.5
8.704950000 0.5
8.705000000 13.8
8.705001000 -40.0
8.705003000 65.0
8.705006000 20.0
8.705010000 5.0
8.705014000 14.5
8.705020000 13.5
8.705050000 13.8
8.706600000 13.8
8.706650000 0.5
8.707450000 0.5
8.707500000 13.8
8.707501000 -40.0
8.707503000 65.0
8.707506000 20.0
8.707510000 5.0
8.707514000 14.5
8.707520000 13.5
8.707550000 13.8
8.709100000 13.8
8.709150000 0.5
8.709950000 0.5
8.710000000 13.8
8.710001000 -40.0
8.710003000 65.0
8.710006000 20.0
8.710010000 5.0
8.710014000 14.5
8.710020000 13.5
8.710050000 13.8
8.711600000 13.8
8.711650000 0.5
8.712450000 0.5
8.712500000 13.8
8.712501000 -40.0
8.712503000 65.0
8.712506000 20.0
8.712510000 5.0
8.712514000 14.5
8.712520000 13.5
8.712550000 13.8
8.714100000 13.8
8.714150000 0.5
8.714950000 0.5
8.715000000 13.8
8.715001000 -40.0
8.715003000 65.0
8.715006000 20.0
8.715010000 5.0
8.715014000 14.5
8.715020000 13.5
8.715050000 13.8
8.716600000 13.8
8.716650000 0.5
8.717450000 0.5
8.717500000 13.8
8.717501000 -40.0
8.717503000 65.0
8.717506000 20.0
8.717510000 5.0
8.717514000 14.5
8.717520000 13.5
8.717550000 13.8
8.719100000 13.8
8.719150000 0.5
8.719950000 0.5
8.720000000 13.8
8.720001000 -40.0
8.720003000 65.0
8.720006000 20.0
8.720010000 5.0
8.720014000 14.5
8.720020000 13.5
8.720050000 13.8
8.721600000 13.8
8.721650000 0.5
8.722450000 0.5
8.722500000 13.8
8.722501000 -40.0
8.722503000 65.0
8.722506000 20.0
8.722510000 5.0
8.722514000 14.5
8.722520000 13.5
8.722550000 13.8
8.724100000 13.8
8.724150000 0.5
8.724950000 0.5
8.725000000 13.8
8.725001000 -40.0
8.725003000 65.0
8.725006000 20.0
8.725010000 5.0
8.725014000 14.5
8.725020000 13.5
8.725050000 13.8
8.726600000 13.8
8.726650000 0.5
8.727450000 0.5
8.727500000 13.8
8.727501000 -40.0
8.727503000 65.0
8.727506000 20.0
8.727510000 5.0
8.727514000 14.5
8.727520000 13.5
8.727550000 13.8
8.729100000 13.8
8.729150000 0.5
8.729950000 0.5
8.730000000 13.8
8.730001000 -40.0
8.730003000 65.0
8.730006000 20.0
8.730010000 5.0
8.730014000 14.5
8.730020000 13.5
8.730050000 13.8
8.731600000 13.8
8.731650000 0.5
8.732450000 0.5
8.732500000 13.8
8.732501000 -40.0
8.732503000 65.0
8.732506000 20.0
8.732510000 5.0
8.732514000 14.5
8.732520000 13.5
8.732550000 13.8
8.734100000 13.8
8.734150000 0.5
8.734950000 0.5
8.735000000 13.8
8.735001000 -40.0
8.735003000 65.0
8.735006000 20.0
8.735010000 5.0
8.735014000 14.5
8.735020000 13.5
8.735050000 13.8
8.736600000 13.8
8.736650000 0.5
8.737450000 0.5
8.737500000 13.8
8.737501000 -40.0
8.737503000 65.0
8.737506000 20.0
8.737510000 5.0
8.737514000 14.5
8.737520000 13.5
8.737550000 13.8
8.739100000 13.8
8.739150000 0.5
8.739950000 0.5
8.740000000 13.8
8.740001000 -40.0
8.740003000 65.0
8.740006000 20.0
8.740010000 5.0
8.740014000 14.5
8.740020000 13.5
8.740050000 13.8
8.741600000 13.8
8.741650000 0.5
8.742450000 0.5
8.742500000 13.8
8.742501000 -40.0
8.742503000 65.0
8.742506000 20.0
8.742510000 5.0
8.742514000 14.5
8.742520000 13.5
8.742550000 13.8
8.744100000 13.8
8.744150000 0.5
8.744950000 0.5
8.745000000 13.8
8.745001000 -40.0
8.745003000 65.0
8.745006000 20.0
8.745010000 5.0
8.745014000 14.5
8.745020000 13.5
8.745050000 13.8
8.746600000 13.8
8.746650000 0.5
8.747450000 0.5
8.747500000 13.8
8.747501000 -40.0
8.747503000 65.0
8.747506000 20.0
8.747510000 5.0
8.747514000 14.5
8.747520000 13.5
8.747550000 13.8
8.749100000 13.8
8.749150000 0.5
8.749950000 0.5
8.750000000 13.8
8.750001000 -40.0
8.750003000 65.0
8.750006000 20.0
8.750010000 5.0
8.750014000 14.5
8.750020000 13.5
8.750050000 13.8
8.751600000 13.8
8.751650000 0.5
8.752450000 0.5
8.752500000 13.8
8.752501000 -40.0
8.752503000 65.0
8.752506000 20.0
8.752510000 5.0
8.752514000 14.5
8.752520000 13.5
8.752550000 13.8
8.754100000 13.8
8.754150000 0.5
8.754950000 0.5
8.755000000 13.8
8.755001000 -40.0
8.755003000 65.0
8.755006000 20.0
8.755010000 5.0
8.755014000 14.5
8.755020000 13.5
8.755050000 13.8
8.756600000 13.8
8.756650000 0.5
8.757450000 0.5
8.757500000 13.8
8.757501000 -40.0
8.757503000 65.0
8.757506000 20.0
8.757510000 5.0
8.757514000 14.5
8.757520000 13.5
8.757550000 13.8
8.759100000 13.8
8.759150000 0.5
8.759950000 0.5
8.760000000 13.8
8.760001000 -40.0
8.760003000 65.0
8.760006000 20.0
8.760010000 5.0
8.760014000 14.5
8.760020000 13.5
8.760050000 13.8
8.761600000 13.8
8.761650000 0.5
8.762450000 0.5
8.762500000 13.8
8.762501000 -40.0
8.762503000 65.0
8.762506000 20.0
8.762510000 5.0
8.762514000 14.5
8.762520000 13.5
8.762550000 13.8
8.764100000 13.8
8.764150000 0.5
8.764950000 0.5
8.765000000 13.8
8.765001000 -40.0
8.765003000 65.0
8.765006000 20.0
8.765010000 5.0
8.765014000 14.5
8.765020000 13.5
8.765050000 13.8
8.766600000 13.8
8.766650000 0.5
8.767450000 0.5
8.767500000 13.8
8.767501000 -40.0
8.767503000 65.0
8.767506000 20.0
8.767510000 5.0
8.767514000 14.5
8.767520000 13.5
8.767550000 13.8
8.769100000 13.8
8.769150000 0.5
8.769950000 0.5
8.770000000 13.8
8.770001000 -40.0
8.770003000 65.0
8.770006000 20.0
8.770010000 5.0
8.770014000 14.5
8.770020000 13.5
8.770050000 13.8
8.771600000 13.8
8.771650000 0.5
8.772450000 0.5
8.772500000 13.8
8.772501000 -40.0
8.772503000 65.0
8.772506000 20.0
8.772510000 5.0
8.772514000 14.5
8.772520000 13.5
8.772550000 13.8
8.774100000 13.8
8.774150000 0.5
8.774950000 0.5
8.775000000 13.8
8.775001000 -40.0
8.775003000 65.0
8.775006000 20.0
8.775010000 5.0
8.775014000 14.5
8.775020000 13.5
8.775050000 13.8
8.776600000 13.8
8.776650000 0.5
8.777450000 0.5
8.777500000 13.8
8.777501000 -40.0
8.777503000 65.0
8.777506000 20.0
8.777510000 5.0
8.777514000 14.5
8.777520000 13.5
8.777550000 13.8
8.779100000 13.8
8.779150000 0.5
8.779950000 0.5
8.780000000 13.8
8.780001000 -40.0
8.780003000 65.0
8.780006000 20.0
8.780010000 5.0
8.780014000 14.5
8.780020000 13.5
8.780050000 13.8
8.781600000 13.8
8.781650000 0.5
8.782450000 0.5
8.782500000 13.8
8.782501000 -40.0
8.782503000 65.0
8.782506000 20.0
8.782510000 5.0
8.782514000 14.5
8.782520000 13.5
8.782550000 13.8
8.784100000 13.8
8.784150000 0.5
8.784950000 0.5
8.785000000 13.8
8.785001000 -40.0
8.785003000 65.0
8.785006000 20.0
8.785010000 5.0
8.785014000 14.5
8.785020000 13.5
8.785050000 13.8
8.786600000 13.8
8.786650000 0.5
8.787450000 0.5
8.787500000 13.8
8.787501000 -40.0
8.787503000 65.0
8.787506000 20.0
8.787510000 5.0
8.787514000 14.5
8.787520000 13.5
8.787550000 13.8
8.789100000 13.8
8.789150000 0.5
8.789950000 0.5
8.790000000 13.8
8.790001000 -40.0
8.790003000 65.0
8.790006000 20.0
8.790010000 5.0
8.790014000 14.5
8.790020000 13.5
8.790050000 13.8
8.791600000 13.8
8.791650000 0.5
8.792450000 0.5
8.792500000 13.8
8.792501000 -40.0
8.792503000 65.0
8.792506000 20.0
8.792510000 5.0
8.792514000 14.5
8.792520000 13.5
8.792550000 13.8
8.794100000 13.8
8.794150000 0.5
8.794950000 0.5
8.795000000 13.8
8.795001000 -40.0
8.795003000 65.0
8.795006000 20.0
8.795010000 5.0
8.795014000 14.5
8.795020000 13.5
8.795050000 13.8
8.796600000 13.8
8.796650000 0.5
8.797450000 0.5
8.797500000 13.8
8.797501000 -40.0
8.797503000 65.0
8.797506000 20.0
8.797510000 5.0
8.797514000 14.5
8.797520000 13.5
8.797550000 13.8
8.799100000 13.8
8.799150000 0.5
8.799950000 0.5
8.800000000 13.8
8.800001000 -40.0
8.800003000 65.0
8.800006000 20.0
8.800010000 5.0
8.800014000 14.5
8.800020000 13.5
8.800050000 13.8
8.801600000 13.8
8.801650000 0.5
8.802450000 0.5
8.802500000 13.8
8.802501000 -40.0
8.802503000 65.0
8.802506000 20.0
8.802510000 5.0
8.802514000 14.5
8.802520000 13.5
8.802550000 13.8
8.804100000 13.8
8.804150000 0.5
8.804950000 0.5
8.805000000 13.8
8.805001000 -40.0
8.805003000 65.0
8.805006000 20.0
8.805010000 5.0
8.805014000 14.5
8.805020000 13.5
8.805050000 13.8
8.806600000 13.8
8.806650000 0.5
8.807450000 0.5
8.807500000 13.8
8.807501000 -40.0
8.807503000 65.0
8.807506000 20.0
8.807510000 5.0
8.807514000 14.5
8.807520000 13.5
8.807550000 13.8
8.809100000 13.8
8.809150000 0.5
8.809950000 0.5
8.810000000 13.8
8.810001000 -40.0
8.810003000 65.0
8.810006000 20.0
8.810010000 5.0
8.810014000 14.5
8.810020000 13.5
8.810050000 13.8
8.811600000 13.8
8.811650000 0.5
8.812450000 0.5
8.812500000 13.8
8.812501000 -40.0
8.812503000 65.0
8.812506000 20.0
8.812510000 5.0
8.812514000 14.5
8.812520000 13.5
8.812550000 13.8
8.814100000 13.8
8.814150000 0.5
8.814950000 0.5
8.815000000 13.8
8.815001000 -40.0
8.815003000 65.0
8.815006000 20.0
8.815010000 5.0
8.815014000 14.5
8.815020000 13.5
8.815050000 13.8
8.816600000 13.8
8.816650000 0.5
8.817450000 0.5
8.817500000 13.8
8.817501000 -40.0
8.817503000 65.0
8.817506000 20.0
8.817510000 5.0
8.817514000 14.5
8.817520000 13.5
8.817550000 13.8
8.819100000 13.8
8.819150000 0.5
8.819950000 0.5
8.820000000 13.8
8.820001000 -40.0
8.820003000 65.0
8.820006000 20.0
8.820010000 5.0
8.820014000 14.5
8.820020000 13.5
8.820050000 13.8
8.821600000 13.8
8.821650000 0.5
8.822450000 0.5
8.822500000 13.8
8.822501000 -40.0
8.822503000 65.0
8.822506000 20.0
8.822510000 5.0
8.822514000 14.5
8.822520000 13.5
8.822550000 13.8
8.824100000 13.8
8.824150000 0.5
8.824950000 0.5
8.825000000 13.8
8.825001000 -40.0
8.825003000 65.0
8.825006000 20.0
8.825010000 5.0
8.825014000 14.5
8.825020000 13.5
8.825050000 13.8
8.826600000 13.8
8.826650000 0.5
8.827450000 0.5
8.827500000 13.8
8.827501000 -40.0
8.827503000 65.0
8.827506000 20.0
8.827510000 5.0
8.827514000 14.5
8.827520000 13.5
8.827550000 13.8
8.829100000 13.8
8.829150000 0.5
8.829950000 0.5
8.830000000 13.8
8.830001000 -40.0
8.830003000 65.0
8.830006000 20.0
8.830010000 5.0
8.830014000 14.5
8.830020000 13.5
8.830050000 13.8
8.831600000 13.8
8.831650000 0.5
8.832450000 0.5
8.832500000 13.8
8.832501000 -40.0
8.832503000 65.0
8.832506000 20.0
8.832510000 5.0
8.832514000 14.5
8.832520000 13.5
8.832550000 13.8
8.834100000 13.8
8.834150000 0.5
8.834950000 0.5
8.835000000 13.8
8.835001000 -40.0
8.835003000 65.0
8.835006000 20.0
8.835010000 5.0
8.835014000 14.5
8.835020000 13.5
8.835050000 13.8
8.836600000 13.8
8.836650000 0.5
8.837450000 0.5
8.837500000 13.8
8.837501000 -40.0
8.837503000 65.0
8.837506000 20.0
8.837510000 5.0
8.837514000 14.5
8.837520000 13.5
8.837550000 13.8
8.839100000 13.8
8.839150000 0.5
8.839950000 0.5
8.840000000 13.8
8.840001000 -40.0
8.840003000 65.0
8.840006000 20.0
8.840010000 5.0
8.840014000 14.5
8.840020000 13.5
8.840050000 13.8
8.841600000 13.8
8.841650000 0.5
8.842450000 0.5
8.842500000 13.8
8.842501000 -40.0
8.842503000 65.0
8.842506000 20.0
8.842510000 5.0
8.842514000 14.5
8.842520000 13.5
8.842550000 13.8
8.844100000 13.8
8.844150000 0.5
8.844950000 0.5
8.845000000 13.8
8.845001000 -40.0
8.845003000 65.0
8.845006000 20.0
8.845010000 5.0
8.845014000 14.5
8.845020000 13.5
8.845050000 13.8
8.846600000 13.8
8.846650000 0.5
8.847450000 0.5
8.847500000 13.8
8.847501000 -40.0
8.847503000 65.0
8.847506000 20.0
8.847510000 5.0
8.847514000 14.5
8.847520000 13.5
8.847550000 13.8
8.849100000 13.8
8.849150000 0.5
8.849950000 0.5
8.850000000 13.8
8.850001000 -40.0
8.850003000 65.0
8.850006000 20.0
8.850010000 5.0
8.850014000 14.5
8.850020000 13.5
8.850050000 13.8
8.851600000 13.8
8.851650000 0.5
8.852450000 0.5
8.852500000 13.8
8.852501000 -40.0
8.852503000 65.0
8.852506000 20.0
8.852510000 5.0
8.852514000 14.5
8.852520000 13.5
8.852550000 13.8
8.854100000 13.8
8.854150000 0.5
8.854950000 0.5
8.855000000 13.8
8.855001000 -40.0
8.855003000 65.0
8.855006000 20.0
8.855010000 5.0
8.855014000 14.5
8.855020000 13.5
8.855050000 13.8
8.856600000 13.8
8.856650000 0.5
8.857450000 0.5
8.857500000 13.8
8.857501000 -40.0
8.857503000 65.0
8.857506000 20.0
8.857510000 5.0
8.857514000 14.5
8.857520000 13.5
8.857550000 13.8
8.859100000 13.8
8.859150000 0.5
8.859950000 0.5
8.860000000 13.8
8.860001000 -40.0
8.860003000 65.0
8.860006000 20.0
8.860010000 5.0
8.860014000 14.5
8.860020000 13.5
8.860050000 13.8
8.861600000 13.8
8.861650000 0.5
8.862450000 0.5
8.862500000 13.8
8.862501000 -40.0
8.862503000 65.0
8.862506000 20.0
8.862510000 5.0
8.862514000 14.5
8.862520000 13.5
8.862550000 13.8
8.864100000 13.8
8.864150000 0.5
8.864950000 0.5
8.865000000 13.8
8.865001000 -40.0
8.865003000 65.0
8.865006000 20.0
8.865010000 5.0
8.865014000 14.5
8.865020000 13.5
8.865050000 13.8
8.866600000 13.8
8.866650000 0.5
8.867450000 0.5
8.867500000 13.8
8.867501000 -40.0
8.867503000 65.0
8.867506000 20.0
8.867510000 5.0
8.867514000 14.5
8.867520000 13.5
8.867550000 13.8
8.869100000 13.8
8.869150000 0.5
8.869950000 0.5
8.870000000 13.8
8.870001000 -40.0
8.870003000 65.0
8.870006000 20.0
8.870010000 5.0
8.870014000 14.5
8.870020000 13.5
8.870050000 13.8
8.871600000 13.8
8.871650000 0.5
8.872450000 0.5
8.872500000 13.8
8.872501000 -40.0
8.872503000 65.0
8.872506000 20.0
8.872510000 5.0
8.872514000 14.5
8.872520000 13.5
8.872550000 13.8
8.874100000 13.8
8.874150000 0.5
8.874950000 0.5
8.875000000 13.8
8.875001000 -40.0
8.875003000 65.0
8.875006000 20.0
8.875010000 5.0
8.875014000 14.5
8.875020000 13.5
8.875050000 13.8
8.876600000 13.8
8.876650000 0.5
8.877450000 0.5
8.877500000 13.8
8.877501000 -40.0
8.877503000 65.0
8.877506000 20.0
8.877510000 5.0
8.877514000 14.5
8.877520000 13.5
8.877550000 13.8
8.879100000 13.8
8.879150000 0.5
8.879950000 0.5
8.880000000 13.8
8.880001000 -40.0
8.880003000 65.0
8.880006000 20.0
8.880010000 5.0
8.880014000 14.5
8.880020000 13.5
8.880050000 13.8
8.881600000 13.8
8.881650000 0.5
8.882450000 0.5
8.882500000 13.8
8.882501000 -40.0
8.882503000 65.0
8.882506000 20.0
8.882510000 5.0
8.882514000 14.5
8.882520000 13.5
8.882550000 13.8
8.884100000 13.8
8.884150000 0.5
8.884950000 0.5
8.885000000 13.8
8.885001000 -40.0
8.885003000 65.0
8.885006000 20.0
8.885010000 5.0
8.885014000 14.5
8.885020000 13.5
8.885050000 13.8
8.886600000 13.8
8.886650000 0.5
8.887450000 0.5
8.887500000 13.8
8.887501000 -40.0
8.887503000 65.0
8.887506000 20.0
8.887510000 5.0
8.887514000 14.5
8.887520000 13.5
8.887550000 13.8
8.889100000 13.8
8.889150000 0.5
8.889950000 0.5
8.890000000 13.8
8.890001000 -40.0
8.890003000 65.0
8.890006000 20.0
8.890010000 5.0
8.890014000 14.5
8.890020000 13.5
8.890050000 13.8
8.891600000 13.8
8.891650000 0.5
8.892450000 0.5
8.892500000 13.8
8.892501000 -40.0
8.892503000 65.0
8.892506000 20.0
8.892510000 5.0
8.892514000 14.5
8.892520000 13.5
8.892550000 13.8
8.894100000 13.8
8.894150000 0.5
8.894950000 0.5
8.895000000 13.8
8.895001000 -40.0
8.895003000 65.0
8.895006000 20.0
8.895010000 5.0
8.895014000 14.5
8.895020000 13.5
8.895050000 13.8
8.896600000 13.8
8.896650000 0.5
8.897450000 0.5
8.897500000 13.8
8.897501000 -40.0
8.897503000 65.0
8.897506000 20.0
8.897510000 5.0
8.897514000 14.5
8.897520000 13.5
8.897550000 13.8
8.899100000 13.8
8.899150000 0.5
8.899950000 0.5
8.900000000 13.8
8.900001000 -40.0
8.900003000 65.0
8.900006000 20.0
8.900010000 5.0
8.900014000 14.5
8.900020000 13.5
8.900050000 13.8
8.901600000 13.8
8.901650000 0.5
8.902450000 0.5
8.902500000 13.8
8.902501000 -40.0
8.902503000 65.0
8.902506000 20.0
8.902510000 5.0
8.902514000 14.5
8.902520000 13.5
8.902550000 13.8
8.904100000 13.8
8.904150000 0.5
8.904950000 0.5
8.905000000 13.8
8.905001000 -40.0
8.905003000 65.0
8.905006000 20.0
8.905010000 5.0
8.905014000 14.5
8.905020000 13.5
8.905050000 13.8
8.906600000 13.8
8.906650000 0.5
8.907450000 0.5
8.907500000 13.8
8.907501000 -40.0
8.907503000 65.0
8.907506000 20.0
8.907510000 5.0
8.907514000 14.5
8.907520000 13.5
8.907550000 13.8
8.909100000 13.8
8.909150000 0.5
8.909950000 0.5
8.910000000 13.8
8.910001000 -40.0
8.910003000 65.0
8.910006000 20.0
8.910010000 5.0
8.910014000 14.5
8.910020000 13.5
8.910050000 13.8
8.911600000 13.8
8.911650000 0.5
8.912450000 0.5
8.912500000 13.8
8.912501000 -40.0
8.912503000 65.0
8.912506000 20.0
8.912510000 5.0
8.912514000 14.5
8.912520000 13.5
8.912550000 13.8
8.914100000 13.8
8.914150000 0.5
8.914950000 0.5
8.915000000 13.8
8.915001000 -40.0
8.915003000 65.0
8.915006000 20.0
8.915010000 5.0
8.915014000 14.5
8.915020000 13.5
8.915050000 13.8
8.916600000 13.8
8.916650000 0.5
8.917450000 0.5
8.917500000 13.8
8.917501000 -40.0
8.917503000 65.0
8.917506000 20.0
8.917510000 5.0
8.917514000 14.5
8.917520000 13.5
8.917550000 13.8
8.919100000 13.8
8.919150000 0.5
8.919950000 0.5
8.920000000 13.8
8.920001000 -40.0
8.920003000 65.0
8.920006000 20.0
8.920010000 5.0
8.920014000 14.5
8.920020000 13.5
8.920050000 13.8
8.921600000 13.8
8.921650000 0.5
8.922450000 0.5
8.922500000 13.8
8.922501000 -40.0
8.922503000 65.0
8.922506000 20.0
8.922510000 5.0
8.922514000 14.5
8.922520000 13.5
8.922550000 13.8
8.924100000 13.8
8.924150000 0.5
8.924950000 0.5
8.925000000 13.8
8.925001000 -40.0
8.925003000 65.0
8.925006000 20.0
8.925010000 5.0
8.925014000 14.5
8.925020000 13.5
8.925050000 13.8
8.926600000 13.8
8.926650000 0.5
8.927450000 0.5
8.927500000 13.8
8.927501000 -40.0
8.927503000 65.0
8.927506000 20.0
8.927510000 5.0
8.927514000 14.5
8.927520000 13.5
8.927550000 13.8
8.929100000 13.8
8.929150000 0.5
8.929950000 0.5
8.930000000 13.8
8.930001000 -40.0
8.930003000 65.0
8.930006000 20.0
8.930010000 5.0
8.930014000 14.5
8.930020000 13.5
8.930050000 13.8
8.931600000 13.8
8.931650000 0.5
8.932450000 0.5
8.932500000 13.8
8.932501000 -40.0
8.932503000 65.0
8.932506000 20.0
8.932510000 5.0
8.932514000 14.5
8.932520000 13.5
8.932550000 13.8
8.934100000 13.8
8.934150000 0.5
8.934950000 0.5
8.935000000 13.8
8.935001000 -40.0
8.935003000 65.0
8.935006000 20.0
8.935010000 5.0
8.935014000 14.5
8.935020000 13.5
8.935050000 13.8
8.936600000 13.8
8.936650000 0.5
8.937450000 0.5
8.937500000 13.8
8.937501000 -40.0
8.937503000 65.0
8.937506000 20.0
8.937510000 5.0
8.937514000 14.5
8.937520000 13.5
8.937550000 13.8
8.939100000 13.8
8.939150000 0.5
8.939950000 0.5
8.940000000 13.8
8.940001000 -40.0
8.940003000 65.0
8.940006000 20.0
8.940010000 5.0
8.940014000 14.5
8.940020000 13.5
8.940050000 13.8
8.941600000 13.8
8.941650000 0.5
8.942450000 0.5
8.942500000 13.8
8.942501000 -40.0
8.942503000 65.0
8.942506000 20.0
8.942510000 5.0
8.942514000 14.5
8.942520000 13.5
8.942550000 13.8
8.944100000 13.8
8.944150000 0.5
8.944950000 0.5
8.945000000 13.8
8.945001000 -40.0
8.945003000 65.0
8.945006000 20.0
8.945010000 5.0
8.945014000 14.5
8.945020000 13.5
8.945050000 13.8
8.946600000 13.8
8.946650000 0.5
8.947450000 0.5
8.947500000 13.8
8.947501000 -40.0
8.947503000 65.0
8.947506000 20.0
8.947510000 5.0
8.947514000 14.5
8.947520000 13.5
8.947550000 13.8
8.949100000 13.8
8.949150000 0.5
8.949950000 0.5
8.950000000 13.8
8.950001000 -40.0
8.950003000 65.0
8.950006000 20.0
8.950010000 5.0
8.950014000 14.5
8.950020000 13.5
8.950050000 13.8
8.951600000 13.8
8.951650000 0.5
8.952450000 0.5
8.952500000 13.8
8.952501000 -40.0
8.952503000 65.0
8.952506000 20.0
8.952510000 5.0
8.952514000 14.5
8.952520000 13.5
8.952550000 13.8
8.954100000 13.8
8.954150000 0.5
8.954950000 0.5
8.955000000 13.8
8.955001000 -40.0
8.955003000 65.0
8.955006000 20.0
8.955010000 5.0
8.955014000 14.5
8.955020000 13.5
8.955050000 13.8
8.956600000 13.8
8.956650000 0.5
8.957450000 0.5
8.957500000 13.8
8.957501000 -40.0
8.957503000 65.0
8.957506000 20.0
8.957510000 5.0
8.957514000 14.5
8.957520000 13.5
8.957550000 13.8
8.959100000 13.8
8.959150000 0.5
8.959950000 0.5
8.960000000 13.8
8.960001000 -40.0
8.960003000 65.0
8.960006000 20.0
8.960010000 5.0
8.960014000 14.5
8.960020000 13.5
8.960050000 13.8
8.961600000 13.8
8.961650000 0.5
8.962450000 0.5
8.962500000 13.8
8.962501000 -40.0
8.962503000 65.0
8.962506000 20.0
8.962510000 5.0
8.962514000 14.5
8.962520000 13.5
8.962550000 13.8
8.964100000 13.8
8.964150000 0.5
8.964950000 0.5
8.965000000 13.8
8.965001000 -40.0
8.965003000 65.0
8.965006000 20.0
8.965010000 5.0
8.965014000 14.5
8.965020000 13.5
8.965050000 13.8
8.966600000 13.8
8.966650000 0.5
8.967450000 0.5
8.967500000 13.8
8.967501000 -40.0
8.967503000 65.0
8.967506000 20.0
8.967510000 5.0
8.967514000 14.5
8.967520000 13.5
8.967550000 13.8
8.969100000 13.8
8.969150000 0.5
8.969950000 0.5
8.970000000 13.8
8.970001000 -40.0
8.970003000 65.0
8.970006000 20.0
8.970010000 5.0
8.970014000 14.5
8.970020000 13.5
8.970050000 13.8
8.971600000 13.8
8.971650000 0.5
8.972450000 0.5
8.972500000 13.8
8.972501000 -40.0
8.972503000 65.0
8.972506000 20.0
8.972510000 5.0
8.972514000 14.5
8.972520000 13.5
8.972550000 13.8
8.974100000 13.8
8.974150000 0.5
8.974950000 0.5
8.975000000 13.8
8.975001000 -40.0
8.975003000 65.0
8.975006000 20.0
8.975010000 5.0
8.975014000 14.5
8.975020000 13.5
8.975050000 13.8
8.976600000 13.8
8.976650000 0.5
8.977450000 0.5
8.977500000 13.8
8.977501000 -40.0
8.977503000 65.0
8.977506000 20.0
8.977510000 5.0
8.977514000 14.5
8.977520000 13.5
8.977550000 13.8
8.979100000 13.8
8.979150000 0.5
8.979950000 0.5
8.980000000 13.8
8.980001000 -40.0
8.980003000 65.0
8.980006000 20.0
8.980010000 5.0
8.980014000 14.5
8.980020000 13.5
8.980050000 13.8
8.981600000 13.8
8.981650000 0.5
8.982450000 0.5
8.982500000 13.8
8.982501000 -40.0
8.982503000 65.0
8.982506000 20.0
8.982510000 5.0
8.982514000 14.5
8.982520000 13.5
8.982550000 13.8
8.984100000 13.8
8.984150000 0.5
8.984950000 0.5
8.985000000 13.8
8.985001000 -40.0
8.985003000 65.0
8.985006000 20.0
8.985010000 5.0
8.985014000 14.5
8.985020000 13.5
8.985050000 13.8
8.986600000 13.8
8.986650000 0.5
8.987450000 0.5
8.987500000 13.8
8.987501000 -40.0
8.987503000 65.0
8.987506000 20.0
8.987510000 5.0
8.987514000 14.5
8.987520000 13.5
8.987550000 13.8
8.989100000 13.8
8.989150000 0.5
8.989950000 0.5
8.990000000 13.8
8.990001000 -40.0
8.990003000 65.0
8.990006000 20.0
8.990010000 5.0
8.990014000 14.5
8.990020000 13.5
8.990050000 13.8
8.991600000 13.8
8.991650000 0.5
8.992450000 0.5
8.992500000 13.8
8.992501000 -40.0
8.992503000 65.0
8.992506000 20.0
8.992510000 5.0
8.992514000 14.5
8.992520000 13.5
8.992550000 13.8
8.994100000 13.8
8.994150000 0.5
8.994950000 0.5
8.995000000 13.8
8.995001000 -40.0
8.995003000 65.0
8.995006000 20.0
8.995010000 5.0
8.995014000 14.5
8.995020000 13.5
8.995050000 13.8
8.996600000 13.8
8.996650000 0.5
8.997450000 0.5
8.997500000 13.8
8.997501000 -40.0
8.997503000 65.0
8.997506000 20.0
8.997510000 5.0
8.997514000 14.5
8.997520000 13.5
8.997550000 13.8
8.999100000 13.8
8.999150000 0.5
8.999950000 0.5
9.000000000 13.8
9.000001000 -40.0
9.000003000 65.0
9.000006000 20.0
9.000010000 5.0
9.000014000 14.5
9.000020000 13.5
9.000050000 13.8
9.001600000 13.8
9.001650000 0.5
9.002450000 0.5
9.002500000 13.8
9.002501000 -40.0
9.002503000 65.0
9.002506000 20.0
9.002510000 5.0
9.002514000 14.5
9.002520000 13.5
9.002550000 13.8
9.004100000 13.8
9.004150000 0.5
9.004950000 0.5
9.005000000 13.8
9.005001000 -40.0
9.005003000 65.0
9.005006000 20.0
9.005010000 5.0
9.005014000 14.5
9.005020000 13.5
9.005050000 13.8
9.006600000 13.8
9.006650000 0.5
9.007450000 0.5
9.007500000 13.8
9.007501000 -40.0
9.007503000 65.0
9.007506000 20.0
9.007510000 5.0
9.007514000 14.5
9.007520000 13.5
9.007550000 13.8
9.009100000 13.8
9.009150000 0.5
9.009950000 0.5
9.010000000 13.8
9.010001000 -40.0
9.010003000 65.0
9.010006000 20.0
9.010010000 5.0
9.010014000 14.5
9.010020000 13.5
9.010050000 13.8
9.011600000 13.8
9.011650000 0.5
9.012450000 0.5
9.012500000 13.8
9.012501000 -40.0
9.012503000 65.0
9.012506000 20.0
9.012510000 5.0
9.012514000 14.5
9.012520000 13.5
9.012550000 13.8
9.014100000 13.8
9.014150000 0.5
9.014950000 0.5
9.015000000 13.8
9.015001000 -40.0
9.015003000 65.0
9.015006000 20.0
9.015010000 5.0
9.015014000 14.5
9.015020000 13.5
9.015050000 13.8
9.016600000 13.8
9.016650000 0.5
9.017450000 0.5
9.017500000 13.8
9.017501000 -40.0
9.017503000 65.0
9.017506000 20.0
9.017510000 5.0
9.017514000 14.5
9.017520000 13.5
9.017550000 13.8
9.019100000 13.8
9.019150000 0.5
9.019950000 0.5
9.020000000 13.8
9.020001000 -40.0
9.020003000 65.0
9.020006000 20.0
9.020010000 5.0
9.020014000 14.5
9.020020000 13.5
9.020050000 13.8
9.021600000 13.8
9.021650000 0.5
9.022450000 0.5
9.022500000 13.8
9.022501000 -40.0
9.022503000 65.0
9.022506000 20.0
9.022510000 5.0
9.022514000 14.5
9.022520000 13.5
9.022550000 13.8
9.024100000 13.8
9.024150000 0.5
9.024950000 0.5
9.025000000 13.8
9.025001000 -40.0
9.025003000 65.0
9.025006000 20.0
9.025010000 5.0
9.025014000 14.5
9.025020000 13.5
9.025050000 13.8
9.026600000 13.8
9.026650000 0.5
9.027450000 0.5
9.027500000 13.8
9.027501000 -40.0
9.027503000 65.0
9.027506000 20.0
9.027510000 5.0
9.027514000 14.5
9.027520000 13.5
9.027550000 13.8
9.029100000 13.8
9.029150000 0.5
9.029950000 0.5
9.030000000 13.8
9.030001000 -40.0
9.030003000 65.0
9.030006000 20.0
9.030010000 5.0
9.030014000 14.5
9.030020000 13.5
9.030050000 13.8
9.031600000 13.8
9.031650000 0.5
9.032450000 0.5
9.032500000 13.8
9.032501000 -40.0
9.032503000 65.0
9.032506000 20.0
9.032510000 5.0
9.032514000 14.5
9.032520000 13.5
9.032550000 13.8
9.034100000 13.8
9.034150000 0.5
9.034950000 0.5
9.035000000 13.8
9.035001000 -40.0
9.035003000 65.0
9.035006000 20.0
9.035010000 5.0
9.035014000 14.5
9.035020000 13.5
9.035050000 13.8
9.036600000 13.8
9.036650000 0.5
9.037450000 0.5
9.037500000 13.8
9.037501000 -40.0
9.037503000 65.0
9.037506000 20.0
9.037510000 5.0
9.037514000 14.5
9.037520000 13.5
9.037550000 13.8
9.039100000 13.8
9.039150000 0.5
9.039950000 0.5
9.040000000 13.8
9.040001000 -40.0
9.040003000 65.0
9.040006000 20.0
9.040010000 5.0
9.040014000 14.5
9.040020000 13.5
9.040050000 13.8
9.041600000 13.8
9.041650000 0.5
9.042450000 0.5
9.042500000 13.8
9.042501000 -40.0
9.042503000 65.0
9.042506000 20.0
9.042510000 5.0
9.042514000 14.5
9.042520000 13.5
9.042550000 13.8
9.044100000 13.8
9.044150000 0.5
9.044950000 0.5
9.045000000 13.8
9.045001000 -40.0
9.045003000 65.0
9.045006000 20.0
9.045010000 5.0
9.045014000 14.5
9.045020000 13.5
9.045050000 13.8
9.046600000 13.8
9.046650000 0.5
9.047450000 0.5
9.047500000 13.8
9.047501000 -40.0
9.047503000 65.0
9.047506000 20.0
9.047510000 5.0
9.047514000 14.5
9.047520000 13.5
9.047550000 13.8
9.049100000 13.8
9.049150000 0.5
9.049950000 0.5
9.050000000 13.8
9.050001000 -40.0
9.050003000 65.0
9.050006000 20.0
9.050010000 5.0
9.050014000 14.5
9.050020000 13.5
9.050050000 13.8
9.051600000 13.8
9.051650000 0.5
9.052450000 0.5
9.052500000 13.8
9.052501000 -40.0
9.052503000 65.0
9.052506000 20.0
9.052510000 5.0
9.052514000 14.5
9.052520000 13.5
9.052550000 13.8
9.054100000 13.8
9.054150000 0.5
9.054950000 0.5
9.055000000 13.8
9.055001000 -40.0
9.055003000 65.0
9.055006000 20.0
9.055010000 5.0
9.055014000 14.5
9.055020000 13.5
9.055050000 13.8
9.056600000 13.8
9.056650000 0.5
9.057450000 0.5
9.057500000 13.8
9.057501000 -40.0
9.057503000 65.0
9.057506000 20.0
9.057510000 5.0
9.057514000 14.5
9.057520000 13.5
9.057550000 13.8
9.059100000 13.8
9.059150000 0.5
9.059950000 0.5
9.060000000 13.8
9.060001000 -40.0
9.060003000 65.0
9.060006000 20.0
9.060010000 5.0
9.060014000 14.5
9.060020000 13.5
9.060050000 13.8
9.061600000 13.8
9.061650000 0.5
9.062450000 0.5
9.062500000 13.8
9.062501000 -40.0
9.062503000 65.0
9.062506000 20.0
9.062510000 5.0
9.062514000 14.5
9.062520000 13.5
9.062550000 13.8
9.064100000 13.8
9.064150000 0.5
9.064950000 0.5
9.065000000 13.8
9.065001000 -40.0
9.065003000 65.0
9.065006000 20.0
9.065010000 5.0
9.065014000 14.5
9.065020000 13.5
9.065050000 13.8
9.066600000 13.8
9.066650000 0.5
9.067450000 0.5
9.067500000 13.8
9.067501000 -40.0
9.067503000 65.0
9.067506000 20.0
9.067510000 5.0
9.067514000 14.5
9.067520000 13.5
9.067550000 13.8
9.069100000 13.8
9.069150000 0.5
9.069950000 0.5
9.070000000 13.8
9.070001000 -40.0
9.070003000 65.0
9.070006000 20.0
9.070010000 5.0
9.070014000 14.5
9.070020000 13.5
9.070050000 13.8
9.071600000 13.8
9.071650000 0.5
9.072450000 0.5
9.072500000 13.8
9.072501000 -40.0
9.072503000 65.0
9.072506000 20.0
9.072510000 5.0
9.072514000 14.5
9.072520000 13.5
9.072550000 13.8
9.074100000 13.8
9.074150000 0.5
9.074950000 0.5
9.075000000 13.8
9.075001000 -40.0
9.075003000 65.0
9.075006000 20.0
9.075010000 5.0
9.075014000 14.5
9.075020000 13.5
9.075050000 13.8
9.076600000 13.8
9.076650000 0.5
9.077450000 0.5
9.077500000 13.8
9.077501000 -40.0
9.077503000 65.0
9.077506000 20.0
9.077510000 5.0
9.077514000 14.5
9.077520000 13.5
9.077550000 13.8
9.079100000 13.8
9.079150000 0.5
9.079950000 0.5
9.080000000 13.8
9.080001000 -40.0
9.080003000 65.0
9.080006000 20.0
9.080010000 5.0
9.080014000 14.5
9.080020000 13.5
9.080050000 13.8
9.081600000 13.8
9.081650000 0.5
9.082450000 0.5
9.082500000 13.8
9.082501000 -40.0
9.082503000 65.0
9.082506000 20.0
9.082510000 5.0
9.082514000 14.5
9.082520000 13.5
9.082550000 13.8
9.084100000 13.8
9.084150000 0.5
9.084950000 0.5
9.085000000 13.8
9.085001000 -40.0
9.085003000 65.0
9.085006000 20.0
9.085010000 5.0
9.085014000 14.5
9.085020000 13.5
9.085050000 13.8
9.086600000 13.8
9.086650000 0.5
9.087450000 0.5
9.087500000 13.8
9.087501000 -40.0
9.087503000 65.0
9.087506000 20.0
9.087510000 5.0
9.087514000 14.5
9.087520000 13.5
9.087550000 13.8
9.089100000 13.8
9.089150000 0.5
9.089950000 0.5
9.090000000 13.8
9.090001000 -40.0
9.090003000 65.0
9.090006000 20.0
9.090010000 5.0
9.090014000 14.5
9.090020000 13.5
9.090050000 13.8
9.091600000 13.8
9.091650000 0.5
9.092450000 0.5
9.092500000 13.8
9.092501000 -40.0
9.092503000 65.0
9.092506000 20.0
9.092510000 5.0
9.092514000 14.5
9.092520000 13.5
9.092550000 13.8
9.094100000 13.8
9.094150000 0.5
9.094950000 0.5
9.095000000 13.8
9.095001000 -40.0
9.095003000 65.0
9.095006000 20.0
9.095010000 5.0
9.095014000 14.5
9.095020000 13.5
9.095050000 13.8
9.096600000 13.8
9.096650000 0.5
9.097450000 0.5
9.097500000 13.8
9.097501000 -40.0
9.097503000 65.0
9.097506000 20.0
9.097510000 5.0
9.097514000 14.5
9.097520000 13.5
9.097550000 13.8
9.099100000 13.8
9.099150000 0.5
9.099950000 0.5
9.100000000 13.8
9.100001000 -40.0
9.100003000 65.0
9.100006000 20.0
9.100010000 5.0
9.100014000 14.5
9.100020000 13.5
9.100050000 13.8
9.101600000 13.8
9.101650000 0.5
9.102450000 0.5
9.102500000 13.8
9.102501000 -40.0
9.102503000 65.0
9.102506000 20.0
9.102510000 5.0
9.102514000 14.5
9.102520000 13.5
9.102550000 13.8
9.104100000 13.8
9.104150000 0.5
9.104950000 0.5
9.105000000 13.8
9.105001000 -40.0
9.105003000 65.0
9.105006000 20.0
9.105010000 5.0
9.105014000 14.5
9.105020000 13.5
9.105050000 13.8
9.106600000 13.8
9.106650000 0.5
9.107450000 0.5
9.107500000 13.8
9.107501000 -40.0
9.107503000 65.0
9.107506000 20.0
9.107510000 5.0
9.107514000 14.5
9.107520000 13.5
9.107550000 13.8
9.109100000 13.8
9.109150000 0.5
9.109950000 0.5
9.110000000 13.8
9.110001000 -40.0
9.110003000 65.0
9.110006000 20.0
9.110010000 5.0
9.110014000 14.5
9.110020000 13.5
9.110050000 13.8
9.111600000 13.8
9.111650000 0.5
9.112450000 0.5
9.112500000 13.8
9.112501000 -40.0
9.112503000 65.0
9.112506000 20.0
9.112510000 5.0
9.112514000 14.5
9.112520000 13.5
9.112550000 13.8
9.114100000 13.8
9.114150000 0.5
9.114950000 0.5
9.115000000 13.8
9.115001000 -40.0
9.115003000 65.0
9.115006000 20.0
9.115010000 5.0
9.115014000 14.5
9.115020000 13.5
9.115050000 13.8
9.116600000 13.8
9.116650000 0.5
9.117450000 0.5
9.117500000 13.8
9.117501000 -40.0
9.117503000 65.0
9.117506000 20.0
9.117510000 5.0
9.117514000 14.5
9.117520000 13.5
9.117550000 13.8
9.119100000 13.8
9.119150000 0.5
9.119950000 0.5
9.120000000 13.8
9.120001000 -40.0
9.120003000 65.0
9.120006000 20.0
9.120010000 5.0
9.120014000 14.5
9.120020000 13.5
9.120050000 13.8
9.121600000 13.8
9.121650000 0.5
9.122450000 0.5
9.122500000 13.8
9.122501000 -40.0
9.122503000 65.0
9.122506000 20.0
9.122510000 5.0
9.122514000 14.5
9.122520000 13.5
9.122550000 13.8
9.124100000 13.8
9.124150000 0.5
9.124950000 0.5
9.125000000 13.8
9.125001000 -40.0
9.125003000 65.0
9.125006000 20.0
9.125010000 5.0
9.125014000 14.5
9.125020000 13.5
9.125050000 13.8
9.126600000 13.8
9.126650000 0.5
9.127450000 0.5
9.127500000 13.8
9.127501000 -40.0
9.127503000 65.0
9.127506000 20.0
9.127510000 5.0
9.127514000 14.5
9.127520000 13.5
9.127550000 13.8
9.129100000 13.8
9.129150000 0.5
9.129950000 0.5
9.130000000 13.8
9.130001000 -40.0
9.130003000 65.0
9.130006000 20.0
9.130010000 5.0
9.130014000 14.5
9.130020000 13.5
9.130050000 13.8
9.131600000 13.8
9.131650000 0.5
9.132450000 0.5
9.132500000 13.8
9.132501000 -40.0
9.132503000 65.0
9.132506000 20.0
9.132510000 5.0
9.132514000 14.5
9.132520000 13.5
9.132550000 13.8
9.134100000 13.8
9.134150000 0.5
9.134950000 0.5
9.135000000 13.8
9.135001000 -40.0
9.135003000 65.0
9.135006000 20.0
9.135010000 5.0
9.135014000 14.5
9.135020000 13.5
9.135050000 13.8
9.136600000 13.8
9.136650000 0.5
9.137450000 0.5
9.137500000 13.8
9.137501000 -40.0
9.137503000 65.0
9.137506000 20.0
9.137510000 5.0
9.137514000 14.5
9.137520000 13.5
9.137550000 13.8
9.139100000 13.8
9.139150000 0.5
9.139950000 0.5
9.140000000 13.8
9.140001000 -40.0
9.140003000 65.0
9.140006000 20.0
9.140010000 5.0
9.140014000 14.5
9.140020000 13.5
9.140050000 13.8
9.141600000 13.8
9.141650000 0.5
9.142450000 0.5
9.142500000 13.8
9.142501000 -40.0
9.142503000 65.0
9.142506000 20.0
9.142510000 5.0
9.142514000 14.5
9.142520000 13.5
9.142550000 13.8
9.144100000 13.8
9.144150000 0.5
9.144950000 0.5
9.145000000 13.8
9.145001000 -40.0
9.145003000 65.0
9.145006000 20.0
9.145010000 5.0
9.145014000 14.5
9.145020000 13.5
9.145050000 13.8
9.146600000 13.8
9.146650000 0.5
9.147450000 0.5
9.147500000 13.8
9.147501000 -40.0
9.147503000 65.0
9.147506000 20.0
9.147510000 5.0
9.147514000 14.5
9.147520000 13.5
9.147550000 13.8
9.149100000 13.8
9.149150000 0.5
9.149950000 0.5
9.150000000 13.8
9.150001000 -40.0
9.150003000 65.0
9.150006000 20.0
9.150010000 5.0
9.150014000 14.5
9.150020000 13.5
9.150050000 13.8
9.151600000 13.8
9.151650000 0.5
9.152450000 0.5
9.152500000 13.8
9.152501000 -40.0
9.152503000 65.0
9.152506000 20.0
9.152510000 5.0
9.152514000 14.5
9.152520000 13.5
9.152550000 13.8
9.154100000 13.8
9.154150000 0.5
9.154950000 0.5
9.155000000 13.8
9.155001000 -40.0
9.155003000 65.0
9.155006000 20.0
9.155010000 5.0
9.155014000 14.5
9.155020000 13.5
9.155050000 13.8
9.156600000 13.8
9.156650000 0.5
9.157450000 0.5
9.157500000 13.8
9.157501000 -40.0
9.157503000 65.0
9.157506000 20.0
9.157510000 5.0
9.157514000 14.5
9.157520000 13.5
9.157550000 13.8
9.159100000 13.8
9.159150000 0.5
9.159950000 0.5
9.160000000 13.8
9.160001000 -40.0
9.160003000 65.0
9.160006000 20.0
9.160010000 5.0
9.160014000 14.5
9.160020000 13.5
9.160050000 13.8
9.161600000 13.8
9.161650000 0.5
9.162450000 0.5
9.162500000 13.8
9.162501000 -40.0
9.162503000 65.0
9.162506000 20.0
9.162510000 5.0
9.162514000 14.5
9.162520000 13.5
9.162550000 13.8
9.164100000 13.8
9.164150000 0.5
9.164950000 0.5
9.165000000 13.8
9.165001000 -40.0
9.165003000 65.0
9.165006000 20.0
9.165010000 5.0
9.165014000 14.5
9.165020000 13.5
9.165050000 13.8
9.166600000 13.8
9.166650000 0.5
9.167450000 0.5
9.167500000 13.8
9.167501000 -40.0
9.167503000 65.0
9.167506000 20.0
9.167510000 5.0
9.167514000 14.5
9.167520000 13.5
9.167550000 13.8
9.169100000 13.8
9.169150000 0.5
9.169950000 0.5
9.170000000 13.8
9.170001000 -40.0
9.170003000 65.0
9.170006000 20.0
9.170010000 5.0
9.170014000 14.5
9.170020000 13.5
9.170050000 13.8
9.171600000 13.8
9.171650000 0.5
9.172450000 0.5
9.172500000 13.8
9.172501000 -40.0
9.172503000 65.0
9.172506000 20.0
9.172510000 5.0
9.172514000 14.5
9.172520000 13.5
9.172550000 13.8
9.174100000 13.8
9.174150000 0.5
9.174950000 0.5
9.175000000 13.8
9.175001000 -40.0
9.175003000 65.0
9.175006000 20.0
9.175010000 5.0
9.175014000 14.5
9.175020000 13.5
9.175050000 13.8
9.176600000 13.8
9.176650000 0.5
9.177450000 0.5
9.177500000 13.8
9.177501000 -40.0
9.177503000 65.0
9.177506000 20.0
9.177510000 5.0
9.177514000 14.5
9.177520000 13.5
9.177550000 13.8
9.179100000 13.8
9.179150000 0.5
9.179950000 0.5
9.180000000 13.8
9.180001000 -40.0
9.180003000 65.0
9.180006000 20.0
9.180010000 5.0
9.180014000 14.5
9.180020000 13.5
9.180050000 13.8
9.181600000 13.8
9.181650000 0.5
9.182450000 0.5
9.182500000 13.8
9.182501000 -40.0
9.182503000 65.0
9.182506000 20.0
9.182510000 5.0
9.182514000 14.5
9.182520000 13.5
9.182550000 13.8
9.184100000 13.8
9.184150000 0.5
9.184950000 0.5
9.185000000 13.8
9.185001000 -40.0
9.185003000 65.0
9.185006000 20.0
9.185010000 5.0
9.185014000 14.5
9.185020000 13.5
9.185050000 13.8
9.186600000 13.8
9.186650000 0.5
9.187450000 0.5
9.187500000 13.8
9.187501000 -40.0
9.187503000 65.0
9.187506000 20.0
9.187510000 5.0
9.187514000 14.5
9.187520000 13.5
9.187550000 13.8
9.189100000 13.8
9.189150000 0.5
9.189950000 0.5
9.190000000 13.8
9.190001000 -40.0
9.190003000 65.0
9.190006000 20.0
9.190010000 5.0
9.190014000 14.5
9.190020000 13.5
9.190050000 13.8
9.191600000 13.8
9.191650000 0.5
9.192450000 0.5
9.192500000 13.8
9.192501000 -40.0
9.192503000 65.0
9.192506000 20.0
9.192510000 5.0
9.192514000 14.5
9.192520000 13.5
9.192550000 13.8
9.194100000 13.8
9.194150000 0.5
9.194950000 0.5
9.195000000 13.8
9.195001000 -40.0
9.195003000 65.0
9.195006000 20.0
9.195010000 5.0
9.195014000 14.5
9.195020000 13.5
9.195050000 13.8
9.196600000 13.8
9.196650000 0.5
9.197450000 0.5
9.197500000 13.8
9.197501000 -40.0
9.197503000 65.0
9.197506000 20.0
9.197510000 5.0
9.197514000 14.5
9.197520000 13.5
9.197550000 13.8
9.199100000 13.8
9.199150000 0.5
9.199950000 0.5
9.200000000 13.8
9.200001000 -40.0
9.200003000 65.0
9.200006000 20.0
9.200010000 5.0
9.200014000 14.5
9.200020000 13.5
9.200050000 13.8
9.201600000 13.8
9.201650000 0.5
9.202450000 0.5
9.202500000 13.8
9.202501000 -40.0
9.202503000 65.0
9.202506000 20.0
9.202510000 5.0
9.202514000 14.5
9.202520000 13.5
9.202550000 13.8
9.204100000 13.8
9.204150000 0.5
9.204950000 0.5
9.205000000 13.8
9.205001000 -40.0
9.205003000 65.0
9.205006000 20.0
9.205010000 5.0
9.205014000 14.5
9.205020000 13.5
9.205050000 13.8
9.206600000 13.8
9.206650000 0.5
9.207450000 0.5
9.207500000 13.8
9.207501000 -40.0
9.207503000 65.0
9.207506000 20.0
9.207510000 5.0
9.207514000 14.5
9.207520000 13.5
9.207550000 13.8
9.209100000 13.8
9.209150000 0.5
9.209950000 0.5
9.210000000 13.8
9.210001000 -40.0
9.210003000 65.0
9.210006000 20.0
9.210010000 5.0
9.210014000 14.5
9.210020000 13.5
9.210050000 13.8
9.211600000 13.8
9.211650000 0.5
9.212450000 0.5
9.212500000 13.8
9.212501000 -40.0
9.212503000 65.0
9.212506000 20.0
9.212510000 5.0
9.212514000 14.5
9.212520000 13.5
9.212550000 13.8
9.214100000 13.8
9.214150000 0.5
9.214950000 0.5
9.215000000 13.8
9.215001000 -40.0
9.215003000 65.0
9.215006000 20.0
9.215010000 5.0
9.215014000 14.5
9.215020000 13.5
9.215050000 13.8
9.216600000 13.8
9.216650000 0.5
9.217450000 0.5
9.217500000 13.8
9.217501000 -40.0
9.217503000 65.0
9.217506000 20.0
9.217510000 5.0
9.217514000 14.5
9.217520000 13.5
9.217550000 13.8
9.219100000 13.8
9.219150000 0.5
9.219950000 0.5
9.220000000 13.8
9.220001000 -40.0
9.220003000 65.0
9.220006000 20.0
9.220010000 5.0
9.220014000 14.5
9.220020000 13.5
9.220050000 13.8
9.221600000 13.8
9.221650000 0.5
9.222450000 0.5
9.222500000 13.8
9.222501000 -40.0
9.222503000 65.0
9.222506000 20.0
9.222510000 5.0
9.222514000 14.5
9.222520000 13.5
9.222550000 13.8
9.224100000 13.8
9.224150000 0.5
9.224950000 0.5
9.225000000 13.8
9.225001000 -40.0
9.225003000 65.0
9.225006000 20.0
9.225010000 5.0
9.225014000 14.5
9.225020000 13.5
9.225050000 13.8
9.226600000 13.8
9.226650000 0.5
9.227450000 0.5
9.227500000 13.8
9.227501000 -40.0
9.227503000 65.0
9.227506000 20.0
9.227510000 5.0
9.227514000 14.5
9.227520000 13.5
9.227550000 13.8
9.229100000 13.8
9.229150000 0.5
9.229950000 0.5
9.230000000 13.8
9.230001000 -40.0
9.230003000 65.0
9.230006000 20.0
9.230010000 5.0
9.230014000 14.5
9.230020000 13.5
9.230050000 13.8
9.231600000 13.8
9.231650000 0.5
9.232450000 0.5
9.232500000 13.8
9.232501000 -40.0
9.232503000 65.0
9.232506000 20.0
9.232510000 5.0
9.232514000 14.5
9.232520000 13.5
9.232550000 13.8
9.234100000 13.8
9.234150000 0.5
9.234950000 0.5
9.235000000 13.8
9.235001000 -40.0
9.235003000 65.0
9.235006000 20.0
9.235010000 5.0
9.235014000 14.5
9.235020000 13.5
9.235050000 13.8
9.236600000 13.8
9.236650000 0.5
9.237450000 0.5
9.237500000 13.8
9.237501000 -40.0
9.237503000 65.0
9.237506000 20.0
9.237510000 5.0
9.237514000 14.5
9.237520000 13.5
9.237550000 13.8
9.239100000 13.8
9.239150000 0.5
9.239950000 0.5
9.240000000 13.8
9.240001000 -40.0
9.240003000 65.0
9.240006000 20.0
9.240010000 5.0
9.240014000 14.5
9.240020000 13.5
9.240050000 13.8
9.241600000 13.8
9.241650000 0.5
9.242450000 0.5
9.242500000 13.8
9.242501000 -40.0
9.242503000 65.0
9.242506000 20.0
9.242510000 5.0
9.242514000 14.5
9.242520000 13.5
9.242550000 13.8
9.244100000 13.8
9.244150000 0.5
9.244950000 0.5
9.245000000 13.8
9.245001000 -40.0
9.245003000 65.0
9.245006000 20.0
9.245010000 5.0
9.245014000 14.5
9.245020000 13.5
9.245050000 13.8
9.246600000 13.8
9.246650000 0.5
9.247450000 0.5
9.247500000 13.8
9.247501000 -40.0
9.247503000 65.0
9.247506000 20.0
9.247510000 5.0
9.247514000 14.5
9.247520000 13.5
9.247550000 13.8
9.249100000 13.8
9.249150000 0.5
9.249950000 0.5
9.250000000 13.8
9.250001000 -40.0
9.250003000 65.0
9.250006000 20.0
9.250010000 5.0
9.250014000 14.5
9.250020000 13.5
9.250050000 13.8
9.251600000 13.8
9.251650000 0.5
9.252450000 0.5
9.252500000 13.8
9.252501000 -40.0
9.252503000 65.0
9.252506000 20.0
9.252510000 5.0
9.252514000 14.5
9.252520000 13.5
9.252550000 13.8
9.254100000 13.8
9.254150000 0.5
9.254950000 0.5
9.255000000 13.8
9.255001000 -40.0
9.255003000 65.0
9.255006000 20.0
9.255010000 5.0
9.255014000 14.5
9.255020000 13.5
9.255050000 13.8
9.256600000 13.8
9.256650000 0.5
9.257450000 0.5
9.257500000 13.8
9.257501000 -40.0
9.257503000 65.0
9.257506000 20.0
9.257510000 5.0
9.257514000 14.5
9.257520000 13.5
9.257550000 13.8
9.259100000 13.8
9.259150000 0.5
9.259950000 0.5
9.260000000 13.8
9.260001000 -40.0
9.260003000 65.0
9.260006000 20.0
9.260010000 5.0
9.260014000 14.5
9.260020000 13.5
9.260050000 13.8
9.261600000 13.8
9.261650000 0.5
9.262450000 0.5
9.262500000 13.8
9.262501000 -40.0
9.262503000 65.0
9.262506000 20.0
9.262510000 5.0
9.262514000 14.5
9.262520000 13.5
9.262550000 13.8
9.264100000 13.8
9.264150000 0.5
9.264950000 0.5
9.265000000 13.8
9.265001000 -40.0
9.265003000 65.0
9.265006000 20.0
9.265010000 5.0
9.265014000 14.5
9.265020000 13.5
9.265050000 13.8
9.266600000 13.8
9.266650000 0.5
9.267450000 0.5
9.267500000 13.8
9.267501000 -40.0
9.267503000 65.0
9.267506000 20.0
9.267510000 5.0
9.267514000 14.5
9.267520000 13.5
9.267550000 13.8
9.269100000 13.8
9.269150000 0.5
9.269950000 0.5
9.270000000 13.8
9.270001000 -40.0
9.270003000 65.0
9.270006000 20.0
9.270010000 5.0
9.270014000 14.5
9.270020000 13.5
9.270050000 13.8
9.271600000 13.8
9.271650000 0.5
9.272450000 0.5
9.272500000 13.8
9.272501000 -40.0
9.272503000 65.0
9.272506000 20.0
9.272510000 5.0
9.272514000 14.5
9.272520000 13.5
9.272550000 13.8
9.274100000 13.8
9.274150000 0.5
9.274950000 0.5
9.275000000 13.8
9.275001000 -40.0
9.275003000 65.0
9.275006000 20.0
9.275010000 5.0
9.275014000 14.5
9.275020000 13.5
9.275050000 13.8
9.276600000 13.8
9.276650000 0.5
9.277450000 0.5
9.277500000 13.8
9.277501000 -40.0
9.277503000 65.0
9.277506000 20.0
9.277510000 5.0
9.277514000 14.5
9.277520000 13.5
9.277550000 13.8
9.279100000 13.8
9.279150000 0.5
9.279950000 0.5
9.280000000 13.8
9.280001000 -40.0
9.280003000 65.0
9.280006000 20.0
9.280010000 5.0
9.280014000 14.5
9.280020000 13.5
9.280050000 13.8
9.281600000 13.8
9.281650000 0.5
9.282450000 0.5
9.282500000 13.8
9.282501000 -40.0
9.282503000 65.0
9.282506000 20.0
9.282510000 5.0
9.282514000 14.5
9.282520000 13.5
9.282550000 13.8
9.284100000 13.8
9.284150000 0.5
9.284950000 0.5
9.285000000 13.8
9.285001000 -40.0
9.285003000 65.0
9.285006000 20.0
9.285010000 5.0
9.285014000 14.5
9.285020000 13.5
9.285050000 13.8
9.286600000 13.8
9.286650000 0.5
9.287450000 0.5
9.287500000 13.8
9.287501000 -40.0
9.287503000 65.0
9.287506000 20.0
9.287510000 5.0
9.287514000 14.5
9.287520000 13.5
9.287550000 13.8
9.289100000 13.8
9.289150000 0.5
9.289950000 0.5
9.290000000 13.8
9.290001000 -40.0
9.290003000 65.0
9.290006000 20.0
9.290010000 5.0
9.290014000 14.5
9.290020000 13.5
9.290050000 13.8
9.291600000 13.8
9.291650000 0.5
9.292450000 0.5
9.292500000 13.8
9.292501000 -40.0
9.292503000 65.0
9.292506000 20.0
9.292510000 5.0
9.292514000 14.5
9.292520000 13.5
9.292550000 13.8
9.294100000 13.8
9.294150000 0.5
9.294950000 0.5
9.295000000 13.8
9.295001000 -40.0
9.295003000 65.0
9.295006000 20.0
9.295010000 5.0
9.295014000 14.5
9.295020000 13.5
9.295050000 13.8
9.296600000 13.8
9.296650000 0.5
9.297450000 0.5
9.297500000 13.8
9.297501000 -40.0
9.297503000 65.0
9.297506000 20.0
9.297510000 5.0
9.297514000 14.5
9.297520000 13.5
9.297550000 13.8
9.299100000 13.8
9.299150000 0.5
9.299950000 0.5
9.300000000 13.8
9.300001000 -40.0
9.300003000 65.0
9.300006000 20.0
9.300010000 5.0
9.300014000 14.5
9.300020000 13.5
9.300050000 13.8
9.301600000 13.8
9.301650000 0.5
9.302450000 0.5
9.302500000 13.8
9.302501000 -40.0
9.302503000 65.0
9.302506000 20.0
9.302510000 5.0
9.302514000 14.5
9.302520000 13.5
9.302550000 13.8
9.304100000 13.8
9.304150000 0.5
9.304950000 0.5
9.305000000 13.8
9.305001000 -40.0
9.305003000 65.0
9.305006000 20.0
9.305010000 5.0
9.305014000 14.5
9.305020000 13.5
9.305050000 13.8
9.306600000 13.8
9.306650000 0.5
9.307450000 0.5
9.307500000 13.8
9.307501000 -40.0
9.307503000 65.0
9.307506000 20.0
9.307510000 5.0
9.307514000 14.5
9.307520000 13.5
9.307550000 13.8
9.309100000 13.8
9.309150000 0.5
9.309950000 0.5
9.310000000 13.8
9.310001000 -40.0
9.310003000 65.0
9.310006000 20.0
9.310010000 5.0
9.310014000 14.5
9.310020000 13.5
9.310050000 13.8
9.311600000 13.8
9.311650000 0.5
9.312450000 0.5
9.312500000 13.8
9.312501000 -40.0
9.312503000 65.0
9.312506000 20.0
9.312510000 5.0
9.312514000 14.5
9.312520000 13.5
9.312550000 13.8
9.314100000 13.8
9.314150000 0.5
9.314950000 0.5
9.315000000 13.8
9.315001000 -40.0
9.315003000 65.0
9.315006000 20.0
9.315010000 5.0
9.315014000 14.5
9.315020000 13.5
9.315050000 13.8
9.316600000 13.8
9.316650000 0.5
9.317450000 0.5
9.317500000 13.8
9.317501000 -40.0
9.317503000 65.0
9.317506000 20.0
9.317510000 5.0
9.317514000 14.5
9.317520000 13.5
9.317550000 13.8
9.319100000 13.8
9.319150000 0.5
9.319950000 0.5
9.320000000 13.8
9.320001000 -40.0
9.320003000 65.0
9.320006000 20.0
9.320010000 5.0
9.320014000 14.5
9.320020000 13.5
9.320050000 13.8
9.321600000 13.8
9.321650000 0.5
9.322450000 0.5
9.322500000 13.8
9.322501000 -40.0
9.322503000 65.0
9.322506000 20.0
9.322510000 5.0
9.322514000 14.5
9.322520000 13.5
9.322550000 13.8
9.324100000 13.8
9.324150000 0.5
9.324950000 0.5
9.325000000 13.8
9.325001000 -40.0
9.325003000 65.0
9.325006000 20.0
9.325010000 5.0
9.325014000 14.5
9.325020000 13.5
9.325050000 13.8
9.326600000 13.8
9.326650000 0.5
9.327450000 0.5
9.327500000 13.8
9.327501000 -40.0
9.327503000 65.0
9.327506000 20.0
9.327510000 5.0
9.327514000 14.5
9.327520000 13.5
9.327550000 13.8
9.329100000 13.8
9.329150000 0.5
9.329950000 0.5
9.330000000 13.8
9.330001000 -40.0
9.330003000 65.0
9.330006000 20.0
9.330010000 5.0
9.330014000 14.5
9.330020000 13.5
9.330050000 13.8
9.331600000 13.8
9.331650000 0.5
9.332450000 0.5
9.332500000 13.8
9.332501000 -40.0
9.332503000 65.0
9.332506000 20.0
9.332510000 5.0
9.332514000 14.5
9.332520000 13.5
9.332550000 13.8
9.334100000 13.8
9.334150000 0.5
9.334950000 0.5
9.335000000 13.8
9.335001000 -40.0
9.335003000 65.0
9.335006000 20.0
9.335010000 5.0
9.335014000 14.5
9.335020000 13.5
9.335050000 13.8
9.336600000 13.8
9.336650000 0.5
9.337450000 0.5
9.337500000 13.8
9.337501000 -40.0
9.337503000 65.0
9.337506000 20.0
9.337510000 5.0
9.337514000 14.5
9.337520000 13.5
9.337550000 13.8
9.339100000 13.8
9.339150000 0.5
9.339950000 0.5
9.340000000 13.8
9.340001000 -40.0
9.340003000 65.0
9.340006000 20.0
9.340010000 5.0
9.340014000 14.5
9.340020000 13.5
9.340050000 13.8
9.341600000 13.8
9.341650000 0.5
9.342450000 0.5
9.342500000 13.8
9.342501000 -40.0
9.342503000 65.0
9.342506000 20.0
9.342510000 5.0
9.342514000 14.5
9.342520000 13.5
9.342550000 13.8
9.344100000 13.8
9.344150000 0.5
9.344950000 0.5
9.345000000 13.8
9.345001000 -40.0
9.345003000 65.0
9.345006000 20.0
9.345010000 5.0
9.345014000 14.5
9.345020000 13.5
9.345050000 13.8
9.346600000 13.8
9.346650000 0.5
9.347450000 0.5
9.347500000 13.8
9.347501000 -40.0
9.347503000 65.0
9.347506000 20.0
9.347510000 5.0
9.347514000 14.5
9.347520000 13.5
9.347550000 13.8
9.349100000 13.8
9.349150000 0.5
9.349950000 0.5
9.350000000 13.8
9.350001000 -40.0
9.350003000 65.0
9.350006000 20.0
9.350010000 5.0
9.350014000 14.5
9.350020000 13.5
9.350050000 13.8
9.351600000 13.8
9.351650000 0.5
9.352450000 0.5
9.352500000 13.8
9.352501000 -40.0
9.352503000 65.0
9.352506000 20.0
9.352510000 5.0
9.352514000 14.5
9.352520000 13.5
9.352550000 13.8
9.354100000 13.8
9.354150000 0.5
9.354950000 0.5
9.355000000 13.8
9.355001000 -40.0
9.355003000 65.0
9.355006000 20.0
9.355010000 5.0
9.355014000 14.5
9.355020000 13.5
9.355050000 13.8
9.356600000 13.8
9.356650000 0.5
9.357450000 0.5
9.357500000 13.8
9.357501000 -40.0
9.357503000 65.0
9.357506000 20.0
9.357510000 5.0
9.357514000 14.5
9.357520000 13.5
9.357550000 13.8
9.359100000 13.8
9.359150000 0.5
9.359950000 0.5
9.360000000 13.8
9.360001000 -40.0
9.360003000 65.0
9.360006000 20.0
9.360010000 5.0
9.360014000 14.5
9.360020000 13.5
9.360050000 13.8
9.361600000 13.8
9.361650000 0.5
9.362450000 0.5
9.362500000 13.8
9.362501000 -40.0
9.362503000 65.0
9.362506000 20.0
9.362510000 5.0
9.362514000 14.5
9.362520000 13.5
9.362550000 13.8
9.364100000 13.8
9.364150000 0.5
9.364950000 0.5
9.365000000 13.8
9.365001000 -40.0
9.365003000 65.0
9.365006000 20.0
9.365010000 5.0
9.365014000 14.5
9.365020000 13.5
9.365050000 13.8
9.366600000 13.8
9.366650000 0.5
9.367450000 0.5
9.367500000 13.8
9.367501000 -40.0
9.367503000 65.0
9.367506000 20.0
9.367510000 5.0
9.367514000 14.5
9.367520000 13.5
9.367550000 13.8
9.369100000 13.8
9.369150000 0.5
9.369950000 0.5
9.370000000 13.8
9.370001000 -40.0
9.370003000 65.0
9.370006000 20.0
9.370010000 5.0
9.370014000 14.5
9.370020000 13.5
9.370050000 13.8
9.371600000 13.8
9.371650000 0.5
9.372450000 0.5
9.372500000 13.8
9.372501000 -40.0
9.372503000 65.0
9.372506000 20.0
9.372510000 5.0
9.372514000 14.5
9.372520000 13.5
9.372550000 13.8
9.374100000 13.8
9.374150000 0.5
9.374950000 0.5
9.375000000 13.8
9.375001000 -40.0
9.375003000 65.0
9.375006000 20.0
9.375010000 5.0
9.375014000 14.5
9.375020000 13.5
9.375050000 13.8
9.376600000 13.8
9.376650000 0.5
9.377450000 0.5
9.377500000 13.8
9.377501000 -40.0
9.377503000 65.0
9.377506000 20.0
9.377510000 5.0
9.377514000 14.5
9.377520000 13.5
9.377550000 13.8
9.379100000 13.8
9.379150000 0.5
9.379950000 0.5
9.380000000 13.8
9.380001000 -40.0
9.380003000 65.0
9.380006000 20.0
9.380010000 5.0
9.380014000 14.5
9.380020000 13.5
9.380050000 13.8
9.381600000 13.8
9.381650000 0.5
9.382450000 0.5
9.382500000 13.8
9.382501000 -40.0
9.382503000 65.0
9.382506000 20.0
9.382510000 5.0
9.382514000 14.5
9.382520000 13.5
9.382550000 13.8
9.384100000 13.8
9.384150000 0.5
9.384950000 0.5
9.385000000 13.8
9.385001000 -40.0
9.385003000 65.0
9.385006000 20.0
9.385010000 5.0
9.385014000 14.5
9.385020000 13.5
9.385050000 13.8
9.386600000 13.8
9.386650000 0.5
9.387450000 0.5
9.387500000 13.8
9.387501000 -40.0
9.387503000 65.0
9.387506000 20.0
9.387510000 5.0
9.387514000 14.5
9.387520000 13.5
9.387550000 13.8
9.389100000 13.8
9.389150000 0.5
9.389950000 0.5
9.390000000 13.8
9.390001000 -40.0
9.390003000 65.0
9.390006000 20.0
9.390010000 5.0
9.390014000 14.5
9.390020000 13.5
9.390050000 13.8
9.391600000 13.8
9.391650000 0.5
9.392450000 0.5
9.392500000 13.8
9.392501000 -40.0
9.392503000 65.0
9.392506000 20.0
9.392510000 5.0
9.392514000 14.5
9.392520000 13.5
9.392550000 13.8
9.394100000 13.8
9.394150000 0.5
9.394950000 0.5
9.395000000 13.8
9.395001000 -40.0
9.395003000 65.0
9.395006000 20.0
9.395010000 5.0
9.395014000 14.5
9.395020000 13.5
9.395050000 13.8
9.396600000 13.8
9.396650000 0.5
9.397450000 0.5
9.397500000 13.8
9.397501000 -40.0
9.397503000 65.0
9.397506000 20.0
9.397510000 5.0
9.397514000 14.5
9.397520000 13.5
9.397550000 13.8
9.399100000 13.8
9.399150000 0.5
9.399950000 0.5
9.400000000 13.8
9.400001000 -40.0
9.400003000 65.0
9.400006000 20.0
9.400010000 5.0
9.400014000 14.5
9.400020000 13.5
9.400050000 13.8
9.401600000 13.8
9.401650000 0.5
9.402450000 0.5
9.402500000 13.8
9.402501000 -40.0
9.402503000 65.0
9.402506000 20.0
9.402510000 5.0
9.402514000 14.5
9.402520000 13.5
9.402550000 13.8
9.404100000 13.8
9.404150000 0.5
9.404950000 0.5
9.405000000 13.8
9.405001000 -40.0
9.405003000 65.0
9.405006000 20.0
9.405010000 5.0
9.405014000 14.5
9.405020000 13.5
9.405050000 13.8
9.406600000 13.8
9.406650000 0.5
9.407450000 0.5
9.407500000 13.8
9.407501000 -40.0
9.407503000 65.0
9.407506000 20.0
9.407510000 5.0
9.407514000 14.5
9.407520000 13.5
9.407550000 13.8
9.409100000 13.8
9.409150000 0.5
9.409950000 0.5
9.410000000 13.8
9.410001000 -40.0
9.410003000 65.0
9.410006000 20.0
9.410010000 5.0
9.410014000 14.5
9.410020000 13.5
9.410050000 13.8
9.411600000 13.8
9.411650000 0.5
9.412450000 0.5
9.412500000 13.8
9.412501000 -40.0
9.412503000 65.0
9.412506000 20.0
9.412510000 5.0
9.412514000 14.5
9.412520000 13.5
9.412550000 13.8
9.414100000 13.8
9.414150000 0.5
9.414950000 0.5
9.415000000 13.8
9.415001000 -40.0
9.415003000 65.0
9.415006000 20.0
9.415010000 5.0
9.415014000 14.5
9.415020000 13.5
9.415050000 13.8
9.416600000 13.8
9.416650000 0.5
9.417450000 0.5
9.417500000 13.8
9.417501000 -40.0
9.417503000 65.0
9.417506000 20.0
9.417510000 5.0
9.417514000 14.5
9.417520000 13.5
9.417550000 13.8
9.419100000 13.8
9.419150000 0.5
9.419950000 0.5
9.420000000 13.8
9.420001000 -40.0
9.420003000 65.0
9.420006000 20.0
9.420010000 5.0
9.420014000 14.5
9.420020000 13.5
9.420050000 13.8
9.421600000 13.8
9.421650000 0.5
9.422450000 0.5
9.422500000 13.8
9.422501000 -40.0
9.422503000 65.0
9.422506000 20.0
9.422510000 5.0
9.422514000 14.5
9.422520000 13.5
9.422550000 13.8
9.424100000 13.8
9.424150000 0.5
9.424950000 0.5
9.425000000 13.8
9.425001000 -40.0
9.425003000 65.0
9.425006000 20.0
9.425010000 5.0
9.425014000 14.5
9.425020000 13.5
9.425050000 13.8
9.426600000 13.8
9.426650000 0.5
9.427450000 0.5
9.427500000 13.8
9.427501000 -40.0
9.427503000 65.0
9.427506000 20.0
9.427510000 5.0
9.427514000 14.5
9.427520000 13.5
9.427550000 13.8
9.429100000 13.8
9.429150000 0.5
9.429950000 0.5
9.430000000 13.8
9.430001000 -40.0
9.430003000 65.0
9.430006000 20.0
9.430010000 5.0
9.430014000 14.5
9.430020000 13.5
9.430050000 13.8
9.431600000 13.8
9.431650000 0.5
9.432450000 0.5
9.432500000 13.8
9.432501000 -40.0
9.432503000 65.0
9.432506000 20.0
9.432510000 5.0
9.432514000 14.5
9.432520000 13.5
9.432550000 13.8
9.434100000 13.8
9.434150000 0.5
9.434950000 0.5
9.435000000 13.8
9.435001000 -40.0
9.435003000 65.0
9.435006000 20.0
9.435010000 5.0
9.435014000 14.5
9.435020000 13.5
9.435050000 13.8
9.436600000 13.8
9.436650000 0.5
9.437450000 0.5
9.437500000 13.8
9.437501000 -40.0
9.437503000 65.0
9.437506000 20.0
9.437510000 5.0
9.437514000 14.5
9.437520000 13.5
9.437550000 13.8
9.439100000 13.8
9.439150000 0.5
9.439950000 0.5
9.440000000 13.8
9.440001000 -40.0
9.440003000 65.0
9.440006000 20.0
9.440010000 5.0
9.440014000 14.5
9.440020000 13.5
9.440050000 13.8
9.441600000 13.8
9.441650000 0.5
9.442450000 0.5
9.442500000 13.8
9.442501000 -40.0
9.442503000 65.0
9.442506000 20.0
9.442510000 5.0
9.442514000 14.5
9.442520000 13.5
9.442550000 13.8
9.444100000 13.8
9.444150000 0.5
9.444950000 0.5
9.445000000 13.8
9.445001000 -40.0
9.445003000 65.0
9.445006000 20.0
9.445010000 5.0
9.445014000 14.5
9.445020000 13.5
9.445050000 13.8
9.446600000 13.8
9.446650000 0.5
9.447450000 0.5
9.447500000 13.8
9.447501000 -40.0
9.447503000 65.0
9.447506000 20.0
9.447510000 5.0
9.447514000 14.5
9.447520000 13.5
9.447550000 13.8
9.449100000 13.8
9.449150000 0.5
9.449950000 0.5
9.450000000 13.8
9.450001000 -40.0
9.450003000 65.0
9.450006000 20.0
9.450010000 5.0
9.450014000 14.5
9.450020000 13.5
9.450050000 13.8
9.451600000 13.8
9.451650000 0.5
9.452450000 0.5
9.452500000 13.8
9.452501000 -40.0
9.452503000 65.0
9.452506000 20.0
9.452510000 5.0
9.452514000 14.5
9.452520000 13.5
9.452550000 13.8
9.454100000 13.8
9.454150000 0.5
9.454950000 0.5
9.455000000 13.8
9.455001000 -40.0
9.455003000 65.0
9.455006000 20.0
9.455010000 5.0
9.455014000 14.5
9.455020000 13.5
9.455050000 13.8
9.456600000 13.8
9.456650000 0.5
9.457450000 0.5
9.457500000 13.8
9.457501000 -40.0
9.457503000 65.0
9.457506000 20.0
9.457510000 5.0
9.457514000 14.5
9.457520000 13.5
9.457550000 13.8
9.459100000 13.8
9.459150000 0.5
9.459950000 0.5
9.460000000 13.8
9.460001000 -40.0
9.460003000 65.0
9.460006000 20.0
9.460010000 5.0
9.460014000 14.5
9.460020000 13.5
9.460050000 13.8
9.461600000 13.8
9.461650000 0.5
9.462450000 0.5
9.462500000 13.8
9.462501000 -40.0
9.462503000 65.0
9.462506000 20.0
9.462510000 5.0
9.462514000 14.5
9.462520000 13.5
9.462550000 13.8
9.464100000 13.8
9.464150000 0.5
9.464950000 0.5
9.465000000 13.8
9.465001000 -40.0
9.465003000 65.0
9.465006000 20.0
9.465010000 5.0
9.465014000 14.5
9.465020000 13.5
9.465050000 13.8
9.466600000 13.8
9.466650000 0.5
9.467450000 0.5
9.467500000 13.8
9.467501000 -40.0
9.467503000 65.0
9.467506000 20.0
9.467510000 5.0
9.467514000 14.5
9.467520000 13.5
9.467550000 13.8
9.469100000 13.8
9.469150000 0.5
9.469950000 0.5
9.470000000 13.8
9.470001000 -40.0
9.470003000 65.0
9.470006000 20.0
9.470010000 5.0
9.470014000 14.5
9.470020000 13.5
9.470050000 13.8
9.471600000 13.8
9.471650000 0.5
9.472450000 0.5
9.472500000 13.8
9.472501000 -40.0
9.472503000 65.0
9.472506000 20.0
9.472510000 5.0
9.472514000 14.5
9.472520000 13.5
9.472550000 13.8
9.474100000 13.8
9.474150000 0.5
9.474950000 0.5
9.475000000 13.8
9.475001000 -40.0
9.475003000 65.0
9.475006000 20.0
9.475010000 5.0
9.475014000 14.5
9.475020000 13.5
9.475050000 13.8
9.476600000 13.8
9.476650000 0.5
9.477450000 0.5
9.477500000 13.8
9.477501000 -40.0
9.477503000 65.0
9.477506000 20.0
9.477510000 5.0
9.477514000 14.5
9.477520000 13.5
9.477550000 13.8
9.479100000 13.8
9.479150000 0.5
9.479950000 0.5
9.480000000 13.8
9.480001000 -40.0
9.480003000 65.0
9.480006000 20.0
9.480010000 5.0
9.480014000 14.5
9.480020000 13.5
9.480050000 13.8
9.481600000 13.8
9.481650000 0.5
9.482450000 0.5
9.482500000 13.8
9.482501000 -40.0
9.482503000 65.0
9.482506000 20.0
9.482510000 5.0
9.482514000 14.5
9.482520000 13.5
9.482550000 13.8
9.484100000 13.8
9.484150000 0.5
9.484950000 0.5
9.485000000 13.8
9.485001000 -40.0
9.485003000 65.0
9.485006000 20.0
9.485010000 5.0
9.485014000 14.5
9.485020000 13.5
9.485050000 13.8
9.486600000 13.8
9.486650000 0.5
9.487450000 0.5
9.487500000 13.8
9.487501000 -40.0
9.487503000 65.0
9.487506000 20.0
9.487510000 5.0
9.487514000 14.5
9.487520000 13.5
9.487550000 13.8
9.489100000 13.8
9.489150000 0.5
9.489950000 0.5
9.490000000 13.8
9.490001000 -40.0
9.490003000 65.0
9.490006000 20.0
9.490010000 5.0
9.490014000 14.5
9.490020000 13.5
9.490050000 13.8
9.491600000 13.8
9.491650000 0.5
9.492450000 0.5
9.492500000 13.8
9.492501000 -40.0
9.492503000 65.0
9.492506000 20.0
9.492510000 5.0
9.492514000 14.5
9.492520000 13.5
9.492550000 13.8
9.494100000 13.8
9.494150000 0.5
9.494950000 0.5
9.495000000 13.8
9.495001000 -40.0
9.495003000 65.0
9.495006000 20.0
9.495010000 5.0
9.495014000 14.5
9.495020000 13.5
9.495050000 13.8
9.496600000 13.8
9.496650000 0.5
9.497450000 0.5
9.497500000 13.8
9.497501000 -40.0
9.497503000 65.0
9.497506000 20.0
9.497510000 5.0
9.497514000 14.5
9.497520000 13.5
9.497550000 13.8
9.499100000 13.8
9.499150000 0.5
9.499950000 0.5
9.500000000 13.8
9.500001000 -40.0
9.500003000 65.0
9.500006000 20.0
9.500010000 5.0
9.500014000 14.5
9.500020000 13.5
9.500050000 13.8
9.501600000 13.8
9.501650000 0.5
9.502450000 0.5
9.502500000 13.8
9.502501000 -40.0
9.502503000 65.0
9.502506000 20.0
9.502510000 5.0
9.502514000 14.5
9.502520000 13.5
9.502550000 13.8
9.504100000 13.8
9.504150000 0.5
9.504950000 0.5
9.505000000 13.8
9.505001000 -40.0
9.505003000 65.0
9.505006000 20.0
9.505010000 5.0
9.505014000 14.5
9.505020000 13.5
9.505050000 13.8
9.506600000 13.8
9.506650000 0.5
9.507450000 0.5
9.507500000 13.8
9.507501000 -40.0
9.507503000 65.0
9.507506000 20.0
9.507510000 5.0
9.507514000 14.5
9.507520000 13.5
9.507550000 13.8
9.509100000 13.8
9.509150000 0.5
9.509950000 0.5
9.510000000 13.8
9.510001000 -40.0
9.510003000 65.0
9.510006000 20.0
9.510010000 5.0
9.510014000 14.5
9.510020000 13.5
9.510050000 13.8
9.511600000 13.8
9.511650000 0.5
9.512450000 0.5
9.512500000 13.8
9.512501000 -40.0
9.512503000 65.0
9.512506000 20.0
9.512510000 5.0
9.512514000 14.5
9.512520000 13.5
9.512550000 13.8
9.514100000 13.8
9.514150000 0.5
9.514950000 0.5
9.515000000 13.8
9.515001000 -40.0
9.515003000 65.0
9.515006000 20.0
9.515010000 5.0
9.515014000 14.5
9.515020000 13.5
9.515050000 13.8
9.516600000 13.8
9.516650000 0.5
9.517450000 0.5
9.517500000 13.8
9.517501000 -40.0
9.517503000 65.0
9.517506000 20.0
9.517510000 5.0
9.517514000 14.5
9.517520000 13.5
9.517550000 13.8
9.519100000 13.8
9.519150000 0.5
9.519950000 0.5
9.520000000 13.8
9.520001000 -40.0
9.520003000 65.0
9.520006000 20.0
9.520010000 5.0
9.520014000 14.5
9.520020000 13.5
9.520050000 13.8
9.521600000 13.8
9.521650000 0.5
9.522450000 0.5
9.522500000 13.8
9.522501000 -40.0
9.522503000 65.0
9.522506000 20.0
9.522510000 5.0
9.522514000 14.5
9.522520000 13.5
9.522550000 13.8
9.524100000 13.8
9.524150000 0.5
9.524950000 0.5
9.525000000 13.8
9.525001000 -40.0
9.525003000 65.0
9.525006000 20.0
9.525010000 5.0
9.525014000 14.5
9.525020000 13.5
9.525050000 13.8
9.526600000 13.8
9.526650000 0.5
9.527450000 0.5
9.527500000 13.8
9.527501000 -40.0
9.527503000 65.0
9.527506000 20.0
9.527510000 5.0
9.527514000 14.5
9.527520000 13.5
9.527550000 13.8
9.529100000 13.8
9.529150000 0.5
9.529950000 0.5
9.530000000 13.8
9.530001000 -40.0
9.530003000 65.0
9.530006000 20.0
9.530010000 5.0
9.530014000 14.5
9.530020000 13.5
9.530050000 13.8
9.531600000 13.8
9.531650000 0.5
9.532450000 0.5
9.532500000 13.8
9.532501000 -40.0
9.532503000 65.0
9.532506000 20.0
9.532510000 5.0
9.532514000 14.5
9.532520000 13.5
9.532550000 13.8
9.534100000 13.8
9.534150000 0.5
9.534950000 0.5
9.535000000 13.8
9.535001000 -40.0
9.535003000 65.0
9.535006000 20.0
9.535010000 5.0
9.535014000 14.5
9.535020000 13.5
9.535050000 13.8
9.536600000 13.8
9.536650000 0.5
9.537450000 0.5
9.537500000 13.8
9.537501000 -40.0
9.537503000 65.0
9.537506000 20.0
9.537510000 5.0
9.537514000 14.5
9.537520000 13.5
9.537550000 13.8
9.539100000 13.8
9.539150000 0.5
9.539950000 0.5
9.540000000 13.8
9.540001000 -40.0
9.540003000 65.0
9.540006000 20.0
9.540010000 5.0
9.540014000 14.5
9.540020000 13.5
9.540050000 13.8
9.541600000 13.8
9.541650000 0.5
9.542450000 0.5
9.542500000 13.8
9.542501000 -40.0
9.542503000 65.0
9.542506000 20.0
9.542510000 5.0
9.542514000 14.5
9.542520000 13.5
9.542550000 13.8
9.544100000 13.8
9.544150000 0.5
9.544950000 0.5
9.545000000 13.8
9.545001000 -40.0
9.545003000 65.0
9.545006000 20.0
9.545010000 5.0
9.545014000 14.5
9.545020000 13.5
9.545050000 13.8
9.546600000 13.8
9.546650000 0.5
9.547450000 0.5
9.547500000 13.8
9.547501000 -40.0
9.547503000 65.0
9.547506000 20.0
9.547510000 5.0
9.547514000 14.5
9.547520000 13.5
9.547550000 13.8
9.549100000 13.8
9.549150000 0.5
9.549950000 0.5
9.550000000 13.8
9.550001000 -40.0
9.550003000 65.0
9.550006000 20.0
9.550010000 5.0
9.550014000 14.5
9.550020000 13.5
9.550050000 13.8
9.551600000 13.8
9.551650000 0.5
9.552450000 0.5
9.552500000 13.8
9.552501000 -40.0
9.552503000 65.0
9.552506000 20.0
9.552510000 5.0
9.552514000 14.5
9.552520000 13.5
9.552550000 13.8
9.554100000 13.8
9.554150000 0.5
9.554950000 0.5
9.555000000 13.8
9.555001000 -40.0
9.555003000 65.0
9.555006000 20.0
9.555010000 5.0
9.555014000 14.5
9.555020000 13.5
9.555050000 13.8
9.556600000 13.8
9.556650000 0.5
9.557450000 0.5
9.557500000 13.8
9.557501000 -40.0
9.557503000 65.0
9.557506000 20.0
9.557510000 5.0
9.557514000 14.5
9.557520000 13.5
9.557550000 13.8
9.559100000 13.8
9.559150000 0.5
9.559950000 0.5
9.560000000 13.8
9.560001000 -40.0
9.560003000 65.0
9.560006000 20.0
9.560010000 5.0
9.560014000 14.5
9.560020000 13.5
9.560050000 13.8
9.561600000 13.8
9.561650000 0.5
9.562450000 0.5
9.562500000 13.8
9.562501000 -40.0
9.562503000 65.0
9.562506000 20.0
9.562510000 5.0
9.562514000 14.5
9.562520000 13.5
9.562550000 13.8
9.564100000 13.8
9.564150000 0.5
9.564950000 0.5
9.565000000 13.8
9.565001000 -40.0
9.565003000 65.0
9.565006000 20.0
9.565010000 5.0
9.565014000 14.5
9.565020000 13.5
9.565050000 13.8
9.566600000 13.8
9.566650000 0.5
9.567450000 0.5
9.567500000 13.8
9.567501000 -40.0
9.567503000 65.0
9.567506000 20.0
9.567510000 5.0
9.567514000 14.5
9.567520000 13.5
9.567550000 13.8
9.569100000 13.8
9.569150000 0.5
9.569950000 0.5
9.570000000 13.8
9.570001000 -40.0
9.570003000 65.0
9.570006000 20.0
9.570010000 5.0
9.570014000 14.5
9.570020000 13.5
9.570050000 13.8
9.571600000 13.8
9.571650000 0.5
9.572450000 0.5
9.572500000 13.8
9.572501000 -40.0
9.572503000 65.0
9.572506000 20.0
9.572510000 5.0
9.572514000 14.5
9.572520000 13.5
9.572550000 13.8
9.574100000 13.8
9.574150000 0.5
9.574950000 0.5
9.575000000 13.8
9.575001000 -40.0
9.575003000 65.0
9.575006000 20.0
9.575010000 5.0
9.575014000 14.5
9.575020000 13.5
9.575050000 13.8
9.576600000 13.8
9.576650000 0.5
9.577450000 0.5
9.577500000 13.8
9.577501000 -40.0
9.577503000 65.0
9.577506000 20.0
9.577510000 5.0
9.577514000 14.5
9.577520000 13.5
9.577550000 13.8
9.579100000 13.8
9.579150000 0.5
9.579950000 0.5
9.580000000 13.8
9.580001000 -40.0
9.580003000 65.0
9.580006000 20.0
9.580010000 5.0
9.580014000 14.5
9.580020000 13.5
9.580050000 13.8
9.581600000 13.8
9.581650000 0.5
9.582450000 0.5
9.582500000 13.8
9.582501000 -40.0
9.582503000 65.0
9.582506000 20.0
9.582510000 5.0
9.582514000 14.5
9.582520000 13.5
9.582550000 13.8
9.584100000 13.8
9.584150000 0.5
9.584950000 0.5
9.585000000 13.8
9.585001000 -40.0
9.585003000 65.0
9.585006000 20.0
9.585010000 5.0
9.585014000 14.5
9.585020000 13.5
9.585050000 13.8
9.586600000 13.8
9.586650000 0.5
9.587450000 0.5
9.587500000 13.8
9.587501000 -40.0
9.587503000 65.0
9.587506000 20.0
9.587510000 5.0
9.587514000 14.5
9.587520000 13.5
9.587550000 13.8
9.589100000 13.8
9.589150000 0.5
9.589950000 0.5
9.590000000 13.8
9.590001000 -40.0
9.590003000 65.0
9.590006000 20.0
9.590010000 5.0
9.590014000 14.5
9.590020000 13.5
9.590050000 13.8
9.591600000 13.8
9.591650000 0.5
9.592450000 0.5
9.592500000 13.8
9.592501000 -40.0
9.592503000 65.0
9.592506000 20.0
9.592510000 5.0
9.592514000 14.5
9.592520000 13.5
9.592550000 13.8
9.594100000 13.8
9.594150000 0.5
9.594950000 0.5
9.595000000 13.8
9.595001000 -40.0
9.595003000 65.0
9.595006000 20.0
9.595010000 5.0
9.595014000 14.5
9.595020000 13.5
9.595050000 13.8
9.596600000 13.8
9.596650000 0.5
9.597450000 0.5
9.597500000 13.8
9.597501000 -40.0
9.597503000 65.0
9.597506000 20.0
9.597510000 5.0
9.597514000 14.5
9.597520000 13.5
9.597550000 13.8
9.599100000 13.8
9.599150000 0.5
9.599950000 0.5
9.600000000 13.8
9.600001000 -40.0
9.600003000 65.0
9.600006000 20.0
9.600010000 5.0
9.600014000 14.5
9.600020000 13.5
9.600050000 13.8
9.601600000 13.8
9.601650000 0.5
9.602450000 0.5
9.602500000 13.8
9.602501000 -40.0
9.602503000 65.0
9.602506000 20.0
9.602510000 5.0
9.602514000 14.5
9.602520000 13.5
9.602550000 13.8
9.604100000 13.8
9.604150000 0.5
9.604950000 0.5
9.605000000 13.8
9.605001000 -40.0
9.605003000 65.0
9.605006000 20.0
9.605010000 5.0
9.605014000 14.5
9.605020000 13.5
9.605050000 13.8
9.606600000 13.8
9.606650000 0.5
9.607450000 0.5
9.607500000 13.8
9.607501000 -40.0
9.607503000 65.0
9.607506000 20.0
9.607510000 5.0
9.607514000 14.5
9.607520000 13.5
9.607550000 13.8
9.609100000 13.8
9.609150000 0.5
9.609950000 0.5
9.610000000 13.8
9.610001000 -40.0
9.610003000 65.0
9.610006000 20.0
9.610010000 5.0
9.610014000 14.5
9.610020000 13.5
9.610050000 13.8
9.611600000 13.8
9.611650000 0.5
9.612450000 0.5
9.612500000 13.8
9.612501000 -40.0
9.612503000 65.0
9.612506000 20.0
9.612510000 5.0
9.612514000 14.5
9.612520000 13.5
9.612550000 13.8
9.614100000 13.8
9.614150000 0.5
9.614950000 0.5
9.615000000 13.8
9.615001000 -40.0
9.615003000 65.0
9.615006000 20.0
9.615010000 5.0
9.615014000 14.5
9.615020000 13.5
9.615050000 13.8
9.616600000 13.8
9.616650000 0.5
9.617450000 0.5
9.617500000 13.8
9.617501000 -40.0
9.617503000 65.0
9.617506000 20.0
9.617510000 5.0
9.617514000 14.5
9.617520000 13.5
9.617550000 13.8
9.619100000 13.8
9.619150000 0.5
9.619950000 0.5
9.620000000 13.8
9.620001000 -40.0
9.620003000 65.0
9.620006000 20.0
9.620010000 5.0
9.620014000 14.5
9.620020000 13.5
9.620050000 13.8
9.621600000 13.8
9.621650000 0.5
9.622450000 0.5
9.622500000 13.8
9.622501000 -40.0
9.622503000 65.0
9.622506000 20.0
9.622510000 5.0
9.622514000 14.5
9.622520000 13.5
9.622550000 13.8
9.624100000 13.8
9.624150000 0.5
9.624950000 0.5
9.625000000 13.8
9.625001000 -40.0
9.625003000 65.0
9.625006000 20.0
9.625010000 5.0
9.625014000 14.5
9.625020000 13.5
9.625050000 13.8
9.626600000 13.8
9.626650000 0.5
9.627450000 0.5
9.627500000 13.8
9.627501000 -40.0
9.627503000 65.0
9.627506000 20.0
9.627510000 5.0
9.627514000 14.5
9.627520000 13.5
9.627550000 13.8
9.629100000 13.8
9.629150000 0.5
9.629950000 0.5
9.630000000 13.8
9.630001000 -40.0
9.630003000 65.0
9.630006000 20.0
9.630010000 5.0
9.630014000 14.5
9.630020000 13.5
9.630050000 13.8
9.631600000 13.8
9.631650000 0.5
9.632450000 0.5
9.632500000 13.8
9.632501000 -40.0
9.632503000 65.0
9.632506000 20.0
9.632510000 5.0
9.632514000 14.5
9.632520000 13.5
9.632550000 13.8
9.634100000 13.8
9.634150000 0.5
9.634950000 0.5
9.635000000 13.8
9.635001000 -40.0
9.635003000 65.0
9.635006000 20.0
9.635010000 5.0
9.635014000 14.5
9.635020000 13.5
9.635050000 13.8
9.636600000 13.8
9.636650000 0.5
9.637450000 0.5
9.637500000 13.8
9.637501000 -40.0
9.637503000 65.0
9.637506000 20.0
9.637510000 5.0
9.637514000 14.5
9.637520000 13.5
9.637550000 13.8
9.639100000 13.8
9.639150000 0.5
9.639950000 0.5
9.640000000 13.8
9.640001000 -40.0
9.640003000 65.0
9.640006000 20.0
9.640010000 5.0
9.640014000 14.5
9.640020000 13.5
9.640050000 13.8
9.641600000 13.8
9.641650000 0.5
9.642450000 0.5
9.642500000 13.8
9.642501000 -40.0
9.642503000 65.0
9.642506000 20.0
9.642510000 5.0
9.642514000 14.5
9.642520000 13.5
9.642550000 13.8
9.644100000 13.8
9.644150000 0.5
9.644950000 0.5
9.645000000 13.8
9.645001000 -40.0
9.645003000 65.0
9.645006000 20.0
9.645010000 5.0
9.645014000 14.5
9.645020000 13.5
9.645050000 13.8
9.646600000 13.8
9.646650000 0.5
9.647450000 0.5
9.647500000 13.8
9.647501000 -40.0
9.647503000 65.0
9.647506000 20.0
9.647510000 5.0
9.647514000 14.5
9.647520000 13.5
9.647550000 13.8
9.649100000 13.8
9.649150000 0.5
9.649950000 0.5
9.650000000 13.8
9.650001000 -40.0
9.650003000 65.0
9.650006000 20.0
9.650010000 5.0
9.650014000 14.5
9.650020000 13.5
9.650050000 13.8
9.651600000 13.8
9.651650000 0.5
9.652450000 0.5
9.652500000 13.8
9.652501000 -40.0
9.652503000 65.0
9.652506000 20.0
9.652510000 5.0
9.652514000 14.5
9.652520000 13.5
9.652550000 13.8
9.654100000 13.8
9.654150000 0.5
9.654950000 0.5
9.655000000 13.8
9.655001000 -40.0
9.655003000 65.0
9.655006000 20.0
9.655010000 5.0
9.655014000 14.5
9.655020000 13.5
9.655050000 13.8
9.656600000 13.8
9.656650000 0.5
9.657450000 0.5
9.657500000 13.8
9.657501000 -40.0
9.657503000 65.0
9.657506000 20.0
9.657510000 5.0
9.657514000 14.5
9.657520000 13.5
9.657550000 13.8
9.659100000 13.8
9.659150000 0.5
9.659950000 0.5
9.660000000 13.8
9.660001000 -40.0
9.660003000 65.0
9.660006000 20.0
9.660010000 5.0
9.660014000 14.5
9.660020000 13.5
9.660050000 13.8
9.661600000 13.8
9.661650000 0.5
9.662450000 0.5
9.662500000 13.8
9.662501000 -40.0
9.662503000 65.0
9.662506000 20.0
9.662510000 5.0
9.662514000 14.5
9.662520000 13.5
9.662550000 13.8
9.664100000 13.8
9.664150000 0.5
9.664950000 0.5
9.665000000 13.8
9.665001000 -40.0
9.665003000 65.0
9.665006000 20.0
9.665010000 5.0
9.665014000 14.5
9.665020000 13.5
9.665050000 13.8
9.666600000 13.8
9.666650000 0.5
9.667450000 0.5
9.667500000 13.8
9.667501000 -40.0
9.667503000 65.0
9.667506000 20.0
9.667510000 5.0
9.667514000 14.5
9.667520000 13.5
9.667550000 13.8
9.669100000 13.8
9.669150000 0.5
9.669950000 0.5
9.670000000 13.8
9.670001000 -40.0
9.670003000 65.0
9.670006000 20.0
9.670010000 5.0
9.670014000 14.5
9.670020000 13.5
9.670050000 13.8
9.671600000 13.8
9.671650000 0.5
9.672450000 0.5
9.672500000 13.8
9.672501000 -40.0
9.672503000 65.0
9.672506000 20.0
9.672510000 5.0
9.672514000 14.5
9.672520000 13.5
9.672550000 13.8
9.674100000 13.8
9.674150000 0.5
9.674950000 0.5
9.675000000 13.8
9.675001000 -40.0
9.675003000 65.0
9.675006000 20.0
9.675010000 5.0
9.675014000 14.5
9.675020000 13.5
9.675050000 13.8
9.676600000 13.8
9.676650000 0.5
9.677450000 0.5
9.677500000 13.8
9.677501000 -40.0
9.677503000 65.0
9.677506000 20.0
9.677510000 5.0
9.677514000 14.5
9.677520000 13.5
9.677550000 13.8
9.679100000 13.8
9.679150000 0.5
9.679950000 0.5
9.680000000 13.8
9.680001000 -40.0
9.680003000 65.0
9.680006000 20.0
9.680010000 5.0
9.680014000 14.5
9.680020000 13.5
9.680050000 13.8
9.681600000 13.8
9.681650000 0.5
9.682450000 0.5
9.682500000 13.8
9.682501000 -40.0
9.682503000 65.0
9.682506000 20.0
9.682510000 5.0
9.682514000 14.5
9.682520000 13.5
9.682550000 13.8
9.684100000 13.8
9.684150000 0.5
9.684950000 0.5
9.685000000 13.8
9.685001000 -40.0
9.685003000 65.0
9.685006000 20.0
9.685010000 5.0
9.685014000 14.5
9.685020000 13.5
9.685050000 13.8
9.686600000 13.8
9.686650000 0.5
9.687450000 0.5
9.687500000 13.8
9.687501000 -40.0
9.687503000 65.0
9.687506000 20.0
9.687510000 5.0
9.687514000 14.5
9.687520000 13.5
9.687550000 13.8
9.689100000 13.8
9.689150000 0.5
9.689950000 0.5
9.690000000 13.8
9.690001000 -40.0
9.690003000 65.0
9.690006000 20.0
9.690010000 5.0
9.690014000 14.5
9.690020000 13.5
9.690050000 13.8
9.691600000 13.8
9.691650000 0.5
9.692450000 0.5
9.692500000 13.8
9.692501000 -40.0
9.692503000 65.0
9.692506000 20.0
9.692510000 5.0
9.692514000 14.5
9.692520000 13.5
9.692550000 13.8
9.694100000 13.8
9.694150000 0.5
9.694950000 0.5
9.695000000 13.8
9.695001000 -40.0
9.695003000 65.0
9.695006000 20.0
9.695010000 5.0
9.695014000 14.5
9.695020000 13.5
9.695050000 13.8
9.696600000 13.8
9.696650000 0.5
9.697450000 0.5
9.697500000 13.8
9.697501000 -40.0
9.697503000 65.0
9.697506000 20.0
9.697510000 5.0
9.697514000 14.5
9.697520000 13.5
9.697550000 13.8
9.699100000 13.8
9.699150000 0.5
9.699950000 0.5
9.700000000 13.8
9.700001000 -40.0
9.700003000 65.0
9.700006000 20.0
9.700010000 5.0
9.700014000 14.5
9.700020000 13.5
9.700050000 13.8
9.701600000 13.8
9.701650000 0.5
9.702450000 0.5
9.702500000 13.8
9.702501000 -40.0
9.702503000 65.0
9.702506000 20.0
9.702510000 5.0
9.702514000 14.5
9.702520000 13.5
9.702550000 13.8
9.704100000 13.8
9.704150000 0.5
9.704950000 0.5
9.705000000 13.8
9.705001000 -40.0
9.705003000 65.0
9.705006000 20.0
9.705010000 5.0
9.705014000 14.5
9.705020000 13.5
9.705050000 13.8
9.706600000 13.8
9.706650000 0.5
9.707450000 0.5
9.707500000 13.8
9.707501000 -40.0
9.707503000 65.0
9.707506000 20.0
9.707510000 5.0
9.707514000 14.5
9.707520000 13.5
9.707550000 13.8
9.709100000 13.8
9.709150000 0.5
9.709950000 0.5
9.710000000 13.8
9.710001000 -40.0
9.710003000 65.0
9.710006000 20.0
9.710010000 5.0
9.710014000 14.5
9.710020000 13.5
9.710050000 13.8
9.711600000 13.8
9.711650000 0.5
9.712450000 0.5
9.712500000 13.8
9.712501000 -40.0
9.712503000 65.0
9.712506000 20.0
9.712510000 5.0
9.712514000 14.5
9.712520000 13.5
9.712550000 13.8
9.714100000 13.8
9.714150000 0.5
9.714950000 0.5
9.715000000 13.8
9.715001000 -40.0
9.715003000 65.0
9.715006000 20.0
9.715010000 5.0
9.715014000 14.5
9.715020000 13.5
9.715050000 13.8
9.716600000 13.8
9.716650000 0.5
9.717450000 0.5
9.717500000 13.8
9.717501000 -40.0
9.717503000 65.0
9.717506000 20.0
9.717510000 5.0
9.717514000 14.5
9.717520000 13.5
9.717550000 13.8
9.719100000 13.8
9.719150000 0.5
9.719950000 0.5
9.720000000 13.8
9.720001000 -40.0
9.720003000 65.0
9.720006000 20.0
9.720010000 5.0
9.720014000 14.5
9.720020000 13.5
9.720050000 13.8
9.721600000 13.8
9.721650000 0.5
9.722450000 0.5
9.722500000 13.8
9.722501000 -40.0
9.722503000 65.0
9.722506000 20.0
9.722510000 5.0
9.722514000 14.5
9.722520000 13.5
9.722550000 13.8
9.724100000 13.8
9.724150000 0.5
9.724950000 0.5
9.725000000 13.8
9.725001000 -40.0
9.725003000 65.0
9.725006000 20.0
9.725010000 5.0
9.725014000 14.5
9.725020000 13.5
9.725050000 13.8
9.726600000 13.8
9.726650000 0.5
9.727450000 0.5
9.727500000 13.8
9.727501000 -40.0
9.727503000 65.0
9.727506000 20.0
9.727510000 5.0
9.727514000 14.5
9.727520000 13.5
9.727550000 13.8
9.729100000 13.8
9.729150000 0.5
9.729950000 0.5
9.730000000 13.8
9.730001000 -40.0
9.730003000 65.0
9.730006000 20.0
9.730010000 5.0
9.730014000 14.5
9.730020000 13.5
9.730050000 13.8
9.731600000 13.8
9.731650000 0.5
9.732450000 0.5
9.732500000 13.8
9.732501000 -40.0
9.732503000 65.0
9.732506000 20.0
9.732510000 5.0
9.732514000 14.5
9.732520000 13.5
9.732550000 13.8
9.734100000 13.8
9.734150000 0.5
9.734950000 0.5
9.735000000 13.8
9.735001000 -40.0
9.735003000 65.0
9.735006000 20.0
9.735010000 5.0
9.735014000 14.5
9.735020000 13.5
9.735050000 13.8
9.736600000 13.8
9.736650000 0.5
9.737450000 0.5
9.737500000 13.8
9.737501000 -40.0
9.737503000 65.0
9.737506000 20.0
9.737510000 5.0
9.737514000 14.5
9.737520000 13.5
9.737550000 13.8
9.739100000 13.8
9.739150000 0.5
9.739950000 0.5
9.740000000 13.8
9.740001000 -40.0
9.740003000 65.0
9.740006000 20.0
9.740010000 5.0
9.740014000 14.5
9.740020000 13.5
9.740050000 13.8
9.741600000 13.8
9.741650000 0.5
9.742450000 0.5
9.742500000 13.8
9.742501000 -40.0
9.742503000 65.0
9.742506000 20.0
9.742510000 5.0
9.742514000 14.5
9.742520000 13.5
9.742550000 13.8
9.744100000 13.8
9.744150000 0.5
9.744950000 0.5
9.745000000 13.8
9.745001000 -40.0
9.745003000 65.0
9.745006000 20.0
9.745010000 5.0
9.745014000 14.5
9.745020000 13.5
9.745050000 13.8
9.746600000 13.8
9.746650000 0.5
9.747450000 0.5
9.747500000 13.8
9.747501000 -40.0
9.747503000 65.0
9.747506000 20.0
9.747510000 5.0
9.747514000 14.5
9.747520000 13.5
9.747550000 13.8
9.749100000 13.8
9.749150000 0.5
9.749950000 0.5
9.750000000 13.8
9.750001000 -40.0
9.750003000 65.0
9.750006000 20.0
9.750010000 5.0
9.750014000 14.5
9.750020000 13.5
9.750050000 13.8
9.751600000 13.8
9.751650000 0.5
9.752450000 0.5
9.752500000 13.8
9.752501000 -40.0
9.752503000 65.0
9.752506000 20.0
9.752510000 5.0
9.752514000 14.5
9.752520000 13.5
9.752550000 13.8
9.754100000 13.8
9.754150000 0.5
9.754950000 0.5
9.755000000 13.8
9.755001000 -40.0
9.755003000 65.0
9.755006000 20.0
9.755010000 5.0
9.755014000 14.5
9.755020000 13.5
9.755050000 13.8
9.756600000 13.8
9.756650000 0.5
9.757450000 0.5
9.757500000 13.8
9.757501000 -40.0
9.757503000 65.0
9.757506000 20.0
9.757510000 5.0
9.757514000 14.5
9.757520000 13.5
9.757550000 13.8
9.759100000 13.8
9.759150000 0.5
9.759950000 0.5
9.760000000 13.8
9.760001000 -40.0
9.760003000 65.0
9.760006000 20.0
9.760010000 5.0
9.760014000 14.5
9.760020000 13.5
9.760050000 13.8
9.761600000 13.8
9.761650000 0.5
9.762450000 0.5
9.762500000 13.8
9.762501000 -40.0
9.762503000 65.0
9.762506000 20.0
9.762510000 5.0
9.762514000 14.5
9.762520000 13.5
9.762550000 13.8
9.764100000 13.8
9.764150000 0.5
9.764950000 0.5
9.765000000 13.8
9.765001000 -40.0
9.765003000 65.0
9.765006000 20.0
9.765010000 5.0
9.765014000 14.5
9.765020000 13.5
9.765050000 13.8
9.766600000 13.8
9.766650000 0.5
9.767450000 0.5
9.767500000 13.8
9.767501000 -40.0
9.767503000 65.0
9.767506000 20.0
9.767510000 5.0
9.767514000 14.5
9.767520000 13.5
9.767550000 13.8
9.769100000 13.8
9.769150000 0.5
9.769950000 0.5
9.770000000 13.8
9.770001000 -40.0
9.770003000 65.0
9.770006000 20.0
9.770010000 5.0
9.770014000 14.5
9.770020000 13.5
9.770050000 13.8
9.771600000 13.8
9.771650000 0.5
9.772450000 0.5
9.772500000 13.8
9.772501000 -40.0
9.772503000 65.0
9.772506000 20.0
9.772510000 5.0
9.772514000 14.5
9.772520000 13.5
9.772550000 13.8
9.774100000 13.8
9.774150000 0.5
9.774950000 0.5
9.775000000 13.8
9.775001000 -40.0
9.775003000 65.0
9.775006000 20.0
9.775010000 5.0
9.775014000 14.5
9.775020000 13.5
9.775050000 13.8
9.776600000 13.8
9.776650000 0.5
9.777450000 0.5
9.777500000 13.8
9.777501000 -40.0
9.777503000 65.0
9.777506000 20.0
9.777510000 5.0
9.777514000 14.5
9.777520000 13.5
9.777550000 13.8
9.779100000 13.8
9.779150000 0.5
9.779950000 0.5
9.780000000 13.8
9.780001000 -40.0
9.780003000 65.0
9.780006000 20.0
9.780010000 5.0
9.780014000 14.5
9.780020000 13.5
9.780050000 13.8
9.781600000 13.8
9.781650000 0.5
9.782450000 0.5
9.782500000 13.8
9.782501000 -40.0
9.782503000 65.0
9.782506000 20.0
9.782510000 5.0
9.782514000 14.5
9.782520000 13.5
9.782550000 13.8
9.784100000 13.8
9.784150000 0.5
9.784950000 0.5
9.785000000 13.8
9.785001000 -40.0
9.785003000 65.0
9.785006000 20.0
9.785010000 5.0
9.785014000 14.5
9.785020000 13.5
9.785050000 13.8
9.786600000 13.8
9.786650000 0.5
9.787450000 0.5
9.787500000 13.8
9.787501000 -40.0
9.787503000 65.0
9.787506000 20.0
9.787510000 5.0
9.787514000 14.5
9.787520000 13.5
9.787550000 13.8
9.789100000 13.8
9.789150000 0.5
9.789950000 0.5
9.790000000 13.8
9.790001000 -40.0
9.790003000 65.0
9.790006000 20.0
9.790010000 5.0
9.790014000 14.5
9.790020000 13.5
9.790050000 13.8
9.791600000 13.8
9.791650000 0.5
9.792450000 0.5
9.792500000 13.8
9.792501000 -40.0
9.792503000 65.0
9.792506000 20.0
9.792510000 5.0
9.792514000 14.5
9.792520000 13.5
9.792550000 13.8
9.794100000 13.8
9.794150000 0.5
9.794950000 0.5
9.795000000 13.8
9.795001000 -40.0
9.795003000 65.0
9.795006000 20.0
9.795010000 5.0
9.795014000 14.5
9.795020000 13.5
9.795050000 13.8
9.796600000 13.8
9.796650000 0.5
9.797450000 0.5
9.797500000 13.8
9.797501000 -40.0
9.797503000 65.0
9.797506000 20.0
9.797510000 5.0
9.797514000 14.5
9.797520000 13.5
9.797550000 13.8
9.799100000 13.8
9.799150000 0.5
9.799950000 0.5
9.800000000 13.8
9.800001000 -40.0
9.800003000 65.0
9.800006000 20.0
9.800010000 5.0
9.800014000 14.5
9.800020000 13.5
9.800050000 13.8
9.801600000 13.8
9.801650000 0.5
9.802450000 0.5
9.802500000 13.8
9.802501000 -40.0
9.802503000 65.0
9.802506000 20.0
9.802510000 5.0
9.802514000 14.5
9.802520000 13.5
9.802550000 13.8
9.804100000 13.8
9.804150000 0.5
9.804950000 0.5
9.805000000 13.8
9.805001000 -40.0
9.805003000 65.0
9.805006000 20.0
9.805010000 5.0
9.805014000 14.5
9.805020000 13.5
9.805050000 13.8
9.806600000 13.8
9.806650000 0.5
9.807450000 0.5
9.807500000 13.8
9.807501000 -40.0
9.807503000 65.0
9.807506000 20.0
9.807510000 5.0
9.807514000 14.5
9.807520000 13.5
9.807550000 13.8
9.809100000 13.8
9.809150000 0.5
9.809950000 0.5
9.810000000 13.8
9.810001000 -40.0
9.810003000 65.0
9.810006000 20.0
9.810010000 5.0
9.810014000 14.5
9.810020000 13.5
9.810050000 13.8
9.811600000 13.8
9.811650000 0.5
9.812450000 0.5
9.812500000 13.8
9.812501000 -40.0
9.812503000 65.0
9.812506000 20.0
9.812510000 5.0
9.812514000 14.5
9.812520000 13.5
9.812550000 13.8
9.814100000 13.8
9.814150000 0.5
9.814950000 0.5
9.815000000 13.8
9.815001000 -40.0
9.815003000 65.0
9.815006000 20.0
9.815010000 5.0
9.815014000 14.5
9.815020000 13.5
9.815050000 13.8
9.816600000 13.8
9.816650000 0.5
9.817450000 0.5
9.817500000 13.8
9.817501000 -40.0
9.817503000 65.0
9.817506000 20.0
9.817510000 5.0
9.817514000 14.5
9.817520000 13.5
9.817550000 13.8
9.819100000 13.8
9.819150000 0.5
9.819950000 0.5
9.820000000 13.8
9.820001000 -40.0
9.820003000 65.0
9.820006000 20.0
9.820010000 5.0
9.820014000 14.5
9.820020000 13.5
9.820050000 13.8
9.821600000 13.8
9.821650000 0.5
9.822450000 0.5
9.822500000 13.8
9.822501000 -40.0
9.822503000 65.0
9.822506000 20.0
9.822510000 5.0
9.822514000 14.5
9.822520000 13.5
9.822550000 13.8
9.824100000 13.8
9.824150000 0.5
9.824950000 0.5
9.825000000 13.8
9.825001000 -40.0
9.825003000 65.0
9.825006000 20.0
9.825010000 5.0
9.825014000 14.5
9.825020000 13.5
9.825050000 13.8
9.826600000 13.8
9.826650000 0.5
9.827450000 0.5
9.827500000 13.8
9.827501000 -40.0
9.827503000 65.0
9.827506000 20.0
9.827510000 5.0
9.827514000 14.5
9.827520000 13.5
9.827550000 13.8
9.829100000 13.8
9.829150000 0.5
9.829950000 0.5
9.830000000 13.8
9.830001000 -40.0
9.830003000 65.0
9.830006000 20.0
9.830010000 5.0
9.830014000 14.5
9.830020000 13.5
9.830050000 13.8
9.831600000 13.8
9.831650000 0.5
9.832450000 0.5
9.832500000 13.8
9.832501000 -40.0
9.832503000 65.0
9.832506000 20.0
9.832510000 5.0
9.832514000 14.5
9.832520000 13.5
9.832550000 13.8
9.834100000 13.8
9.834150000 0.5
9.834950000 0.5
9.835000000 13.8
9.835001000 -40.0
9.835003000 65.0
9.835006000 20.0
9.835010000 5.0
9.835014000 14.5
9.835020000 13.5
9.835050000 13.8
9.836600000 13.8
9.836650000 0.5
9.837450000 0.5
9.837500000 13.8
9.837501000 -40.0
9.837503000 65.0
9.837506000 20.0
9.837510000 5.0
9.837514000 14.5
9.837520000 13.5
9.837550000 13.8
9.839100000 13.8
9.839150000 0.5
9.839950000 0.5
9.840000000 13.8
9.840001000 -40.0
9.840003000 65.0
9.840006000 20.0
9.840010000 5.0
9.840014000 14.5
9.840020000 13.5
9.840050000 13.8
9.841600000 13.8
9.841650000 0.5
9.842450000 0.5
9.842500000 13.8
9.842501000 -40.0
9.842503000 65.0
9.842506000 20.0
9.842510000 5.0
9.842514000 14.5
9.842520000 13.5
9.842550000 13.8
9.844100000 13.8
9.844150000 0.5
9.844950000 0.5
9.845000000 13.8
9.845001000 -40.0
9.845003000 65.0
9.845006000 20.0
9.845010000 5.0
9.845014000 14.5
9.845020000 13.5
9.845050000 13.8
9.846600000 13.8
9.846650000 0.5
9.847450000 0.5
9.847500000 13.8
9.847501000 -40.0
9.847503000 65.0
9.847506000 20.0
9.847510000 5.0
9.847514000 14.5
9.847520000 13.5
9.847550000 13.8
9.849100000 13.8
9.849150000 0.5
9.849950000 0.5
9.850000000 13.8
9.850001000 -40.0
9.850003000 65.0
9.850006000 20.0
9.850010000 5.0
9.850014000 14.5
9.850020000 13.5
9.850050000 13.8
9.851600000 13.8
9.851650000 0.5
9.852450000 0.5
9.852500000 13.8
9.852501000 -40.0
9.852503000 65.0
9.852506000 20.0
9.852510000 5.0
9.852514000 14.5
9.852520000 13.5
9.852550000 13.8
9.854100000 13.8
9.854150000 0.5
9.854950000 0.5
9.855000000 13.8
9.855001000 -40.0
9.855003000 65.0
9.855006000 20.0
9.855010000 5.0
9.855014000 14.5
9.855020000 13.5
9.855050000 13.8
9.856600000 13.8
9.856650000 0.5
9.857450000 0.5
9.857500000 13.8
9.857501000 -40.0
9.857503000 65.0
9.857506000 20.0
9.857510000 5.0
9.857514000 14.5
9.857520000 13.5
9.857550000 13.8
9.859100000 13.8
9.859150000 0.5
9.859950000 0.5
9.860000000 13.8
9.860001000 -40.0
9.860003000 65.0
9.860006000 20.0
9.860010000 5.0
9.860014000 14.5
9.860020000 13.5
9.860050000 13.8
9.861600000 13.8
9.861650000 0.5
9.862450000 0.5
9.862500000 13.8
9.862501000 -40.0
9.862503000 65.0
9.862506000 20.0
9.862510000 5.0
9.862514000 14.5
9.862520000 13.5
9.862550000 13.8
9.864100000 13.8
9.864150000 0.5
9.864950000 0.5
9.865000000 13.8
9.865001000 -40.0
9.865003000 65.0
9.865006000 20.0
9.865010000 5.0
9.865014000 14.5
9.865020000 13.5
9.865050000 13.8
9.866600000 13.8
9.866650000 0.5
9.867450000 0.5
9.867500000 13.8
9.867501000 -40.0
9.867503000 65.0
9.867506000 20.0
9.867510000 5.0
9.867514000 14.5
9.867520000 13.5
9.867550000 13.8
9.869100000 13.8
9.869150000 0.5
9.869950000 0.5
9.870000000 13.8
9.870001000 -40.0
9.870003000 65.0
9.870006000 20.0
9.870010000 5.0
9.870014000 14.5
9.870020000 13.5
9.870050000 13.8
9.871600000 13.8
9.871650000 0.5
9.872450000 0.5
9.872500000 13.8
9.872501000 -40.0
9.872503000 65.0
9.872506000 20.0
9.872510000 5.0
9.872514000 14.5
9.872520000 13.5
9.872550000 13.8
9.874100000 13.8
9.874150000 0.5
9.874950000 0.5
9.875000000 13.8
9.875001000 -40.0
9.875003000 65.0
9.875006000 20.0
9.875010000 5.0
9.875014000 14.5
9.875020000 13.5
9.875050000 13.8
9.876600000 13.8
9.876650000 0.5
9.877450000 0.5
9.877500000 13.8
9.877501000 -40.0
9.877503000 65.0
9.877506000 20.0
9.877510000 5.0
9.877514000 14.5
9.877520000 13.5
9.877550000 13.8
9.879100000 13.8
9.879150000 0.5
9.879950000 0.5
9.880000000 13.8
9.880001000 -40.0
9.880003000 65.0
9.880006000 20.0
9.880010000 5.0
9.880014000 14.5
9.880020000 13.5
9.880050000 13.8
9.881600000 13.8
9.881650000 0.5
9.882450000 0.5
9.882500000 13.8
9.882501000 -40.0
9.882503000 65.0
9.882506000 20.0
9.882510000 5.0
9.882514000 14.5
9.882520000 13.5
9.882550000 13.8
9.884100000 13.8
9.884150000 0.5
9.884950000 0.5
9.885000000 13.8
9.885001000 -40.0
9.885003000 65.0
9.885006000 20.0
9.885010000 5.0
9.885014000 14.5
9.885020000 13.5
9.885050000 13.8
9.886600000 13.8
9.886650000 0.5
9.887450000 0.5
9.887500000 13.8
9.887501000 -40.0
9.887503000 65.0
9.887506000 20.0
9.887510000 5.0
9.887514000 14.5
9.887520000 13.5
9.887550000 13.8
9.889100000 13.8
9.889150000 0.5
9.889950000 0.5
9.890000000 13.8
9.890001000 -40.0
9.890003000 65.0
9.890006000 20.0
9.890010000 5.0
9.890014000 14.5
9.890020000 13.5
9.890050000 13.8
9.891600000 13.8
9.891650000 0.5
9.892450000 0.5
9.892500000 13.8
9.892501000 -40.0
9.892503000 65.0
9.892506000 20.0
9.892510000 5.0
9.892514000 14.5
9.892520000 13.5
9.892550000 13.8
9.894100000 13.8
9.894150000 0.5
9.894950000 0.5
9.895000000 13.8
9.895001000 -40.0
9.895003000 65.0
9.895006000 20.0
9.895010000 5.0
9.895014000 14.5
9.895020000 13.5
9.895050000 13.8
9.896600000 13.8
9.896650000 0.5
9.897450000 0.5
9.897500000 13.8
9.897501000 -40.0
9.897503000 65.0
9.897506000 20.0
9.897510000 5.0
9.897514000 14.5
9.897520000 13.5
9.897550000 13.8
9.899100000 13.8
9.899150000 0.5
9.899950000 0.5
9.900000000 13.8
9.900001000 -40.0
9.900003000 65.0
9.900006000 20.0
9.900010000 5.0
9.900014000 14.5
9.900020000 13.5
9.900050000 13.8
9.901600000 13.8
9.901650000 0.5
9.902450000 0.5
9.902500000 13.8
9.902501000 -40.0
9.902503000 65.0
9.902506000 20.0
9.902510000 5.0
9.902514000 14.5
9.902520000 13.5
9.902550000 13.8
9.904100000 13.8
9.904150000 0.5
9.904950000 0.5
9.905000000 13.8
9.905001000 -40.0
9.905003000 65.0
9.905006000 20.0
9.905010000 5.0
9.905014000 14.5
9.905020000 13.5
9.905050000 13.8
9.906600000 13.8
9.906650000 0.5
9.907450000 0.5
9.907500000 13.8
9.907501000 -40.0
9.907503000 65.0
9.907506000 20.0
9.907510000 5.0
9.907514000 14.5
9.907520000 13.5
9.907550000 13.8
9.909100000 13.8
9.909150000 0.5
9.909950000 0.5
9.910000000 13.8
9.910001000 -40.0
9.910003000 65.0
9.910006000 20.0
9.910010000 5.0
9.910014000 14.5
9.910020000 13.5
9.910050000 13.8
9.911600000 13.8
9.911650000 0.5
9.912450000 0.5
9.912500000 13.8
9.912501000 -40.0
9.912503000 65.0
9.912506000 20.0
9.912510000 5.0
9.912514000 14.5
9.912520000 13.5
9.912550000 13.8
9.914100000 13.8
9.914150000 0.5
9.914950000 0.5
9.915000000 13.8
9.915001000 -40.0
9.915003000 65.0
9.915006000 20.0
9.915010000 5.0
9.915014000 14.5
9.915020000 13.5
9.915050000 13.8
9.916600000 13.8
9.916650000 0.5
9.917450000 0.5
9.917500000 13.8
9.917501000 -40.0
9.917503000 65.0
9.917506000 20.0
9.917510000 5.0
9.917514000 14.5
9.917520000 13.5
9.917550000 13.8
9.919100000 13.8
9.919150000 0.5
9.919950000 0.5
9.920000000 13.8
9.920001000 -40.0
9.920003000 65.0
9.920006000 20.0
9.920010000 5.0
9.920014000 14.5
9.920020000 13.5
9.920050000 13.8
9.921600000 13.8
9.921650000 0.5
9.922450000 0.5
9.922500000 13.8
9.922501000 -40.0
9.922503000 65.0
9.922506000 20.0
9.922510000 5.0
9.922514000 14.5
9.922520000 13.5
9.922550000 13.8
9.924100000 13.8
9.924150000 0.5
9.924950000 0.5
9.925000000 13.8
9.925001000 -40.0
9.925003000 65.0
9.925006000 20.0
9.925010000 5.0
9.925014000 14.5
9.925020000 13.5
9.925050000 13.8
9.926600000 13.8
9.926650000 0.5
9.927450000 0.5
9.927500000 13.8
9.927501000 -40.0
9.927503000 65.0
9.927506000 20.0
9.927510000 5.0
9.927514000 14.5
9.927520000 13.5
9.927550000 13.8
9.929100000 13.8
9.929150000 0.5
9.929950000 0.5
9.930000000 13.8
9.930001000 -40.0
9.930003000 65.0
9.930006000 20.0
9.930010000 5.0
9.930014000 14.5
9.930020000 13.5
9.930050000 13.8
9.931600000 13.8
9.931650000 0.5
9.932450000 0.5
9.932500000 13.8
9.932501000 -40.0
9.932503000 65.0
9.932506000 20.0
9.932510000 5.0
9.932514000 14.5
9.932520000 13.5
9.932550000 13.8
9.934100000 13.8
9.934150000 0.5
9.934950000 0.5
9.935000000 13.8
9.935001000 -40.0
9.935003000 65.0
9.935006000 20.0
9.935010000 5.0
9.935014000 14.5
9.935020000 13.5
9.935050000 13.8
9.936600000 13.8
9.936650000 0.5
9.937450000 0.5
9.937500000 13.8
9.937501000 -40.0
9.937503000 65.0
9.937506000 20.0
9.937510000 5.0
9.937514000 14.5
9.937520000 13.5
9.937550000 13.8
9.939100000 13.8
9.939150000 0.5
9.939950000 0.5
9.940000000 13.8
9.940001000 -40.0
9.940003000 65.0
9.940006000 20.0
9.940010000 5.0
9.940014000 14.5
9.940020000 13.5
9.940050000 13.8
9.941600000 13.8
9.941650000 0.5
9.942450000 0.5
9.942500000 13.8
9.942501000 -40.0
9.942503000 65.0
9.942506000 20.0
9.942510000 5.0
9.942514000 14.5
9.942520000 13.5
9.942550000 13.8
9.944100000 13.8
9.944150000 0.5
9.944950000 0.5
9.945000000 13.8
9.945001000 -40.0
9.945003000 65.0
9.945006000 20.0
9.945010000 5.0
9.945014000 14.5
9.945020000 13.5
9.945050000 13.8
9.946600000 13.8
9.946650000 0.5
9.947450000 0.5
9.947500000 13.8
9.947501000 -40.0
9.947503000 65.0
9.947506000 20.0
9.947510000 5.0
9.947514000 14.5
9.947520000 13.5
9.947550000 13.8
9.949100000 13.8
9.949150000 0.5
9.949950000 0.5
9.950000000 13.8
9.950001000 -40.0
9.950003000 65.0
9.950006000 20.0
9.950010000 5.0
9.950014000 14.5
9.950020000 13.5
9.950050000 13.8
9.951600000 13.8
9.951650000 0.5
9.952450000 0.5
9.952500000 13.8
9.952501000 -40.0
9.952503000 65.0
9.952506000 20.0
9.952510000 5.0
9.952514000 14.5
9.952520000 13.5
9.952550000 13.8
9.954100000 13.8
9.954150000 0.5
9.954950000 0.5
9.955000000 13.8
9.955001000 -40.0
9.955003000 65.0
9.955006000 20.0
9.955010000 5.0
9.955014000 14.5
9.955020000 13.5
9.955050000 13.8
9.956600000 13.8
9.956650000 0.5
9.957450000 0.5
9.957500000 13.8
9.957501000 -40.0
9.957503000 65.0
9.957506000 20.0
9.957510000 5.0
9.957514000 14.5
9.957520000 13.5
9.957550000 13.8
9.959100000 13.8
9.959150000 0.5
9.959950000 0.5
9.960000000 13.8
9.960001000 -40.0
9.960003000 65.0
9.960006000 20.0
9.960010000 5.0
9.960014000 14.5
9.960020000 13.5
9.960050000 13.8
9.961600000 13.8
9.961650000 0.5
9.962450000 0.5
9.962500000 13.8
9.962501000 -40.0
9.962503000 65.0
9.962506000 20.0
9.962510000 5.0
9.962514000 14.5
9.962520000 13.5
9.962550000 13.8
9.964100000 13.8
9.964150000 0.5
9.964950000 0.5
9.965000000 13.8
9.965001000 -40.0
9.965003000 65.0
9.965006000 20.0
9.965010000 5.0
9.965014000 14.5
9.965020000 13.5
9.965050000 13.8
9.966600000 13.8
9.966650000 0.5
9.967450000 0.5
9.967500000 13.8
9.967501000 -40.0
9.967503000 65.0
9.967506000 20.0
9.967510000 5.0
9.967514000 14.5
9.967520000 13.5
9.967550000 13.8
9.969100000 13.8
9.969150000 0.5
9.969950000 0.5
9.970000000 13.8
9.970001000 -40.0
9.970003000 65.0
9.970006000 20.0
9.970010000 5.0
9.970014000 14.5
9.970020000 13.5
9.970050000 13.8
9.971600000 13.8
9.971650000 0.5
9.972450000 0.5
9.972500000 13.8
9.972501000 -40.0
9.972503000 65.0
9.972506000 20.0
9.972510000 5.0
9.972514000 14.5
9.972520000 13.5
9.972550000 13.8
9.974100000 13.8
9.974150000 0.5
9.974950000 0.5
9.975000000 13.8
9.975001000 -40.0
9.975003000 65.0
9.975006000 20.0
9.975010000 5.0
9.975014000 14.5
9.975020000 13.5
9.975050000 13.8
9.976600000 13.8
9.976650000 0.5
9.977450000 0.5
9.977500000 13.8
9.977501000 -40.0
9.977503000 65.0
9.977506000 20.0
9.977510000 5.0
9.977514000 14.5
9.977520000 13.5
9.977550000 13.8
9.979100000 13.8
9.979150000 0.5
9.979950000 0.5
9.980000000 13.8
9.980001000 -40.0
9.980003000 65.0
9.980006000 20.0
9.980010000 5.0
9.980014000 14.5
9.980020000 13.5
9.980050000 13.8
9.981600000 13.8
9.981650000 0.5
9.982450000 0.5
9.982500000 13.8
9.982501000 -40.0
9.982503000 65.0
9.982506000 20.0
9.982510000 5.0
9.982514000 14.5
9.982520000 13.5
9.982550000 13.8
9.984100000 13.8
9.984150000 0.5
9.984950000 0.5
9.985000000 13.8
9.985001000 -40.0
9.985003000 65.0
9.985006000 20.0
9.985010000 5.0
9.985014000 14.5
9.985020000 13.5
9.985050000 13.8
9.986600000 13.8
9.986650000 0.5
9.987450000 0.5
9.987500000 13.8
9.987501000 -40.0
9.987503000 65.0
9.987506000 20.0
9.987510000 5.0
9.987514000 14.5
9.987520000 13.5
9.987550000 13.8
9.989100000 13.8
9.989150000 0.5
9.989950000 0.5
9.990000000 13.8
9.990001000 -40.0
9.990003000 65.0
9.990006000 20.0
9.990010000 5.0
9.990014000 14.5
9.990020000 13.5
9.990050000 13.8
9.991600000 13.8
9.991650000 0.5
9.992450000 0.5
9.992500000 13.8
9.992501000 -40.0
9.992503000 65.0
9.992506000 20.0
9.992510000 5.0
9.992514000 14.5
9.992520000 13.5
9.992550000 13.8
9.994100000 13.8
9.994150000 0.5
9.994950000 0.5
9.995000000 13.8
9.995001000 -40.0
9.995003000 65.0
9.995006000 20.0
9.995010000 5.0
9.995014000 14.5
9.995020000 13.5
9.995050000 13.8
9.996600000 13.8
9.996650000 0.5
9.997450000 0.5
9.997500000 13.8
9.997501000 -40.0
9.997503000 65.0
9.997506000 20.0
9.997510000 5.0
9.997514000 14.5
9.997520000 13.5
9.997550000 13.8
9.999100000 13.8
9.999150000 0.5
9.999950000 0.5
10.000000000 13.8
