0.000000000 13.8
0.000001000 -40.0
0.000003000 65.0
0.000006000 20.0
0.000010000 5.0
0.000014000 14.5
0.000020000 13.5
0.000030000 13.9
0.000050000 13.8
0.004850000 14.1
0.009550000 13.5
0.009600000 13.8
0.009650000 0.5
0.012000000 0.6
0.014950000 0.5
0.015000000 13.8
0.015001000 -40.0
0.015003000 65.0
0.015006000 20.0
0.015010000 5.0
0.015014000 14.5
0.015020000 13.5
0.015030000 13.9
0.015050000 13.8
0.019850000 14.1
0.024550000 13.5
0.024600000 13.8
0.024650000 0.5
0.027000000 0.6
0.029950000 0.5
0.030000000 13.8
0.030001000 -40.0
0.030003000 65.0
0.030006000 20.0
0.030010000 5.0
0.030014000 14.5
0.030020000 13.5
0.030030000 13.9
0.030050000 13.8
0.034850000 14.1
0.039550000 13.5
0.039600000 13.8
0.039650000 0.5
0.042000000 0.6
0.044950000 0.5
0.045000000 13.8
0.045001000 -40.0
0.045003000 65.0
0.045006000 20.0
0.045010000 5.0
0.045014000 14.5
0.045020000 13.5
0.045030000 13.9
0.045050000 13.8
0.049850000 14.1
0.054550000 13.5
0.054600000 13.8
0.054650000 0.5
0.057000000 0.6
0.059950000 0.5
0.060000000 13.8
0.060001000 -40.0
0.060003000 65.0
0.060006000 20.0
0.060010000 5.0
0.060014000 14.5
0.060020000 13.5
0.060030000 13.9
0.060050000 13.8
0.064850000 14.1
0.069550000 13.5
0.069600000 13.8
0.069650000 0.5
0.072000000 0.6
0.074950000 0.5
0.075000000 13.8
0.075001000 -40.0
0.075003000 65.0
0.075006000 20.0
0.075010000 5.0
0.075014000 14.5
0.075020000 13.5
0.075030000 13.9
0.075050000 13.8
0.079850000 14.1
0.084550000 13.5
0.084600000 13.8
0.084650000 0.5
0.087000000 0.6
0.089950000 0.5
0.090000000 13.8
0.090001000 -40.0
0.090003000 65.0
0.090006000 20.0
0.090010000 5.0
0.090014000 14.5
0.090020000 13.5
0.090030000 13.9
0.090050000 13.8
0.094850000 14.1
0.099550000 13.5
0.099600000 13.8
0.099650000 0.5
0.102000000 0.6
0.104950000 0.5
0.105000000 13.8
0.105001000 -40.0
0.105003000 65.0
0.105006000 20.0
0.105010000 5.0
0.105014000 14.5
0.105020000 13.5
0.105030000 13.9
0.105050000 13.8
0.109850000 14.1
0.114550000 13.5
0.114600000 13.8
0.114650000 0.5
0.117000000 0.6
0.119950000 0.5
0.120000000 13.8
0.120001000 -40.0
0.120003000 65.0
0.120006000 20.0
0.120010000 5.0
0.120014000 14.5
0.120020000 13.5
0.120030000 13.9
0.120050000 13.8
0.124850000 14.1
0.129550000 13.5
0.129600000 13.8
0.129650000 0.5
0.132000000 0.6
0.134950000 0.5
0.135000000 13.8
0.135001000 -40.0
0.135003000 65.0
0.135006000 20.0
0.135010000 5.0
0.135014000 14.5
0.135020000 13.5
0.135030000 13.9
0.135050000 13.8
0.139850000 14.1
0.144550000 13.5
0.144600000 13.8
0.144650000 0.5
0.147000000 0.6
0.149950000 0.5
0.150000000 13.8
0.150001000 -40.0
0.150003000 65.0
0.150006000 20.0
0.150010000 5.0
0.150014000 14.5
0.150020000 13.5
0.150030000 13.9
0.150050000 13.8
0.154850000 14.1
0.159550000 13.5
0.159600000 13.8
0.159650000 0.5
0.162000000 0.6
0.164950000 0.5
0.165000000 13.8
0.165001000 -40.0
0.165003000 65.0
0.165006000 20.0
0.165010000 5.0
0.165014000 14.5
0.165020000 13.5
0.165030000 13.9
0.165050000 13.8
0.169850000 14.1
0.174550000 13.5
0.174600000 13.8
0.174650000 0.5
0.177000000 0.6
0.179950000 0.5
0.180000000 13.8
0.180001000 -40.0
0.180003000 65.0
0.180006000 20.0
0.180010000 5.0
0.180014000 14.5
0.180020000 13.5
0.180030000 13.9
0.180050000 13.8
0.184850000 14.1
0.189550000 13.5
0.189600000 13.8
0.189650000 0.5
0.192000000 0.6
0.194950000 0.5
0.195000000 13.8
0.195001000 -40.0
0.195003000 65.0
0.195006000 20.0
0.195010000 5.0
0.195014000 14.5
0.195020000 13.5
0.195030000 13.9
0.195050000 13.8
0.199850000 14.1
0.204550000 13.5
0.204600000 13.8
0.204650000 0.5
0.207000000 0.6
0.209950000 0.5
0.210000000 13.8
0.210001000 -40.0
0.210003000 65.0
0.210006000 20.0
0.210010000 5.0
0.210014000 14.5
0.210020000 13.5
0.210030000 13.9
0.210050000 13.8
0.214850000 14.1
0.219550000 13.5
0.219600000 13.8
0.219650000 0.5
0.222000000 0.6
0.224950000 0.5
0.225000000 13.8
0.225001000 -40.0
0.225003000 65.0
0.225006000 20.0
0.225010000 5.0
0.225014000 14.5
0.225020000 13.5
0.225030000 13.9
0.225050000 13.8
0.229850000 14.1
0.234550000 13.5
0.234600000 13.8
0.234650000 0.5
0.237000000 0.6
0.239950000 0.5
0.240000000 13.8
0.240001000 -40.0
0.240003000 65.0
0.240006000 20.0
0.240010000 5.0
0.240014000 14.5
0.240020000 13.5
0.240030000 13.9
0.240050000 13.8
0.244850000 14.1
0.249550000 13.5
0.249600000 13.8
0.249650000 0.5
0.252000000 0.6
0.254950000 0.5
0.255000000 13.8
0.255001000 -40.0
0.255003000 65.0
0.255006000 20.0
0.255010000 5.0
0.255014000 14.5
0.255020000 13.5
0.255030000 13.9
0.255050000 13.8
0.259850000 14.1
0.264550000 13.5
0.264600000 13.8
0.264650000 0.5
0.267000000 0.6
0.269950000 0.5
0.270000000 13.8
0.270001000 -40.0
0.270003000 65.0
0.270006000 20.0
0.270010000 5.0
0.270014000 14.5
0.270020000 13.5
0.270030000 13.9
0.270050000 13.8
0.274850000 14.1
0.279550000 13.5
0.279600000 13.8
0.279650000 0.5
0.282000000 0.6
0.284950000 0.5
0.285000000 13.8
0.285001000 -40.0
0.285003000 65.0
0.285006000 20.0
0.285010000 5.0
0.285014000 14.5
0.285020000 13.5
0.285030000 13.9
0.285050000 13.8
0.289850000 14.1
0.294550000 13.5
0.294600000 13.8
0.294650000 0.5
0.297000000 0.6
0.299950000 0.5
0.300000000 13.8
0.300001000 -40.0
0.300003000 65.0
0.300006000 20.0
0.300010000 5.0
0.300014000 14.5
0.300020000 13.5
0.300030000 13.9
0.300050000 13.8
0.304850000 14.1
0.309550000 13.5
0.309600000 13.8
0.309650000 0.5
0.312000000 0.6
0.314950000 0.5
0.315000000 13.8
0.315001000 -40.0
0.315003000 65.0
0.315006000 20.0
0.315010000 5.0
0.315014000 14.5
0.315020000 13.5
0.315030000 13.9
0.315050000 13.8
0.319850000 14.1
0.324550000 13.5
0.324600000 13.8
0.324650000 0.5
0.327000000 0.6
0.329950000 0.5
0.330000000 13.8
0.330001000 -40.0
0.330003000 65.0
0.330006000 20.0
0.330010000 5.0
0.330014000 14.5
0.330020000 13.5
0.330030000 13.9
0.330050000 13.8
0.334850000 14.1
0.339550000 13.5
0.339600000 13.8
0.339650000 0.5
0.342000000 0.6
0.344950000 0.5
0.345000000 13.8
0.345001000 -40.0
0.345003000 65.0
0.345006000 20.0
0.345010000 5.0
0.345014000 14.5
0.345020000 13.5
0.345030000 13.9
0.345050000 13.8
0.349850000 14.1
0.354550000 13.5
0.354600000 13.8
0.354650000 0.5
0.357000000 0.6
0.359950000 0.5
0.360000000 13.8
0.360001000 -40.0
0.360003000 65.0
0.360006000 20.0
0.360010000 5.0
0.360014000 14.5
0.360020000 13.5
0.360030000 13.9
0.360050000 13.8
0.364850000 14.1
0.369550000 13.5
0.369600000 13.8
0.369650000 0.5
0.372000000 0.6
0.374950000 0.5
0.375000000 13.8
0.375001000 -40.0
0.375003000 65.0
0.375006000 20.0
0.375010000 5.0
0.375014000 14.5
0.375020000 13.5
0.375030000 13.9
0.375050000 13.8
0.379850000 14.1
0.384550000 13.5
0.384600000 13.8
0.384650000 0.5
0.387000000 0.6
0.389950000 0.5
0.390000000 13.8
0.390001000 -40.0
0.390003000 65.0
0.390006000 20.0
0.390010000 5.0
0.390014000 14.5
0.390020000 13.5
0.390030000 13.9
0.390050000 13.8
0.394850000 14.1
0.399550000 13.5
0.399600000 13.8
0.399650000 0.5
0.402000000 0.6
0.404950000 0.5
0.405000000 13.8
0.405001000 -40.0
0.405003000 65.0
0.405006000 20.0
0.405010000 5.0
0.405014000 14.5
0.405020000 13.5
0.405030000 13.9
0.405050000 13.8
0.409850000 14.1
0.414550000 13.5
0.414600000 13.8
0.414650000 0.5
0.417000000 0.6
0.419950000 0.5
0.420000000 13.8
0.420001000 -40.0
0.420003000 65.0
0.420006000 20.0
0.420010000 5.0
0.420014000 14.5
0.420020000 13.5
0.420030000 13.9
0.420050000 13.8
0.424850000 14.1
0.429550000 13.5
0.429600000 13.8
0.429650000 0.5
0.432000000 0.6
0.434950000 0.5
0.435000000 13.8
0.435001000 -40.0
0.435003000 65.0
0.435006000 20.0
0.435010000 5.0
0.435014000 14.5
0.435020000 13.5
0.435030000 13.9
0.435050000 13.8
0.439850000 14.1
0.444550000 13.5
0.444600000 13.8
0.444650000 0.5
0.447000000 0.6
0.449950000 0.5
0.450000000 13.8
0.450001000 -40.0
0.450003000 65.0
0.450006000 20.0
0.450010000 5.0
0.450014000 14.5
0.450020000 13.5
0.450030000 13.9
0.450050000 13.8
0.454850000 14.1
0.459550000 13.5
0.459600000 13.8
0.459650000 0.5
0.462000000 0.6
0.464950000 0.5
0.465000000 13.8
0.465001000 -40.0
0.465003000 65.0
0.465006000 20.0
0.465010000 5.0
0.465014000 14.5
0.465020000 13.5
0.465030000 13.9
0.465050000 13.8
0.469850000 14.1
0.474550000 13.5
0.474600000 13.8
0.474650000 0.5
0.477000000 0.6
0.479950000 0.5
0.480000000 13.8
0.480001000 -40.0
0.480003000 65.0
0.480006000 20.0
0.480010000 5.0
0.480014000 14.5
0.480020000 13.5
0.480030000 13.9
0.480050000 13.8
0.484850000 14.1
0.489550000 13.5
0.489600000 13.8
0.489650000 0.5
0.492000000 0.6
0.494950000 0.5
0.495000000 13.8
0.495001000 -40.0
0.495003000 65.0
0.495006000 20.0
0.495010000 5.0
0.495014000 14.5
0.495020000 13.5
0.495030000 13.9
0.495050000 13.8
0.499850000 14.1
0.504550000 13.5
0.504600000 13.8
0.504650000 0.5
0.507000000 0.6
0.509950000 0.5
0.510000000 13.8
0.510001000 -40.0
0.510003000 65.0
0.510006000 20.0
0.510010000 5.0
0.510014000 14.5
0.510020000 13.5
0.510030000 13.9
0.510050000 13.8
0.514850000 14.1
0.519550000 13.5
0.519600000 13.8
0.519650000 0.5
0.522000000 0.6
0.524950000 0.5
0.525000000 13.8
0.525001000 -40.0
0.525003000 65.0
0.525006000 20.0
0.525010000 5.0
0.525014000 14.5
0.525020000 13.5
0.525030000 13.9
0.525050000 13.8
0.529850000 14.1
0.534550000 13.5
0.534600000 13.8
0.534650000 0.5
0.537000000 0.6
0.539950000 0.5
0.540000000 13.8
0.540001000 -40.0
0.540003000 65.0
0.540006000 20.0
0.540010000 5.0
0.540014000 14.5
0.540020000 13.5
0.540030000 13.9
0.540050000 13.8
0.544850000 14.1
0.549550000 13.5
0.549600000 13.8
0.549650000 0.5
0.552000000 0.6
0.554950000 0.5
0.555000000 13.8
0.555001000 -40.0
0.555003000 65.0
0.555006000 20.0
0.555010000 5.0
0.555014000 14.5
0.555020000 13.5
0.555030000 13.9
0.555050000 13.8
0.559850000 14.1
0.564550000 13.5
0.564600000 13.8
0.564650000 0.5
0.567000000 0.6
0.569950000 0.5
0.570000000 13.8
0.570001000 -40.0
0.570003000 65.0
0.570006000 20.0
0.570010000 5.0
0.570014000 14.5
0.570020000 13.5
0.570030000 13.9
0.570050000 13.8
0.574850000 14.1
0.579550000 13.5
0.579600000 13.8
0.579650000 0.5
0.582000000 0.6
0.584950000 0.5
0.585000000 13.8
0.585001000 -40.0
0.585003000 65.0
0.585006000 20.0
0.585010000 5.0
0.585014000 14.5
0.585020000 13.5
0.585030000 13.9
0.585050000 13.8
0.589850000 14.1
0.594550000 13.5
0.594600000 13.8
0.594650000 0.5
0.597000000 0.6
0.599950000 0.5
0.600000000 13.8
0.600001000 -40.0
0.600003000 65.0
0.600006000 20.0
0.600010000 5.0
0.600014000 14.5
0.600020000 13.5
0.600030000 13.9
0.600050000 13.8
0.604850000 14.1
0.609550000 13.5
0.609600000 13.8
0.609650000 0.5
0.612000000 0.6
0.614950000 0.5
0.615000000 13.8
0.615001000 -40.0
0.615003000 65.0
0.615006000 20.0
0.615010000 5.0
0.615014000 14.5
0.615020000 13.5
0.615030000 13.9
0.615050000 13.8
0.619850000 14.1
0.624550000 13.5
0.624600000 13.8
0.624650000 0.5
0.627000000 0.6
0.629950000 0.5
0.630000000 13.8
0.630001000 -40.0
0.630003000 65.0
0.630006000 20.0
0.630010000 5.0
0.630014000 14.5
0.630020000 13.5
0.630030000 13.9
0.630050000 13.8
0.634850000 14.1
0.639550000 13.5
0.639600000 13.8
0.639650000 0.5
0.642000000 0.6
0.644950000 0.5
0.645000000 13.8
0.645001000 -40.0
0.645003000 65.0
0.645006000 20.0
0.645010000 5.0
0.645014000 14.5
0.645020000 13.5
0.645030000 13.9
0.645050000 13.8
0.649850000 14.1
0.654550000 13.5
0.654600000 13.8
0.654650000 0.5
0.657000000 0.6
0.659950000 0.5
0.660000000 13.8
0.660001000 -40.0
0.660003000 65.0
0.660006000 20.0
0.660010000 5.0
0.660014000 14.5
0.660020000 13.5
0.660030000 13.9
0.660050000 13.8
0.664850000 14.1
0.669550000 13.5
0.669600000 13.8
0.669650000 0.5
0.672000000 0.6
0.674950000 0.5
0.675000000 13.8
0.675001000 -40.0
0.675003000 65.0
0.675006000 20.0
0.675010000 5.0
0.675014000 14.5
0.675020000 13.5
0.675030000 13.9
0.675050000 13.8
0.679850000 14.1
0.684550000 13.5
0.684600000 13.8
0.684650000 0.5
0.687000000 0.6
0.689950000 0.5
0.690000000 13.8
0.690001000 -40.0
0.690003000 65.0
0.690006000 20.0
0.690010000 5.0
0.690014000 14.5
0.690020000 13.5
0.690030000 13.9
0.690050000 13.8
0.694850000 14.1
0.699550000 13.5
0.699600000 13.8
0.699650000 0.5
0.702000000 0.6
0.704950000 0.5
0.705000000 13.8
0.705001000 -40.0
0.705003000 65.0
0.705006000 20.0
0.705010000 5.0
0.705014000 14.5
0.705020000 13.5
0.705030000 13.9
0.705050000 13.8
0.709850000 14.1
0.714550000 13.5
0.714600000 13.8
0.714650000 0.5
0.717000000 0.6
0.719950000 0.5
0.720000000 13.8
0.720001000 -40.0
0.720003000 65.0
0.720006000 20.0
0.720010000 5.0
0.720014000 14.5
0.720020000 13.5
0.720030000 13.9
0.720050000 13.8
0.724850000 14.1
0.729550000 13.5
0.729600000 13.8
0.729650000 0.5
0.732000000 0.6
0.734950000 0.5
0.735000000 13.8
0.735001000 -40.0
0.735003000 65.0
0.735006000 20.0
0.735010000 5.0
0.735014000 14.5
0.735020000 13.5
0.735030000 13.9
0.735050000 13.8
0.739850000 14.1
0.744550000 13.5
0.744600000 13.8
0.744650000 0.5
0.747000000 0.6
0.749950000 0.5
0.750000000 13.8
0.750001000 -40.0
0.750003000 65.0
0.750006000 20.0
0.750010000 5.0
0.750014000 14.5
0.750020000 13.5
0.750030000 13.9
0.750050000 13.8
0.754850000 14.1
0.759550000 13.5
0.759600000 13.8
0.759650000 0.5
0.762000000 0.6
0.764950000 0.5
0.765000000 13.8
0.765001000 -40.0
0.765003000 65.0
0.765006000 20.0
0.765010000 5.0
0.765014000 14.5
0.765020000 13.5
0.765030000 13.9
0.765050000 13.8
0.769850000 14.1
0.774550000 13.5
0.774600000 13.8
0.774650000 0.5
0.777000000 0.6
0.779950000 0.5
0.780000000 13.8
0.780001000 -40.0
0.780003000 65.0
0.780006000 20.0
0.780010000 5.0
0.780014000 14.5
0.780020000 13.5
0.780030000 13.9
0.780050000 13.8
0.784850000 14.1
0.789550000 13.5
0.789600000 13.8
0.789650000 0.5
0.792000000 0.6
0.794950000 0.5
0.795000000 13.8
0.795001000 -40.0
0.795003000 65.0
0.795006000 20.0
0.795010000 5.0
0.795014000 14.5
0.795020000 13.5
0.795030000 13.9
0.795050000 13.8
0.799850000 14.1
0.804550000 13.5
0.804600000 13.8
0.804650000 0.5
0.807000000 0.6
0.809950000 0.5
0.810000000 13.8
0.810001000 -40.0
0.810003000 65.0
0.810006000 20.0
0.810010000 5.0
0.810014000 14.5
0.810020000 13.5
0.810030000 13.9
0.810050000 13.8
0.814850000 14.1
0.819550000 13.5
0.819600000 13.8
0.819650000 0.5
0.822000000 0.6
0.824950000 0.5
0.825000000 13.8
0.825001000 -40.0
0.825003000 65.0
0.825006000 20.0
0.825010000 5.0
0.825014000 14.5
0.825020000 13.5
0.825030000 13.9
0.825050000 13.8
0.829850000 14.1
0.834550000 13.5
0.834600000 13.8
0.834650000 0.5
0.837000000 0.6
0.839950000 0.5
0.840000000 13.8
0.840001000 -40.0
0.840003000 65.0
0.840006000 20.0
0.840010000 5.0
0.840014000 14.5
0.840020000 13.5
0.840030000 13.9
0.840050000 13.8
0.844850000 14.1
0.849550000 13.5
0.849600000 13.8
0.849650000 0.5
0.852000000 0.6
0.854950000 0.5
0.855000000 13.8
0.855001000 -40.0
0.855003000 65.0
0.855006000 20.0
0.855010000 5.0
0.855014000 14.5
0.855020000 13.5
0.855030000 13.9
0.855050000 13.8
0.859850000 14.1
0.864550000 13.5
0.864600000 13.8
0.864650000 0.5
0.867000000 0.6
0.869950000 0.5
0.870000000 13.8
0.870001000 -40.0
0.870003000 65.0
0.870006000 20.0
0.870010000 5.0
0.870014000 14.5
0.870020000 13.5
0.870030000 13.9
0.870050000 13.8
0.874850000 14.1
0.879550000 13.5
0.879600000 13.8
0.879650000 0.5
0.882000000 0.6
0.884950000 0.5
0.885000000 13.8
0.885001000 -40.0
0.885003000 65.0
0.885006000 20.0
0.885010000 5.0
0.885014000 14.5
0.885020000 13.5
0.885030000 13.9
0.885050000 13.8
0.889850000 14.1
0.894550000 13.5
0.894600000 13.8
0.894650000 0.5
0.897000000 0.6
0.899950000 0.5
0.900000000 13.8
0.900001000 -40.0
0.900003000 65.0
0.900006000 20.0
0.900010000 5.0
0.900014000 14.5
0.900020000 13.5
0.900030000 13.9
0.900050000 13.8
0.904850000 14.1
0.909550000 13.5
0.909600000 13.8
0.909650000 0.5
0.912000000 0.6
0.914950000 0.5
0.915000000 13.8
0.915001000 -40.0
0.915003000 65.0
0.915006000 20.0
0.915010000 5.0
0.915014000 14.5
0.915020000 13.5
0.915030000 13.9
0.915050000 13.8
0.919850000 14.1
0.924550000 13.5
0.924600000 13.8
0.924650000 0.5
0.927000000 0.6
0.929950000 0.5
0.930000000 13.8
0.930001000 -40.0
0.930003000 65.0
0.930006000 20.0
0.930010000 5.0
0.930014000 14.5
0.930020000 13.5
0.930030000 13.9
0.930050000 13.8
0.934850000 14.1
0.939550000 13.5
0.939600000 13.8
0.939650000 0.5
0.942000000 0.6
0.944950000 0.5
0.945000000 13.8
0.945001000 -40.0
0.945003000 65.0
0.945006000 20.0
0.945010000 5.0
0.945014000 14.5
0.945020000 13.5
0.945030000 13.9
0.945050000 13.8
0.949850000 14.1
0.954550000 13.5
0.954600000 13.8
0.954650000 0.5
0.957000000 0.6
0.959950000 0.5
0.960000000 13.8
0.960001000 -40.0
0.960003000 65.0
0.960006000 20.0
0.960010000 5.0
0.960014000 14.5
0.960020000 13.5
0.960030000 13.9
0.960050000 13.8
0.964850000 14.1
0.969550000 13.5
0.969600000 13.8
0.969650000 0.5
0.972000000 0.6
0.974950000 0.5
0.975000000 13.8
0.975001000 -40.0
0.975003000 65.0
0.975006000 20.0
0.975010000 5.0
0.975014000 14.5
0.975020000 13.5
0.975030000 13.9
0.975050000 13.8
0.979850000 14.1
0.984550000 13.5
0.984600000 13.8
0.984650000 0.5
0.987000000 0.6
0.989950000 0.5
0.990000000 13.8
0.990001000 -40.0
0.990003000 65.0
0.990006000 20.0
0.990010000 5.0
0.990014000 14.5
0.990020000 13.5
0.990030000 13.9
0.990050000 13.8
0.994850000 14.1
0.999550000 13.5
0.999600000 13.8
0.999650000 0.5
1.002000000 0.6
1.004950000 0.5
1.005000000 13.8
1.005001000 -40.0
1.005003000 65.0
1.005006000 20.0
1.005010000 5.0
1.005014000 14.5
1.005020000 13.5
1.005030000 13.9
1.005050000 13.8
1.009850000 14.1
1.014550000 13.5
1.014600000 13.8
1.014650000 0.5
1.017000000 0.6
1.019950000 0.5
1.020000000 13.8
1.020001000 -40.0
1.020003000 65.0
1.020006000 20.0
1.020010000 5.0
1.020014000 14.5
1.020020000 13.5
1.020030000 13.9
1.020050000 13.8
1.024850000 14.1
1.029550000 13.5
1.029600000 13.8
1.029650000 0.5
1.032000000 0.6
1.034950000 0.5
1.035000000 13.8
1.035001000 -40.0
1.035003000 65.0
1.035006000 20.0
1.035010000 5.0
1.035014000 14.5
1.035020000 13.5
1.035030000 13.9
1.035050000 13.8
1.039850000 14.1
1.044550000 13.5
1.044600000 13.8
1.044650000 0.5
1.047000000 0.6
1.049950000 0.5
1.050000000 13.8
1.050001000 -40.0
1.050003000 65.0
1.050006000 20.0
1.050010000 5.0
1.050014000 14.5
1.050020000 13.5
1.050030000 13.9
1.050050000 13.8
1.054850000 14.1
1.059550000 13.5
1.059600000 13.8
1.059650000 0.5
1.062000000 0.6
1.064950000 0.5
1.065000000 13.8
1.065001000 -40.0
1.065003000 65.0
1.065006000 20.0
1.065010000 5.0
1.065014000 14.5
1.065020000 13.5
1.065030000 13.9
1.065050000 13.8
1.069850000 14.1
1.074550000 13.5
1.074600000 13.8
1.074650000 0.5
1.077000000 0.6
1.079950000 0.5
1.080000000 13.8
1.080001000 -40.0
1.080003000 65.0
1.080006000 20.0
1.080010000 5.0
1.080014000 14.5
1.080020000 13.5
1.080030000 13.9
1.080050000 13.8
1.084850000 14.1
1.089550000 13.5
1.089600000 13.8
1.089650000 0.5
1.092000000 0.6
1.094950000 0.5
1.095000000 13.8
1.095001000 -40.0
1.095003000 65.0
1.095006000 20.0
1.095010000 5.0
1.095014000 14.5
1.095020000 13.5
1.095030000 13.9
1.095050000 13.8
1.099850000 14.1
1.104550000 13.5
1.104600000 13.8
1.104650000 0.5
1.107000000 0.6
1.109950000 0.5
1.110000000 13.8
1.110001000 -40.0
1.110003000 65.0
1.110006000 20.0
1.110010000 5.0
1.110014000 14.5
1.110020000 13.5
1.110030000 13.9
1.110050000 13.8
1.114850000 14.1
1.119550000 13.5
1.119600000 13.8
1.119650000 0.5
1.122000000 0.6
1.124950000 0.5
1.125000000 13.8
1.125001000 -40.0
1.125003000 65.0
1.125006000 20.0
1.125010000 5.0
1.125014000 14.5
1.125020000 13.5
1.125030000 13.9
1.125050000 13.8
1.129850000 14.1
1.134550000 13.5
1.134600000 13.8
1.134650000 0.5
1.137000000 0.6
1.139950000 0.5
1.140000000 13.8
1.140001000 -40.0
1.140003000 65.0
1.140006000 20.0
1.140010000 5.0
1.140014000 14.5
1.140020000 13.5
1.140030000 13.9
1.140050000 13.8
1.144850000 14.1
1.149550000 13.5
1.149600000 13.8
1.149650000 0.5
1.152000000 0.6
1.154950000 0.5
1.155000000 13.8
1.155001000 -40.0
1.155003000 65.0
1.155006000 20.0
1.155010000 5.0
1.155014000 14.5
1.155020000 13.5
1.155030000 13.9
1.155050000 13.8
1.159850000 14.1
1.164550000 13.5
1.164600000 13.8
1.164650000 0.5
1.167000000 0.6
1.169950000 0.5
1.170000000 13.8
1.170001000 -40.0
1.170003000 65.0
1.170006000 20.0
1.170010000 5.0
1.170014000 14.5
1.170020000 13.5
1.170030000 13.9
1.170050000 13.8
1.174850000 14.1
1.179550000 13.5
1.179600000 13.8
1.179650000 0.5
1.182000000 0.6
1.184950000 0.5
1.185000000 13.8
1.185001000 -40.0
1.185003000 65.0
1.185006000 20.0
1.185010000 5.0
1.185014000 14.5
1.185020000 13.5
1.185030000 13.9
1.185050000 13.8
1.189850000 14.1
1.194550000 13.5
1.194600000 13.8
1.194650000 0.5
1.197000000 0.6
1.199950000 0.5
1.200000000 13.8
1.200001000 -40.0
1.200003000 65.0
1.200006000 20.0
1.200010000 5.0
1.200014000 14.5
1.200020000 13.5
1.200030000 13.9
1.200050000 13.8
1.204850000 14.1
1.209550000 13.5
1.209600000 13.8
1.209650000 0.5
1.212000000 0.6
1.214950000 0.5
1.215000000 13.8
1.215001000 -40.0
1.215003000 65.0
1.215006000 20.0
1.215010000 5.0
1.215014000 14.5
1.215020000 13.5
1.215030000 13.9
1.215050000 13.8
1.219850000 14.1
1.224550000 13.5
1.224600000 13.8
1.224650000 0.5
1.227000000 0.6
1.229950000 0.5
1.230000000 13.8
1.230001000 -40.0
1.230003000 65.0
1.230006000 20.0
1.230010000 5.0
1.230014000 14.5
1.230020000 13.5
1.230030000 13.9
1.230050000 13.8
1.234850000 14.1
1.239550000 13.5
1.239600000 13.8
1.239650000 0.5
1.242000000 0.6
1.244950000 0.5
1.245000000 13.8
1.245001000 -40.0
1.245003000 65.0
1.245006000 20.0
1.245010000 5.0
1.245014000 14.5
1.245020000 13.5
1.245030000 13.9
1.245050000 13.8
1.249850000 14.1
1.254550000 13.5
1.254600000 13.8
1.254650000 0.5
1.257000000 0.6
1.259950000 0.5
1.260000000 13.8
1.260001000 -40.0
1.260003000 65.0
1.260006000 20.0
1.260010000 5.0
1.260014000 14.5
1.260020000 13.5
1.260030000 13.9
1.260050000 13.8
1.264850000 14.1
1.269550000 13.5
1.269600000 13.8
1.269650000 0.5
1.272000000 0.6
1.274950000 0.5
1.275000000 13.8
1.275001000 -40.0
1.275003000 65.0
1.275006000 20.0
1.275010000 5.0
1.275014000 14.5
1.275020000 13.5
1.275030000 13.9
1.275050000 13.8
1.279850000 14.1
1.284550000 13.5
1.284600000 13.8
1.284650000 0.5
1.287000000 0.6
1.289950000 0.5
1.290000000 13.8
1.290001000 -40.0
1.290003000 65.0
1.290006000 20.0
1.290010000 5.0
1.290014000 14.5
1.290020000 13.5
1.290030000 13.9
1.290050000 13.8
1.294850000 14.1
1.299550000 13.5
1.299600000 13.8
1.299650000 0.5
1.302000000 0.6
1.304950000 0.5
1.305000000 13.8
1.305001000 -40.0
1.305003000 65.0
1.305006000 20.0
1.305010000 5.0
1.305014000 14.5
1.305020000 13.5
1.305030000 13.9
1.305050000 13.8
1.309850000 14.1
1.314550000 13.5
1.314600000 13.8
1.314650000 0.5
1.317000000 0.6
1.319950000 0.5
1.320000000 13.8
1.320001000 -40.0
1.320003000 65.0
1.320006000 20.0
1.320010000 5.0
1.320014000 14.5
1.320020000 13.5
1.320030000 13.9
1.320050000 13.8
1.324850000 14.1
1.329550000 13.5
1.329600000 13.8
1.329650000 0.5
1.332000000 0.6
1.334950000 0.5
1.335000000 13.8
1.335001000 -40.0
1.335003000 65.0
1.335006000 20.0
1.335010000 5.0
1.335014000 14.5
1.335020000 13.5
1.335030000 13.9
1.335050000 13.8
1.339850000 14.1
1.344550000 13.5
1.344600000 13.8
1.344650000 0.5
1.347000000 0.6
1.349950000 0.5
1.350000000 13.8
1.350001000 -40.0
1.350003000 65.0
1.350006000 20.0
1.350010000 5.0
1.350014000 14.5
1.350020000 13.5
1.350030000 13.9
1.350050000 13.8
1.354850000 14.1
1.359550000 13.5
1.359600000 13.8
1.359650000 0.5
1.362000000 0.6
1.364950000 0.5
1.365000000 13.8
1.365001000 -40.0
1.365003000 65.0
1.365006000 20.0
1.365010000 5.0
1.365014000 14.5
1.365020000 13.5
1.365030000 13.9
1.365050000 13.8
1.369850000 14.1
1.374550000 13.5
1.374600000 13.8
1.374650000 0.5
1.377000000 0.6
1.379950000 0.5
1.380000000 13.8
1.380001000 -40.0
1.380003000 65.0
1.380006000 20.0
1.380010000 5.0
1.380014000 14.5
1.380020000 13.5
1.380030000 13.9
1.380050000 13.8
1.384850000 14.1
1.389550000 13.5
1.389600000 13.8
1.389650000 0.5
1.392000000 0.6
1.394950000 0.5
1.395000000 13.8
1.395001000 -40.0
1.395003000 65.0
1.395006000 20.0
1.395010000 5.0
1.395014000 14.5
1.395020000 13.5
1.395030000 13.9
1.395050000 13.8
1.399850000 14.1
1.404550000 13.5
1.404600000 13.8
1.404650000 0.5
1.407000000 0.6
1.409950000 0.5
1.410000000 13.8
1.410001000 -40.0
1.410003000 65.0
1.410006000 20.0
1.410010000 5.0
1.410014000 14.5
1.410020000 13.5
1.410030000 13.9
1.410050000 13.8
1.414850000 14.1
1.419550000 13.5
1.419600000 13.8
1.419650000 0.5
1.422000000 0.6
1.424950000 0.5
1.425000000 13.8
1.425001000 -40.0
1.425003000 65.0
1.425006000 20.0
1.425010000 5.0
1.425014000 14.5
1.425020000 13.5
1.425030000 13.9
1.425050000 13.8
1.429850000 14.1
1.434550000 13.5
1.434600000 13.8
1.434650000 0.5
1.437000000 0.6
1.439950000 0.5
1.440000000 13.8
1.440001000 -40.0
1.440003000 65.0
1.440006000 20.0
1.440010000 5.0
1.440014000 14.5
1.440020000 13.5
1.440030000 13.9
1.440050000 13.8
1.444850000 14.1
1.449550000 13.5
1.449600000 13.8
1.449650000 0.5
1.452000000 0.6
1.454950000 0.5
1.455000000 13.8
1.455001000 -40.0
1.455003000 65.0
1.455006000 20.0
1.455010000 5.0
1.455014000 14.5
1.455020000 13.5
1.455030000 13.9
1.455050000 13.8
1.459850000 14.1
1.464550000 13.5
1.464600000 13.8
1.464650000 0.5
1.467000000 0.6
1.469950000 0.5
1.470000000 13.8
1.470001000 -40.0
1.470003000 65.0
1.470006000 20.0
1.470010000 5.0
1.470014000 14.5
1.470020000 13.5
1.470030000 13.9
1.470050000 13.8
1.474850000 14.1
1.479550000 13.5
1.479600000 13.8
1.479650000 0.5
1.482000000 0.6
1.484950000 0.5
1.485000000 13.8
1.485001000 -40.0
1.485003000 65.0
1.485006000 20.0
1.485010000 5.0
1.485014000 14.5
1.485020000 13.5
1.485030000 13.9
1.485050000 13.8
1.489850000 14.1
1.494550000 13.5
1.494600000 13.8
1.494650000 0.5
1.497000000 0.6
1.499950000 0.5
1.500000000 13.8
1.500001000 -40.0
1.500003000 65.0
1.500006000 20.0
1.500010000 5.0
1.500014000 14.5
1.500020000 13.5
1.500030000 13.9
1.500050000 13.8
1.504850000 14.1
1.509550000 13.5
1.509600000 13.8
1.509650000 0.5
1.512000000 0.6
1.514950000 0.5
1.515000000 13.8
1.515001000 -40.0
1.515003000 65.0
1.515006000 20.0
1.515010000 5.0
1.515014000 14.5
1.515020000 13.5
1.515030000 13.9
1.515050000 13.8
1.519850000 14.1
1.524550000 13.5
1.524600000 13.8
1.524650000 0.5
1.527000000 0.6
1.529950000 0.5
1.530000000 13.8
1.530001000 -40.0
1.530003000 65.0
1.530006000 20.0
1.530010000 5.0
1.530014000 14.5
1.530020000 13.5
1.530030000 13.9
1.530050000 13.8
1.534850000 14.1
1.539550000 13.5
1.539600000 13.8
1.539650000 0.5
1.542000000 0.6
1.544950000 0.5
1.545000000 13.8
1.545001000 -40.0
1.545003000 65.0
1.545006000 20.0
1.545010000 5.0
1.545014000 14.5
1.545020000 13.5
1.545030000 13.9
1.545050000 13.8
1.549850000 14.1
1.554550000 13.5
1.554600000 13.8
1.554650000 0.5
1.557000000 0.6
1.559950000 0.5
1.560000000 13.8
1.560001000 -40.0
1.560003000 65.0
1.560006000 20.0
1.560010000 5.0
1.560014000 14.5
1.560020000 13.5
1.560030000 13.9
1.560050000 13.8
1.564850000 14.1
1.569550000 13.5
1.569600000 13.8
1.569650000 0.5
1.572000000 0.6
1.574950000 0.5
1.575000000 13.8
1.575001000 -40.0
1.575003000 65.0
1.575006000 20.0
1.575010000 5.0
1.575014000 14.5
1.575020000 13.5
1.575030000 13.9
1.575050000 13.8
1.579850000 14.1
1.584550000 13.5
1.584600000 13.8
1.584650000 0.5
1.587000000 0.6
1.589950000 0.5
1.590000000 13.8
1.590001000 -40.0
1.590003000 65.0
1.590006000 20.0
1.590010000 5.0
1.590014000 14.5
1.590020000 13.5
1.590030000 13.9
1.590050000 13.8
1.594850000 14.1
1.599550000 13.5
1.599600000 13.8
1.599650000 0.5
1.602000000 0.6
1.604950000 0.5
1.605000000 13.8
1.605001000 -40.0
1.605003000 65.0
1.605006000 20.0
1.605010000 5.0
1.605014000 14.5
1.605020000 13.5
1.605030000 13.9
1.605050000 13.8
1.609850000 14.1
1.614550000 13.5
1.614600000 13.8
1.614650000 0.5
1.617000000 0.6
1.619950000 0.5
1.620000000 13.8
1.620001000 -40.0
1.620003000 65.0
1.620006000 20.0
1.620010000 5.0
1.620014000 14.5
1.620020000 13.5
1.620030000 13.9
1.620050000 13.8
1.624850000 14.1
1.629550000 13.5
1.629600000 13.8
1.629650000 0.5
1.632000000 0.6
1.634950000 0.5
1.635000000 13.8
1.635001000 -40.0
1.635003000 65.0
1.635006000 20.0
1.635010000 5.0
1.635014000 14.5
1.635020000 13.5
1.635030000 13.9
1.635050000 13.8
1.639850000 14.1
1.644550000 13.5
1.644600000 13.8
1.644650000 0.5
1.647000000 0.6
1.649950000 0.5
1.650000000 13.8
1.650001000 -40.0
1.650003000 65.0
1.650006000 20.0
1.650010000 5.0
1.650014000 14.5
1.650020000 13.5
1.650030000 13.9
1.650050000 13.8
1.654850000 14.1
1.659550000 13.5
1.659600000 13.8
1.659650000 0.5
1.662000000 0.6
1.664950000 0.5
1.665000000 13.8
1.665001000 -40.0
1.665003000 65.0
1.665006000 20.0
1.665010000 5.0
1.665014000 14.5
1.665020000 13.5
1.665030000 13.9
1.665050000 13.8
1.669850000 14.1
1.674550000 13.5
1.674600000 13.8
1.674650000 0.5
1.677000000 0.6
1.679950000 0.5
1.680000000 13.8
1.680001000 -40.0
1.680003000 65.0
1.680006000 20.0
1.680010000 5.0
1.680014000 14.5
1.680020000 13.5
1.680030000 13.9
1.680050000 13.8
1.684850000 14.1
1.689550000 13.5
1.689600000 13.8
1.689650000 0.5
1.692000000 0.6
1.694950000 0.5
1.695000000 13.8
1.695001000 -40.0
1.695003000 65.0
1.695006000 20.0
1.695010000 5.0
1.695014000 14.5
1.695020000 13.5
1.695030000 13.9
1.695050000 13.8
1.699850000 14.1
1.704550000 13.5
1.704600000 13.8
1.704650000 0.5
1.707000000 0.6
1.709950000 0.5
1.710000000 13.8
1.710001000 -40.0
1.710003000 65.0
1.710006000 20.0
1.710010000 5.0
1.710014000 14.5
1.710020000 13.5
1.710030000 13.9
1.710050000 13.8
1.714850000 14.1
1.719550000 13.5
1.719600000 13.8
1.719650000 0.5
1.722000000 0.6
1.724950000 0.5
1.725000000 13.8
1.725001000 -40.0
1.725003000 65.0
1.725006000 20.0
1.725010000 5.0
1.725014000 14.5
1.725020000 13.5
1.725030000 13.9
1.725050000 13.8
1.729850000 14.1
1.734550000 13.5
1.734600000 13.8
1.734650000 0.5
1.737000000 0.6
1.739950000 0.5
1.740000000 13.8
1.740001000 -40.0
1.740003000 65.0
1.740006000 20.0
1.740010000 5.0
1.740014000 14.5
1.740020000 13.5
1.740030000 13.9
1.740050000 13.8
1.744850000 14.1
1.749550000 13.5
1.749600000 13.8
1.749650000 0.5
1.752000000 0.6
1.754950000 0.5
1.755000000 13.8
1.755001000 -40.0
1.755003000 65.0
1.755006000 20.0
1.755010000 5.0
1.755014000 14.5
1.755020000 13.5
1.755030000 13.9
1.755050000 13.8
1.759850000 14.1
1.764550000 13.5
1.764600000 13.8
1.764650000 0.5
1.767000000 0.6
1.769950000 0.5
1.770000000 13.8
1.770001000 -40.0
1.770003000 65.0
1.770006000 20.0
1.770010000 5.0
1.770014000 14.5
1.770020000 13.5
1.770030000 13.9
1.770050000 13.8
1.774850000 14.1
1.779550000 13.5
1.779600000 13.8
1.779650000 0.5
1.782000000 0.6
1.784950000 0.5
1.785000000 13.8
1.785001000 -40.0
1.785003000 65.0
1.785006000 20.0
1.785010000 5.0
1.785014000 14.5
1.785020000 13.5
1.785030000 13.9
1.785050000 13.8
1.789850000 14.1
1.794550000 13.5
1.794600000 13.8
1.794650000 0.5
1.797000000 0.6
1.799950000 0.5
1.800000000 13.8
1.800001000 -40.0
1.800003000 65.0
1.800006000 20.0
1.800010000 5.0
1.800014000 14.5
1.800020000 13.5
1.800030000 13.9
1.800050000 13.8
1.804850000 14.1
1.809550000 13.5
1.809600000 13.8
1.809650000 0.5
1.812000000 0.6
1.814950000 0.5
1.815000000 13.8
1.815001000 -40.0
1.815003000 65.0
1.815006000 20.0
1.815010000 5.0
1.815014000 14.5
1.815020000 13.5
1.815030000 13.9
1.815050000 13.8
1.819850000 14.1
1.824550000 13.5
1.824600000 13.8
1.824650000 0.5
1.827000000 0.6
1.829950000 0.5
1.830000000 13.8
1.830001000 -40.0
1.830003000 65.0
1.830006000 20.0
1.830010000 5.0
1.830014000 14.5
1.830020000 13.5
1.830030000 13.9
1.830050000 13.8
1.834850000 14.1
1.839550000 13.5
1.839600000 13.8
1.839650000 0.5
1.842000000 0.6
1.844950000 0.5
1.845000000 13.8
1.845001000 -40.0
1.845003000 65.0
1.845006000 20.0
1.845010000 5.0
1.845014000 14.5
1.845020000 13.5
1.845030000 13.9
1.845050000 13.8
1.849850000 14.1
1.854550000 13.5
1.854600000 13.8
1.854650000 0.5
1.857000000 0.6
1.859950000 0.5
1.860000000 13.8
1.860001000 -40.0
1.860003000 65.0
1.860006000 20.0
1.860010000 5.0
1.860014000 14.5
1.860020000 13.5
1.860030000 13.9
1.860050000 13.8
1.864850000 14.1
1.869550000 13.5
1.869600000 13.8
1.869650000 0.5
1.872000000 0.6
1.874950000 0.5
1.875000000 13.8
1.875001000 -40.0
1.875003000 65.0
1.875006000 20.0
1.875010000 5.0
1.875014000 14.5
1.875020000 13.5
1.875030000 13.9
1.875050000 13.8
1.879850000 14.1
1.884550000 13.5
1.884600000 13.8
1.884650000 0.5
1.887000000 0.6
1.889950000 0.5
1.890000000 13.8
1.890001000 -40.0
1.890003000 65.0
1.890006000 20.0
1.890010000 5.0
1.890014000 14.5
1.890020000 13.5
1.890030000 13.9
1.890050000 13.8
1.894850000 14.1
1.899550000 13.5
1.899600000 13.8
1.899650000 0.5
1.902000000 0.6
1.904950000 0.5
1.905000000 13.8
1.905001000 -40.0
1.905003000 65.0
1.905006000 20.0
1.905010000 5.0
1.905014000 14.5
1.905020000 13.5
1.905030000 13.9
1.905050000 13.8
1.909850000 14.1
1.914550000 13.5
1.914600000 13.8
1.914650000 0.5
1.917000000 0.6
1.919950000 0.5
1.920000000 13.8
1.920001000 -40.0
1.920003000 65.0
1.920006000 20.0
1.920010000 5.0
1.920014000 14.5
1.920020000 13.5
1.920030000 13.9
1.920050000 13.8
1.924850000 14.1
1.929550000 13.5
1.929600000 13.8
1.929650000 0.5
1.932000000 0.6
1.934950000 0.5
1.935000000 13.8
1.935001000 -40.0
1.935003000 65.0
1.935006000 20.0
1.935010000 5.0
1.935014000 14.5
1.935020000 13.5
1.935030000 13.9
1.935050000 13.8
1.939850000 14.1
1.944550000 13.5
1.944600000 13.8
1.944650000 0.5
1.947000000 0.6
1.949950000 0.5
1.950000000 13.8
1.950001000 -40.0
1.950003000 65.0
1.950006000 20.0
1.950010000 5.0
1.950014000 14.5
1.950020000 13.5
1.950030000 13.9
1.950050000 13.8
1.954850000 14.1
1.959550000 13.5
1.959600000 13.8
1.959650000 0.5
1.962000000 0.6
1.964950000 0.5
1.965000000 13.8
1.965001000 -40.0
1.965003000 65.0
1.965006000 20.0
1.965010000 5.0
1.965014000 14.5
1.965020000 13.5
1.965030000 13.9
1.965050000 13.8
1.969850000 14.1
1.974550000 13.5
1.974600000 13.8
1.974650000 0.5
1.977000000 0.6
1.979950000 0.5
1.980000000 13.8
1.980001000 -40.0
1.980003000 65.0
1.980006000 20.0
1.980010000 5.0
1.980014000 14.5
1.980020000 13.5
1.980030000 13.9
1.980050000 13.8
1.984850000 14.1
1.989550000 13.5
1.989600000 13.8
1.989650000 0.5
1.992000000 0.6
1.994950000 0.5
1.995000000 13.8
1.995001000 -40.0
1.995003000 65.0
1.995006000 20.0
1.995010000 5.0
1.995014000 14.5
1.995020000 13.5
1.995030000 13.9
1.995050000 13.8
1.999850000 14.1
2.004550000 13.5
2.004600000 13.8
2.004650000 0.5
2.007000000 0.6
2.009950000 0.5
2.010000000 13.8
2.010001000 -40.0
2.010003000 65.0
2.010006000 20.0
2.010010000 5.0
2.010014000 14.5
2.010020000 13.5
2.010030000 13.9
2.010050000 13.8
2.014850000 14.1
2.019550000 13.5
2.019600000 13.8
2.019650000 0.5
2.022000000 0.6
2.024950000 0.5
2.025000000 13.8
2.025001000 -40.0
2.025003000 65.0
2.025006000 20.0
2.025010000 5.0
2.025014000 14.5
2.025020000 13.5
2.025030000 13.9
2.025050000 13.8
2.029850000 14.1
2.034550000 13.5
2.034600000 13.8
2.034650000 0.5
2.037000000 0.6
2.039950000 0.5
2.040000000 13.8
2.040001000 -40.0
2.040003000 65.0
2.040006000 20.0
2.040010000 5.0
2.040014000 14.5
2.040020000 13.5
2.040030000 13.9
2.040050000 13.8
2.044850000 14.1
2.049550000 13.5
2.049600000 13.8
2.049650000 0.5
2.052000000 0.6
2.054950000 0.5
2.055000000 13.8
2.055001000 -40.0
2.055003000 65.0
2.055006000 20.0
2.055010000 5.0
2.055014000 14.5
2.055020000 13.5
2.055030000 13.9
2.055050000 13.8
2.059850000 14.1
2.064550000 13.5
2.064600000 13.8
2.064650000 0.5
2.067000000 0.6
2.069950000 0.5
2.070000000 13.8
2.070001000 -40.0
2.070003000 65.0
2.070006000 20.0
2.070010000 5.0
2.070014000 14.5
2.070020000 13.5
2.070030000 13.9
2.070050000 13.8
2.074850000 14.1
2.079550000 13.5
2.079600000 13.8
2.079650000 0.5
2.082000000 0.6
2.084950000 0.5
2.085000000 13.8
2.085001000 -40.0
2.085003000 65.0
2.085006000 20.0
2.085010000 5.0
2.085014000 14.5
2.085020000 13.5
2.085030000 13.9
2.085050000 13.8
2.089850000 14.1
2.094550000 13.5
2.094600000 13.8
2.094650000 0.5
2.097000000 0.6
2.099950000 0.5
2.100000000 13.8
2.100001000 -40.0
2.100003000 65.0
2.100006000 20.0
2.100010000 5.0
2.100014000 14.5
2.100020000 13.5
2.100030000 13.9
2.100050000 13.8
2.104850000 14.1
2.109550000 13.5
2.109600000 13.8
2.109650000 0.5
2.112000000 0.6
2.114950000 0.5
2.115000000 13.8
2.115001000 -40.0
2.115003000 65.0
2.115006000 20.0
2.115010000 5.0
2.115014000 14.5
2.115020000 13.5
2.115030000 13.9
2.115050000 13.8
2.119850000 14.1
2.124550000 13.5
2.124600000 13.8
2.124650000 0.5
2.127000000 0.6
2.129950000 0.5
2.130000000 13.8
2.130001000 -40.0
2.130003000 65.0
2.130006000 20.0
2.130010000 5.0
2.130014000 14.5
2.130020000 13.5
2.130030000 13.9
2.130050000 13.8
2.134850000 14.1
2.139550000 13.5
2.139600000 13.8
2.139650000 0.5
2.142000000 0.6
2.144950000 0.5
2.145000000 13.8
2.145001000 -40.0
2.145003000 65.0
2.145006000 20.0
2.145010000 5.0
2.145014000 14.5
2.145020000 13.5
2.145030000 13.9
2.145050000 13.8
2.149850000 14.1
2.154550000 13.5
2.154600000 13.8
2.154650000 0.5
2.157000000 0.6
2.159950000 0.5
2.160000000 13.8
2.160001000 -40.0
2.160003000 65.0
2.160006000 20.0
2.160010000 5.0
2.160014000 14.5
2.160020000 13.5
2.160030000 13.9
2.160050000 13.8
2.164850000 14.1
2.169550000 13.5
2.169600000 13.8
2.169650000 0.5
2.172000000 0.6
2.174950000 0.5
2.175000000 13.8
2.175001000 -40.0
2.175003000 65.0
2.175006000 20.0
2.175010000 5.0
2.175014000 14.5
2.175020000 13.5
2.175030000 13.9
2.175050000 13.8
2.179850000 14.1
2.184550000 13.5
2.184600000 13.8
2.184650000 0.5
2.187000000 0.6
2.189950000 0.5
2.190000000 13.8
2.190001000 -40.0
2.190003000 65.0
2.190006000 20.0
2.190010000 5.0
2.190014000 14.5
2.190020000 13.5
2.190030000 13.9
2.190050000 13.8
2.194850000 14.1
2.199550000 13.5
2.199600000 13.8
2.199650000 0.5
2.202000000 0.6
2.204950000 0.5
2.205000000 13.8
2.205001000 -40.0
2.205003000 65.0
2.205006000 20.0
2.205010000 5.0
2.205014000 14.5
2.205020000 13.5
2.205030000 13.9
2.205050000 13.8
2.209850000 14.1
2.214550000 13.5
2.214600000 13.8
2.214650000 0.5
2.217000000 0.6
2.219950000 0.5
2.220000000 13.8
2.220001000 -40.0
2.220003000 65.0
2.220006000 20.0
2.220010000 5.0
2.220014000 14.5
2.220020000 13.5
2.220030000 13.9
2.220050000 13.8
2.224850000 14.1
2.229550000 13.5
2.229600000 13.8
2.229650000 0.5
2.232000000 0.6
2.234950000 0.5
2.235000000 13.8
2.235001000 -40.0
2.235003000 65.0
2.235006000 20.0
2.235010000 5.0
2.235014000 14.5
2.235020000 13.5
2.235030000 13.9
2.235050000 13.8
2.239850000 14.1
2.244550000 13.5
2.244600000 13.8
2.244650000 0.5
2.247000000 0.6
2.249950000 0.5
2.250000000 13.8
2.250001000 -40.0
2.250003000 65.0
2.250006000 20.0
2.250010000 5.0
2.250014000 14.5
2.250020000 13.5
2.250030000 13.9
2.250050000 13.8
2.254850000 14.1
2.259550000 13.5
2.259600000 13.8
2.259650000 0.5
2.262000000 0.6
2.264950000 0.5
2.265000000 13.8
2.265001000 -40.0
2.265003000 65.0
2.265006000 20.0
2.265010000 5.0
2.265014000 14.5
2.265020000 13.5
2.265030000 13.9
2.265050000 13.8
2.269850000 14.1
2.274550000 13.5
2.274600000 13.8
2.274650000 0.5
2.277000000 0.6
2.279950000 0.5
2.280000000 13.8
2.280001000 -40.0
2.280003000 65.0
2.280006000 20.0
2.280010000 5.0
2.280014000 14.5
2.280020000 13.5
2.280030000 13.9
2.280050000 13.8
2.284850000 14.1
2.289550000 13.5
2.289600000 13.8
2.289650000 0.5
2.292000000 0.6
2.294950000 0.5
2.295000000 13.8
2.295001000 -40.0
2.295003000 65.0
2.295006000 20.0
2.295010000 5.0
2.295014000 14.5
2.295020000 13.5
2.295030000 13.9
2.295050000 13.8
2.299850000 14.1
2.304550000 13.5
2.304600000 13.8
2.304650000 0.5
2.307000000 0.6
2.309950000 0.5
2.310000000 13.8
2.310001000 -40.0
2.310003000 65.0
2.310006000 20.0
2.310010000 5.0
2.310014000 14.5
2.310020000 13.5
2.310030000 13.9
2.310050000 13.8
2.314850000 14.1
2.319550000 13.5
2.319600000 13.8
2.319650000 0.5
2.322000000 0.6
2.324950000 0.5
2.325000000 13.8
2.325001000 -40.0
2.325003000 65.0
2.325006000 20.0
2.325010000 5.0
2.325014000 14.5
2.325020000 13.5
2.325030000 13.9
2.325050000 13.8
2.329850000 14.1
2.334550000 13.5
2.334600000 13.8
2.334650000 0.5
2.337000000 0.6
2.339950000 0.5
2.340000000 13.8
2.340001000 -40.0
2.340003000 65.0
2.340006000 20.0
2.340010000 5.0
2.340014000 14.5
2.340020000 13.5
2.340030000 13.9
2.340050000 13.8
2.344850000 14.1
2.349550000 13.5
2.349600000 13.8
2.349650000 0.5
2.352000000 0.6
2.354950000 0.5
2.355000000 13.8
2.355001000 -40.0
2.355003000 65.0
2.355006000 20.0
2.355010000 5.0
2.355014000 14.5
2.355020000 13.5
2.355030000 13.9
2.355050000 13.8
2.359850000 14.1
2.364550000 13.5
2.364600000 13.8
2.364650000 0.5
2.367000000 0.6
2.369950000 0.5
2.370000000 13.8
2.370001000 -40.0
2.370003000 65.0
2.370006000 20.0
2.370010000 5.0
2.370014000 14.5
2.370020000 13.5
2.370030000 13.9
2.370050000 13.8
2.374850000 14.1
2.379550000 13.5
2.379600000 13.8
2.379650000 0.5
2.382000000 0.6
2.384950000 0.5
2.385000000 13.8
2.385001000 -40.0
2.385003000 65.0
2.385006000 20.0
2.385010000 5.0
2.385014000 14.5
2.385020000 13.5
2.385030000 13.9
2.385050000 13.8
2.389850000 14.1
2.394550000 13.5
2.394600000 13.8
2.394650000 0.5
2.397000000 0.6
2.399950000 0.5
2.400000000 13.8
2.400001000 -40.0
2.400003000 65.0
2.400006000 20.0
2.400010000 5.0
2.400014000 14.5
2.400020000 13.5
2.400030000 13.9
2.400050000 13.8
2.404850000 14.1
2.409550000 13.5
2.409600000 13.8
2.409650000 0.5
2.412000000 0.6
2.414950000 0.5
2.415000000 13.8
2.415001000 -40.0
2.415003000 65.0
2.415006000 20.0
2.415010000 5.0
2.415014000 14.5
2.415020000 13.5
2.415030000 13.9
2.415050000 13.8
2.419850000 14.1
2.424550000 13.5
2.424600000 13.8
2.424650000 0.5
2.427000000 0.6
2.429950000 0.5
2.430000000 13.8
2.430001000 -40.0
2.430003000 65.0
2.430006000 20.0
2.430010000 5.0
2.430014000 14.5
2.430020000 13.5
2.430030000 13.9
2.430050000 13.8
2.434850000 14.1
2.439550000 13.5
2.439600000 13.8
2.439650000 0.5
2.442000000 0.6
2.444950000 0.5
2.445000000 13.8
2.445001000 -40.0
2.445003000 65.0
2.445006000 20.0
2.445010000 5.0
2.445014000 14.5
2.445020000 13.5
2.445030000 13.9
2.445050000 13.8
2.449850000 14.1
2.454550000 13.5
2.454600000 13.8
2.454650000 0.5
2.457000000 0.6
2.459950000 0.5
2.460000000 13.8
2.460001000 -40.0
2.460003000 65.0
2.460006000 20.0
2.460010000 5.0
2.460014000 14.5
2.460020000 13.5
2.460030000 13.9
2.460050000 13.8
2.464850000 14.1
2.469550000 13.5
2.469600000 13.8
2.469650000 0.5
2.472000000 0.6
2.474950000 0.5
2.475000000 13.8
2.475001000 -40.0
2.475003000 65.0
2.475006000 20.0
2.475010000 5.0
2.475014000 14.5
2.475020000 13.5
2.475030000 13.9
2.475050000 13.8
2.479850000 14.1
2.484550000 13.5
2.484600000 13.8
2.484650000 0.5
2.487000000 0.6
2.489950000 0.5
2.490000000 13.8
2.490001000 -40.0
2.490003000 65.0
2.490006000 20.0
2.490010000 5.0
2.490014000 14.5
2.490020000 13.5
2.490030000 13.9
2.490050000 13.8
2.494850000 14.1
2.499550000 13.5
2.499600000 13.8
2.499650000 0.5
2.502000000 0.6
2.504950000 0.5
2.505000000 13.8
2.505001000 -40.0
2.505003000 65.0
2.505006000 20.0
2.505010000 5.0
2.505014000 14.5
2.505020000 13.5
2.505030000 13.9
2.505050000 13.8
2.509850000 14.1
2.514550000 13.5
2.514600000 13.8
2.514650000 0.5
2.517000000 0.6
2.519950000 0.5
2.520000000 13.8
2.520001000 -40.0
2.520003000 65.0
2.520006000 20.0
2.520010000 5.0
2.520014000 14.5
2.520020000 13.5
2.520030000 13.9
2.520050000 13.8
2.524850000 14.1
2.529550000 13.5
2.529600000 13.8
2.529650000 0.5
2.532000000 0.6
2.534950000 0.5
2.535000000 13.8
2.535001000 -40.0
2.535003000 65.0
2.535006000 20.0
2.535010000 5.0
2.535014000 14.5
2.535020000 13.5
2.535030000 13.9
2.535050000 13.8
2.539850000 14.1
2.544550000 13.5
2.544600000 13.8
2.544650000 0.5
2.547000000 0.6
2.549950000 0.5
2.550000000 13.8
2.550001000 -40.0
2.550003000 65.0
2.550006000 20.0
2.550010000 5.0
2.550014000 14.5
2.550020000 13.5
2.550030000 13.9
2.550050000 13.8
2.554850000 14.1
2.559550000 13.5
2.559600000 13.8
2.559650000 0.5
2.562000000 0.6
2.564950000 0.5
2.565000000 13.8
2.565001000 -40.0
2.565003000 65.0
2.565006000 20.0
2.565010000 5.0
2.565014000 14.5
2.565020000 13.5
2.565030000 13.9
2.565050000 13.8
2.569850000 14.1
2.574550000 13.5
2.574600000 13.8
2.574650000 0.5
2.577000000 0.6
2.579950000 0.5
2.580000000 13.8
2.580001000 -40.0
2.580003000 65.0
2.580006000 20.0
2.580010000 5.0
2.580014000 14.5
2.580020000 13.5
2.580030000 13.9
2.580050000 13.8
2.584850000 14.1
2.589550000 13.5
2.589600000 13.8
2.589650000 0.5
2.592000000 0.6
2.594950000 0.5
2.595000000 13.8
2.595001000 -40.0
2.595003000 65.0
2.595006000 20.0
2.595010000 5.0
2.595014000 14.5
2.595020000 13.5
2.595030000 13.9
2.595050000 13.8
2.599850000 14.1
2.604550000 13.5
2.604600000 13.8
2.604650000 0.5
2.607000000 0.6
2.609950000 0.5
2.610000000 13.8
2.610001000 -40.0
2.610003000 65.0
2.610006000 20.0
2.610010000 5.0
2.610014000 14.5
2.610020000 13.5
2.610030000 13.9
2.610050000 13.8
2.614850000 14.1
2.619550000 13.5
2.619600000 13.8
2.619650000 0.5
2.622000000 0.6
2.624950000 0.5
2.625000000 13.8
2.625001000 -40.0
2.625003000 65.0
2.625006000 20.0
2.625010000 5.0
2.625014000 14.5
2.625020000 13.5
2.625030000 13.9
2.625050000 13.8
2.629850000 14.1
2.634550000 13.5
2.634600000 13.8
2.634650000 0.5
2.637000000 0.6
2.639950000 0.5
2.640000000 13.8
2.640001000 -40.0
2.640003000 65.0
2.640006000 20.0
2.640010000 5.0
2.640014000 14.5
2.640020000 13.5
2.640030000 13.9
2.640050000 13.8
2.644850000 14.1
2.649550000 13.5
2.649600000 13.8
2.649650000 0.5
2.652000000 0.6
2.654950000 0.5
2.655000000 13.8
2.655001000 -40.0
2.655003000 65.0
2.655006000 20.0
2.655010000 5.0
2.655014000 14.5
2.655020000 13.5
2.655030000 13.9
2.655050000 13.8
2.659850000 14.1
2.664550000 13.5
2.664600000 13.8
2.664650000 0.5
2.667000000 0.6
2.669950000 0.5
2.670000000 13.8
2.670001000 -40.0
2.670003000 65.0
2.670006000 20.0
2.670010000 5.0
2.670014000 14.5
2.670020000 13.5
2.670030000 13.9
2.670050000 13.8
2.674850000 14.1
2.679550000 13.5
2.679600000 13.8
2.679650000 0.5
2.682000000 0.6
2.684950000 0.5
2.685000000 13.8
2.685001000 -40.0
2.685003000 65.0
2.685006000 20.0
2.685010000 5.0
2.685014000 14.5
2.685020000 13.5
2.685030000 13.9
2.685050000 13.8
2.689850000 14.1
2.694550000 13.5
2.694600000 13.8
2.694650000 0.5
2.697000000 0.6
2.699950000 0.5
2.700000000 13.8
2.700001000 -40.0
2.700003000 65.0
2.700006000 20.0
2.700010000 5.0
2.700014000 14.5
2.700020000 13.5
2.700030000 13.9
2.700050000 13.8
2.704850000 14.1
2.709550000 13.5
2.709600000 13.8
2.709650000 0.5
2.712000000 0.6
2.714950000 0.5
2.715000000 13.8
2.715001000 -40.0
2.715003000 65.0
2.715006000 20.0
2.715010000 5.0
2.715014000 14.5
2.715020000 13.5
2.715030000 13.9
2.715050000 13.8
2.719850000 14.1
2.724550000 13.5
2.724600000 13.8
2.724650000 0.5
2.727000000 0.6
2.729950000 0.5
2.730000000 13.8
2.730001000 -40.0
2.730003000 65.0
2.730006000 20.0
2.730010000 5.0
2.730014000 14.5
2.730020000 13.5
2.730030000 13.9
2.730050000 13.8
2.734850000 14.1
2.739550000 13.5
2.739600000 13.8
2.739650000 0.5
2.742000000 0.6
2.744950000 0.5
2.745000000 13.8
2.745001000 -40.0
2.745003000 65.0
2.745006000 20.0
2.745010000 5.0
2.745014000 14.5
2.745020000 13.5
2.745030000 13.9
2.745050000 13.8
2.749850000 14.1
2.754550000 13.5
2.754600000 13.8
2.754650000 0.5
2.757000000 0.6
2.759950000 0.5
2.760000000 13.8
2.760001000 -40.0
2.760003000 65.0
2.760006000 20.0
2.760010000 5.0
2.760014000 14.5
2.760020000 13.5
2.760030000 13.9
2.760050000 13.8
2.764850000 14.1
2.769550000 13.5
2.769600000 13.8
2.769650000 0.5
2.772000000 0.6
2.774950000 0.5
2.775000000 13.8
2.775001000 -40.0
2.775003000 65.0
2.775006000 20.0
2.775010000 5.0
2.775014000 14.5
2.775020000 13.5
2.775030000 13.9
2.775050000 13.8
2.779850000 14.1
2.784550000 13.5
2.784600000 13.8
2.784650000 0.5
2.787000000 0.6
2.789950000 0.5
2.790000000 13.8
2.790001000 -40.0
2.790003000 65.0
2.790006000 20.0
2.790010000 5.0
2.790014000 14.5
2.790020000 13.5
2.790030000 13.9
2.790050000 13.8
2.794850000 14.1
2.799550000 13.5
2.799600000 13.8
2.799650000 0.5
2.802000000 0.6
2.804950000 0.5
2.805000000 13.8
2.805001000 -40.0
2.805003000 65.0
2.805006000 20.0
2.805010000 5.0
2.805014000 14.5
2.805020000 13.5
2.805030000 13.9
2.805050000 13.8
2.809850000 14.1
2.814550000 13.5
2.814600000 13.8
2.814650000 0.5
2.817000000 0.6
2.819950000 0.5
2.820000000 13.8
2.820001000 -40.0
2.820003000 65.0
2.820006000 20.0
2.820010000 5.0
2.820014000 14.5
2.820020000 13.5
2.820030000 13.9
2.820050000 13.8
2.824850000 14.1
2.829550000 13.5
2.829600000 13.8
2.829650000 0.5
2.832000000 0.6
2.834950000 0.5
2.835000000 13.8
2.835001000 -40.0
2.835003000 65.0
2.835006000 20.0
2.835010000 5.0
2.835014000 14.5
2.835020000 13.5
2.835030000 13.9
2.835050000 13.8
2.839850000 14.1
2.844550000 13.5
2.844600000 13.8
2.844650000 0.5
2.847000000 0.6
2.849950000 0.5
2.850000000 13.8
2.850001000 -40.0
2.850003000 65.0
2.850006000 20.0
2.850010000 5.0
2.850014000 14.5
2.850020000 13.5
2.850030000 13.9
2.850050000 13.8
2.854850000 14.1
2.859550000 13.5
2.859600000 13.8
2.859650000 0.5
2.862000000 0.6
2.864950000 0.5
2.865000000 13.8
2.865001000 -40.0
2.865003000 65.0
2.865006000 20.0
2.865010000 5.0
2.865014000 14.5
2.865020000 13.5
2.865030000 13.9
2.865050000 13.8
2.869850000 14.1
2.874550000 13.5
2.874600000 13.8
2.874650000 0.5
2.877000000 0.6
2.879950000 0.5
2.880000000 13.8
2.880001000 -40.0
2.880003000 65.0
2.880006000 20.0
2.880010000 5.0
2.880014000 14.5
2.880020000 13.5
2.880030000 13.9
2.880050000 13.8
2.884850000 14.1
2.889550000 13.5
2.889600000 13.8
2.889650000 0.5
2.892000000 0.6
2.894950000 0.5
2.895000000 13.8
2.895001000 -40.0
2.895003000 65.0
2.895006000 20.0
2.895010000 5.0
2.895014000 14.5
2.895020000 13.5
2.895030000 13.9
2.895050000 13.8
2.899850000 14.1
2.904550000 13.5
2.904600000 13.8
2.904650000 0.5
2.907000000 0.6
2.909950000 0.5
2.910000000 13.8
2.910001000 -40.0
2.910003000 65.0
2.910006000 20.0
2.910010000 5.0
2.910014000 14.5
2.910020000 13.5
2.910030000 13.9
2.910050000 13.8
2.914850000 14.1
2.919550000 13.5
2.919600000 13.8
2.919650000 0.5
2.922000000 0.6
2.924950000 0.5
2.925000000 13.8
2.925001000 -40.0
2.925003000 65.0
2.925006000 20.0
2.925010000 5.0
2.925014000 14.5
2.925020000 13.5
2.925030000 13.9
2.925050000 13.8
2.929850000 14.1
2.934550000 13.5
2.934600000 13.8
2.934650000 0.5
2.937000000 0.6
2.939950000 0.5
2.940000000 13.8
2.940001000 -40.0
2.940003000 65.0
2.940006000 20.0
2.940010000 5.0
2.940014000 14.5
2.940020000 13.5
2.940030000 13.9
2.940050000 13.8
2.944850000 14.1
2.949550000 13.5
2.949600000 13.8
2.949650000 0.5
2.952000000 0.6
2.954950000 0.5
2.955000000 13.8
2.955001000 -40.0
2.955003000 65.0
2.955006000 20.0
2.955010000 5.0
2.955014000 14.5
2.955020000 13.5
2.955030000 13.9
2.955050000 13.8
2.959850000 14.1
2.964550000 13.5
2.964600000 13.8
2.964650000 0.5
2.967000000 0.6
2.969950000 0.5
2.970000000 13.8
2.970001000 -40.0
2.970003000 65.0
2.970006000 20.0
2.970010000 5.0
2.970014000 14.5
2.970020000 13.5
2.970030000 13.9
2.970050000 13.8
2.974850000 14.1
2.979550000 13.5
2.979600000 13.8
2.979650000 0.5
2.982000000 0.6
2.984950000 0.5
2.985000000 13.8
2.985001000 -40.0
2.985003000 65.0
2.985006000 20.0
2.985010000 5.0
2.985014000 14.5
2.985020000 13.5
2.985030000 13.9
2.985050000 13.8
2.989850000 14.1
2.994550000 13.5
2.994600000 13.8
2.994650000 0.5
2.997000000 0.6
2.999950000 0.5
3.000000000 13.8
3.000001000 -40.0
3.000003000 65.0
3.000006000 20.0
3.000010000 5.0
3.000014000 14.5
3.000020000 13.5
3.000030000 13.9
3.000050000 13.8
3.004850000 14.1
3.009550000 13.5
3.009600000 13.8
3.009650000 0.5
3.012000000 0.6
3.014950000 0.5
3.015000000 13.8
3.015001000 -40.0
3.015003000 65.0
3.015006000 20.0
3.015010000 5.0
3.015014000 14.5
3.015020000 13.5
3.015030000 13.9
3.015050000 13.8
3.019850000 14.1
3.024550000 13.5
3.024600000 13.8
3.024650000 0.5
3.027000000 0.6
3.029950000 0.5
3.030000000 13.8
3.030001000 -40.0
3.030003000 65.0
3.030006000 20.0
3.030010000 5.0
3.030014000 14.5
3.030020000 13.5
3.030030000 13.9
3.030050000 13.8
3.034850000 14.1
3.039550000 13.5
3.039600000 13.8
3.039650000 0.5
3.042000000 0.6
3.044950000 0.5
3.045000000 13.8
3.045001000 -40.0
3.045003000 65.0
3.045006000 20.0
3.045010000 5.0
3.045014000 14.5
3.045020000 13.5
3.045030000 13.9
3.045050000 13.8
3.049850000 14.1
3.054550000 13.5
3.054600000 13.8
3.054650000 0.5
3.057000000 0.6
3.059950000 0.5
3.060000000 13.8
3.060001000 -40.0
3.060003000 65.0
3.060006000 20.0
3.060010000 5.0
3.060014000 14.5
3.060020000 13.5
3.060030000 13.9
3.060050000 13.8
3.064850000 14.1
3.069550000 13.5
3.069600000 13.8
3.069650000 0.5
3.072000000 0.6
3.074950000 0.5
3.075000000 13.8
3.075001000 -40.0
3.075003000 65.0
3.075006000 20.0
3.075010000 5.0
3.075014000 14.5
3.075020000 13.5
3.075030000 13.9
3.075050000 13.8
3.079850000 14.1
3.084550000 13.5
3.084600000 13.8
3.084650000 0.5
3.087000000 0.6
3.089950000 0.5
3.090000000 13.8
3.090001000 -40.0
3.090003000 65.0
3.090006000 20.0
3.090010000 5.0
3.090014000 14.5
3.090020000 13.5
3.090030000 13.9
3.090050000 13.8
3.094850000 14.1
3.099550000 13.5
3.099600000 13.8
3.099650000 0.5
3.102000000 0.6
3.104950000 0.5
3.105000000 13.8
3.105001000 -40.0
3.105003000 65.0
3.105006000 20.0
3.105010000 5.0
3.105014000 14.5
3.105020000 13.5
3.105030000 13.9
3.105050000 13.8
3.109850000 14.1
3.114550000 13.5
3.114600000 13.8
3.114650000 0.5
3.117000000 0.6
3.119950000 0.5
3.120000000 13.8
3.120001000 -40.0
3.120003000 65.0
3.120006000 20.0
3.120010000 5.0
3.120014000 14.5
3.120020000 13.5
3.120030000 13.9
3.120050000 13.8
3.124850000 14.1
3.129550000 13.5
3.129600000 13.8
3.129650000 0.5
3.132000000 0.6
3.134950000 0.5
3.135000000 13.8
3.135001000 -40.0
3.135003000 65.0
3.135006000 20.0
3.135010000 5.0
3.135014000 14.5
3.135020000 13.5
3.135030000 13.9
3.135050000 13.8
3.139850000 14.1
3.144550000 13.5
3.144600000 13.8
3.144650000 0.5
3.147000000 0.6
3.149950000 0.5
3.150000000 13.8
3.150001000 -40.0
3.150003000 65.0
3.150006000 20.0
3.150010000 5.0
3.150014000 14.5
3.150020000 13.5
3.150030000 13.9
3.150050000 13.8
3.154850000 14.1
3.159550000 13.5
3.159600000 13.8
3.159650000 0.5
3.162000000 0.6
3.164950000 0.5
3.165000000 13.8
3.165001000 -40.0
3.165003000 65.0
3.165006000 20.0
3.165010000 5.0
3.165014000 14.5
3.165020000 13.5
3.165030000 13.9
3.165050000 13.8
3.169850000 14.1
3.174550000 13.5
3.174600000 13.8
3.174650000 0.5
3.177000000 0.6
3.179950000 0.5
3.180000000 13.8
3.180001000 -40.0
3.180003000 65.0
3.180006000 20.0
3.180010000 5.0
3.180014000 14.5
3.180020000 13.5
3.180030000 13.9
3.180050000 13.8
3.184850000 14.1
3.189550000 13.5
3.189600000 13.8
3.189650000 0.5
3.192000000 0.6
3.194950000 0.5
3.195000000 13.8
3.195001000 -40.0
3.195003000 65.0
3.195006000 20.0
3.195010000 5.0
3.195014000 14.5
3.195020000 13.5
3.195030000 13.9
3.195050000 13.8
3.199850000 14.1
3.204550000 13.5
3.204600000 13.8
3.204650000 0.5
3.207000000 0.6
3.209950000 0.5
3.210000000 13.8
3.210001000 -40.0
3.210003000 65.0
3.210006000 20.0
3.210010000 5.0
3.210014000 14.5
3.210020000 13.5
3.210030000 13.9
3.210050000 13.8
3.214850000 14.1
3.219550000 13.5
3.219600000 13.8
3.219650000 0.5
3.222000000 0.6
3.224950000 0.5
3.225000000 13.8
3.225001000 -40.0
3.225003000 65.0
3.225006000 20.0
3.225010000 5.0
3.225014000 14.5
3.225020000 13.5
3.225030000 13.9
3.225050000 13.8
3.229850000 14.1
3.234550000 13.5
3.234600000 13.8
3.234650000 0.5
3.237000000 0.6
3.239950000 0.5
3.240000000 13.8
3.240001000 -40.0
3.240003000 65.0
3.240006000 20.0
3.240010000 5.0
3.240014000 14.5
3.240020000 13.5
3.240030000 13.9
3.240050000 13.8
3.244850000 14.1
3.249550000 13.5
3.249600000 13.8
3.249650000 0.5
3.252000000 0.6
3.254950000 0.5
3.255000000 13.8
3.255001000 -40.0
3.255003000 65.0
3.255006000 20.0
3.255010000 5.0
3.255014000 14.5
3.255020000 13.5
3.255030000 13.9
3.255050000 13.8
3.259850000 14.1
3.264550000 13.5
3.264600000 13.8
3.264650000 0.5
3.267000000 0.6
3.269950000 0.5
3.270000000 13.8
3.270001000 -40.0
3.270003000 65.0
3.270006000 20.0
3.270010000 5.0
3.270014000 14.5
3.270020000 13.5
3.270030000 13.9
3.270050000 13.8
3.274850000 14.1
3.279550000 13.5
3.279600000 13.8
3.279650000 0.5
3.282000000 0.6
3.284950000 0.5
3.285000000 13.8
3.285001000 -40.0
3.285003000 65.0
3.285006000 20.0
3.285010000 5.0
3.285014000 14.5
3.285020000 13.5
3.285030000 13.9
3.285050000 13.8
3.289850000 14.1
3.294550000 13.5
3.294600000 13.8
3.294650000 0.5
3.297000000 0.6
3.299950000 0.5
3.300000000 13.8
3.300001000 -40.0
3.300003000 65.0
3.300006000 20.0
3.300010000 5.0
3.300014000 14.5
3.300020000 13.5
3.300030000 13.9
3.300050000 13.8
3.304850000 14.1
3.309550000 13.5
3.309600000 13.8
3.309650000 0.5
3.312000000 0.6
3.314950000 0.5
3.315000000 13.8
3.315001000 -40.0
3.315003000 65.0
3.315006000 20.0
3.315010000 5.0
3.315014000 14.5
3.315020000 13.5
3.315030000 13.9
3.315050000 13.8
3.319850000 14.1
3.324550000 13.5
3.324600000 13.8
3.324650000 0.5
3.327000000 0.6
3.329950000 0.5
3.330000000 13.8
3.330001000 -40.0
3.330003000 65.0
3.330006000 20.0
3.330010000 5.0
3.330014000 14.5
3.330020000 13.5
3.330030000 13.9
3.330050000 13.8
3.334850000 14.1
3.339550000 13.5
3.339600000 13.8
3.339650000 0.5
3.342000000 0.6
3.344950000 0.5
3.345000000 13.8
3.345001000 -40.0
3.345003000 65.0
3.345006000 20.0
3.345010000 5.0
3.345014000 14.5
3.345020000 13.5
3.345030000 13.9
3.345050000 13.8
3.349850000 14.1
3.354550000 13.5
3.354600000 13.8
3.354650000 0.5
3.357000000 0.6
3.359950000 0.5
3.360000000 13.8
3.360001000 -40.0
3.360003000 65.0
3.360006000 20.0
3.360010000 5.0
3.360014000 14.5
3.360020000 13.5
3.360030000 13.9
3.360050000 13.8
3.364850000 14.1
3.369550000 13.5
3.369600000 13.8
3.369650000 0.5
3.372000000 0.6
3.374950000 0.5
3.375000000 13.8
3.375001000 -40.0
3.375003000 65.0
3.375006000 20.0
3.375010000 5.0
3.375014000 14.5
3.375020000 13.5
3.375030000 13.9
3.375050000 13.8
3.379850000 14.1
3.384550000 13.5
3.384600000 13.8
3.384650000 0.5
3.387000000 0.6
3.389950000 0.5
3.390000000 13.8
3.390001000 -40.0
3.390003000 65.0
3.390006000 20.0
3.390010000 5.0
3.390014000 14.5
3.390020000 13.5
3.390030000 13.9
3.390050000 13.8
3.394850000 14.1
3.399550000 13.5
3.399600000 13.8
3.399650000 0.5
3.402000000 0.6
3.404950000 0.5
3.405000000 13.8
3.405001000 -40.0
3.405003000 65.0
3.405006000 20.0
3.405010000 5.0
3.405014000 14.5
3.405020000 13.5
3.405030000 13.9
3.405050000 13.8
3.409850000 14.1
3.414550000 13.5
3.414600000 13.8
3.414650000 0.5
3.417000000 0.6
3.419950000 0.5
3.420000000 13.8
3.420001000 -40.0
3.420003000 65.0
3.420006000 20.0
3.420010000 5.0
3.420014000 14.5
3.420020000 13.5
3.420030000 13.9
3.420050000 13.8
3.424850000 14.1
3.429550000 13.5
3.429600000 13.8
3.429650000 0.5
3.432000000 0.6
3.434950000 0.5
3.435000000 13.8
3.435001000 -40.0
3.435003000 65.0
3.435006000 20.0
3.435010000 5.0
3.435014000 14.5
3.435020000 13.5
3.435030000 13.9
3.435050000 13.8
3.439850000 14.1
3.444550000 13.5
3.444600000 13.8
3.444650000 0.5
3.447000000 0.6
3.449950000 0.5
3.450000000 13.8
3.450001000 -40.0
3.450003000 65.0
3.450006000 20.0
3.450010000 5.0
3.450014000 14.5
3.450020000 13.5
3.450030000 13.9
3.450050000 13.8
3.454850000 14.1
3.459550000 13.5
3.459600000 13.8
3.459650000 0.5
3.462000000 0.6
3.464950000 0.5
3.465000000 13.8
3.465001000 -40.0
3.465003000 65.0
3.465006000 20.0
3.465010000 5.0
3.465014000 14.5
3.465020000 13.5
3.465030000 13.9
3.465050000 13.8
3.469850000 14.1
3.474550000 13.5
3.474600000 13.8
3.474650000 0.5
3.477000000 0.6
3.479950000 0.5
3.480000000 13.8
3.480001000 -40.0
3.480003000 65.0
3.480006000 20.0
3.480010000 5.0
3.480014000 14.5
3.480020000 13.5
3.480030000 13.9
3.480050000 13.8
3.484850000 14.1
3.489550000 13.5
3.489600000 13.8
3.489650000 0.5
3.492000000 0.6
3.494950000 0.5
3.495000000 13.8
3.495001000 -40.0
3.495003000 65.0
3.495006000 20.0
3.495010000 5.0
3.495014000 14.5
3.495020000 13.5
3.495030000 13.9
3.495050000 13.8
3.499850000 14.1
3.504550000 13.5
3.504600000 13.8
3.504650000 0.5
3.507000000 0.6
3.509950000 0.5
3.510000000 13.8
3.510001000 -40.0
3.510003000 65.0
3.510006000 20.0
3.510010000 5.0
3.510014000 14.5
3.510020000 13.5
3.510030000 13.9
3.510050000 13.8
3.514850000 14.1
3.519550000 13.5
3.519600000 13.8
3.519650000 0.5
3.522000000 0.6
3.524950000 0.5
3.525000000 13.8
3.525001000 -40.0
3.525003000 65.0
3.525006000 20.0
3.525010000 5.0
3.525014000 14.5
3.525020000 13.5
3.525030000 13.9
3.525050000 13.8
3.529850000 14.1
3.534550000 13.5
3.534600000 13.8
3.534650000 0.5
3.537000000 0.6
3.539950000 0.5
3.540000000 13.8
3.540001000 -40.0
3.540003000 65.0
3.540006000 20.0
3.540010000 5.0
3.540014000 14.5
3.540020000 13.5
3.540030000 13.9
3.540050000 13.8
3.544850000 14.1
3.549550000 13.5
3.549600000 13.8
3.549650000 0.5
3.552000000 0.6
3.554950000 0.5
3.555000000 13.8
3.555001000 -40.0
3.555003000 65.0
3.555006000 20.0
3.555010000 5.0
3.555014000 14.5
3.555020000 13.5
3.555030000 13.9
3.555050000 13.8
3.559850000 14.1
3.564550000 13.5
3.564600000 13.8
3.564650000 0.5
3.567000000 0.6
3.569950000 0.5
3.570000000 13.8
3.570001000 -40.0
3.570003000 65.0
3.570006000 20.0
3.570010000 5.0
3.570014000 14.5
3.570020000 13.5
3.570030000 13.9
3.570050000 13.8
3.574850000 14.1
3.579550000 13.5
3.579600000 13.8
3.579650000 0.5
3.582000000 0.6
3.584950000 0.5
3.585000000 13.8
3.585001000 -40.0
3.585003000 65.0
3.585006000 20.0
3.585010000 5.0
3.585014000 14.5
3.585020000 13.5
3.585030000 13.9
3.585050000 13.8
3.589850000 14.1
3.594550000 13.5
3.594600000 13.8
3.594650000 0.5
3.597000000 0.6
3.599950000 0.5
3.600000000 13.8
3.600001000 -40.0
3.600003000 65.0
3.600006000 20.0
3.600010000 5.0
3.600014000 14.5
3.600020000 13.5
3.600030000 13.9
3.600050000 13.8
3.604850000 14.1
3.609550000 13.5
3.609600000 13.8
3.609650000 0.5
3.612000000 0.6
3.614950000 0.5
3.615000000 13.8
3.615001000 -40.0
3.615003000 65.0
3.615006000 20.0
3.615010000 5.0
3.615014000 14.5
3.615020000 13.5
3.615030000 13.9
3.615050000 13.8
3.619850000 14.1
3.624550000 13.5
3.624600000 13.8
3.624650000 0.5
3.627000000 0.6
3.629950000 0.5
3.630000000 13.8
3.630001000 -40.0
3.630003000 65.0
3.630006000 20.0
3.630010000 5.0
3.630014000 14.5
3.630020000 13.5
3.630030000 13.9
3.630050000 13.8
3.634850000 14.1
3.639550000 13.5
3.639600000 13.8
3.639650000 0.5
3.642000000 0.6
3.644950000 0.5
3.645000000 13.8
3.645001000 -40.0
3.645003000 65.0
3.645006000 20.0
3.645010000 5.0
3.645014000 14.5
3.645020000 13.5
3.645030000 13.9
3.645050000 13.8
3.649850000 14.1
3.654550000 13.5
3.654600000 13.8
3.654650000 0.5
3.657000000 0.6
3.659950000 0.5
3.660000000 13.8
3.660001000 -40.0
3.660003000 65.0
3.660006000 20.0
3.660010000 5.0
3.660014000 14.5
3.660020000 13.5
3.660030000 13.9
3.660050000 13.8
3.664850000 14.1
3.669550000 13.5
3.669600000 13.8
3.669650000 0.5
3.672000000 0.6
3.674950000 0.5
3.675000000 13.8
3.675001000 -40.0
3.675003000 65.0
3.675006000 20.0
3.675010000 5.0
3.675014000 14.5
3.675020000 13.5
3.675030000 13.9
3.675050000 13.8
3.679850000 14.1
3.684550000 13.5
3.684600000 13.8
3.684650000 0.5
3.687000000 0.6
3.689950000 0.5
3.690000000 13.8
3.690001000 -40.0
3.690003000 65.0
3.690006000 20.0
3.690010000 5.0
3.690014000 14.5
3.690020000 13.5
3.690030000 13.9
3.690050000 13.8
3.694850000 14.1
3.699550000 13.5
3.699600000 13.8
3.699650000 0.5
3.702000000 0.6
3.704950000 0.5
3.705000000 13.8
3.705001000 -40.0
3.705003000 65.0
3.705006000 20.0
3.705010000 5.0
3.705014000 14.5
3.705020000 13.5
3.705030000 13.9
3.705050000 13.8
3.709850000 14.1
3.714550000 13.5
3.714600000 13.8
3.714650000 0.5
3.717000000 0.6
3.719950000 0.5
3.720000000 13.8
3.720001000 -40.0
3.720003000 65.0
3.720006000 20.0
3.720010000 5.0
3.720014000 14.5
3.720020000 13.5
3.720030000 13.9
3.720050000 13.8
3.724850000 14.1
3.729550000 13.5
3.729600000 13.8
3.729650000 0.5
3.732000000 0.6
3.734950000 0.5
3.735000000 13.8
3.735001000 -40.0
3.735003000 65.0
3.735006000 20.0
3.735010000 5.0
3.735014000 14.5
3.735020000 13.5
3.735030000 13.9
3.735050000 13.8
3.739850000 14.1
3.744550000 13.5
3.744600000 13.8
3.744650000 0.5
3.747000000 0.6
3.749950000 0.5
3.750000000 13.8
3.750001000 -40.0
3.750003000 65.0
3.750006000 20.0
3.750010000 5.0
3.750014000 14.5
3.750020000 13.5
3.750030000 13.9
3.750050000 13.8
3.754850000 14.1
3.759550000 13.5
3.759600000 13.8
3.759650000 0.5
3.762000000 0.6
3.764950000 0.5
3.765000000 13.8
3.765001000 -40.0
3.765003000 65.0
3.765006000 20.0
3.765010000 5.0
3.765014000 14.5
3.765020000 13.5
3.765030000 13.9
3.765050000 13.8
3.769850000 14.1
3.774550000 13.5
3.774600000 13.8
3.774650000 0.5
3.777000000 0.6
3.779950000 0.5
3.780000000 13.8
3.780001000 -40.0
3.780003000 65.0
3.780006000 20.0
3.780010000 5.0
3.780014000 14.5
3.780020000 13.5
3.780030000 13.9
3.780050000 13.8
3.784850000 14.1
3.789550000 13.5
3.789600000 13.8
3.789650000 0.5
3.792000000 0.6
3.794950000 0.5
3.795000000 13.8
3.795001000 -40.0
3.795003000 65.0
3.795006000 20.0
3.795010000 5.0
3.795014000 14.5
3.795020000 13.5
3.795030000 13.9
3.795050000 13.8
3.799850000 14.1
3.804550000 13.5
3.804600000 13.8
3.804650000 0.5
3.807000000 0.6
3.809950000 0.5
3.810000000 13.8
3.810001000 -40.0
3.810003000 65.0
3.810006000 20.0
3.810010000 5.0
3.810014000 14.5
3.810020000 13.5
3.810030000 13.9
3.810050000 13.8
3.814850000 14.1
3.819550000 13.5
3.819600000 13.8
3.819650000 0.5
3.822000000 0.6
3.824950000 0.5
3.825000000 13.8
3.825001000 -40.0
3.825003000 65.0
3.825006000 20.0
3.825010000 5.0
3.825014000 14.5
3.825020000 13.5
3.825030000 13.9
3.825050000 13.8
3.829850000 14.1
3.834550000 13.5
3.834600000 13.8
3.834650000 0.5
3.837000000 0.6
3.839950000 0.5
3.840000000 13.8
3.840001000 -40.0
3.840003000 65.0
3.840006000 20.0
3.840010000 5.0
3.840014000 14.5
3.840020000 13.5
3.840030000 13.9
3.840050000 13.8
3.844850000 14.1
3.849550000 13.5
3.849600000 13.8
3.849650000 0.5
3.852000000 0.6
3.854950000 0.5
3.855000000 13.8
3.855001000 -40.0
3.855003000 65.0
3.855006000 20.0
3.855010000 5.0
3.855014000 14.5
3.855020000 13.5
3.855030000 13.9
3.855050000 13.8
3.859850000 14.1
3.864550000 13.5
3.864600000 13.8
3.864650000 0.5
3.867000000 0.6
3.869950000 0.5
3.870000000 13.8
3.870001000 -40.0
3.870003000 65.0
3.870006000 20.0
3.870010000 5.0
3.870014000 14.5
3.870020000 13.5
3.870030000 13.9
3.870050000 13.8
3.874850000 14.1
3.879550000 13.5
3.879600000 13.8
3.879650000 0.5
3.882000000 0.6
3.884950000 0.5
3.885000000 13.8
3.885001000 -40.0
3.885003000 65.0
3.885006000 20.0
3.885010000 5.0
3.885014000 14.5
3.885020000 13.5
3.885030000 13.9
3.885050000 13.8
3.889850000 14.1
3.894550000 13.5
3.894600000 13.8
3.894650000 0.5
3.897000000 0.6
3.899950000 0.5
3.900000000 13.8
3.900001000 -40.0
3.900003000 65.0
3.900006000 20.0
3.900010000 5.0
3.900014000 14.5
3.900020000 13.5
3.900030000 13.9
3.900050000 13.8
3.904850000 14.1
3.909550000 13.5
3.909600000 13.8
3.909650000 0.5
3.912000000 0.6
3.914950000 0.5
3.915000000 13.8
3.915001000 -40.0
3.915003000 65.0
3.915006000 20.0
3.915010000 5.0
3.915014000 14.5
3.915020000 13.5
3.915030000 13.9
3.915050000 13.8
3.919850000 14.1
3.924550000 13.5
3.924600000 13.8
3.924650000 0.5
3.927000000 0.6
3.929950000 0.5
3.930000000 13.8
3.930001000 -40.0
3.930003000 65.0
3.930006000 20.0
3.930010000 5.0
3.930014000 14.5
3.930020000 13.5
3.930030000 13.9
3.930050000 13.8
3.934850000 14.1
3.939550000 13.5
3.939600000 13.8
3.939650000 0.5
3.942000000 0.6
3.944950000 0.5
3.945000000 13.8
3.945001000 -40.0
3.945003000 65.0
3.945006000 20.0
3.945010000 5.0
3.945014000 14.5
3.945020000 13.5
3.945030000 13.9
3.945050000 13.8
3.949850000 14.1
3.954550000 13.5
3.954600000 13.8
3.954650000 0.5
3.957000000 0.6
3.959950000 0.5
3.960000000 13.8
3.960001000 -40.0
3.960003000 65.0
3.960006000 20.0
3.960010000 5.0
3.960014000 14.5
3.960020000 13.5
3.960030000 13.9
3.960050000 13.8
3.964850000 14.1
3.969550000 13.5
3.969600000 13.8
3.969650000 0.5
3.972000000 0.6
3.974950000 0.5
3.975000000 13.8
3.975001000 -40.0
3.975003000 65.0
3.975006000 20.0
3.975010000 5.0
3.975014000 14.5
3.975020000 13.5
3.975030000 13.9
3.975050000 13.8
3.979850000 14.1
3.984550000 13.5
3.984600000 13.8
3.984650000 0.5
3.987000000 0.6
3.989950000 0.5
3.990000000 13.8
3.990001000 -40.0
3.990003000 65.0
3.990006000 20.0
3.990010000 5.0
3.990014000 14.5
3.990020000 13.5
3.990030000 13.9
3.990050000 13.8
3.994850000 14.1
3.999550000 13.5
3.999600000 13.8
3.999650000 0.5
4.002000000 0.6
4.004950000 0.5
4.005000000 13.8
4.005001000 -40.0
4.005003000 65.0
4.005006000 20.0
4.005010000 5.0
4.005014000 14.5
4.005020000 13.5
4.005030000 13.9
4.005050000 13.8
4.009850000 14.1
4.014550000 13.5
4.014600000 13.8
4.014650000 0.5
4.017000000 0.6
4.019950000 0.5
4.020000000 13.8
4.020001000 -40.0
4.020003000 65.0
4.020006000 20.0
4.020010000 5.0
4.020014000 14.5
4.020020000 13.5
4.020030000 13.9
4.020050000 13.8
4.024850000 14.1
4.029550000 13.5
4.029600000 13.8
4.029650000 0.5
4.032000000 0.6
4.034950000 0.5
4.035000000 13.8
4.035001000 -40.0
4.035003000 65.0
4.035006000 20.0
4.035010000 5.0
4.035014000 14.5
4.035020000 13.5
4.035030000 13.9
4.035050000 13.8
4.039850000 14.1
4.044550000 13.5
4.044600000 13.8
4.044650000 0.5
4.047000000 0.6
4.049950000 0.5
4.050000000 13.8
4.050001000 -40.0
4.050003000 65.0
4.050006000 20.0
4.050010000 5.0
4.050014000 14.5
4.050020000 13.5
4.050030000 13.9
4.050050000 13.8
4.054850000 14.1
4.059550000 13.5
4.059600000 13.8
4.059650000 0.5
4.062000000 0.6
4.064950000 0.5
4.065000000 13.8
4.065001000 -40.0
4.065003000 65.0
4.065006000 20.0
4.065010000 5.0
4.065014000 14.5
4.065020000 13.5
4.065030000 13.9
4.065050000 13.8
4.069850000 14.1
4.074550000 13.5
4.074600000 13.8
4.074650000 0.5
4.077000000 0.6
4.079950000 0.5
4.080000000 13.8
4.080001000 -40.0
4.080003000 65.0
4.080006000 20.0
4.080010000 5.0
4.080014000 14.5
4.080020000 13.5
4.080030000 13.9
4.080050000 13.8
4.084850000 14.1
4.089550000 13.5
4.089600000 13.8
4.089650000 0.5
4.092000000 0.6
4.094950000 0.5
4.095000000 13.8
4.095001000 -40.0
4.095003000 65.0
4.095006000 20.0
4.095010000 5.0
4.095014000 14.5
4.095020000 13.5
4.095030000 13.9
4.095050000 13.8
4.099850000 14.1
4.104550000 13.5
4.104600000 13.8
4.104650000 0.5
4.107000000 0.6
4.109950000 0.5
4.110000000 13.8
4.110001000 -40.0
4.110003000 65.0
4.110006000 20.0
4.110010000 5.0
4.110014000 14.5
4.110020000 13.5
4.110030000 13.9
4.110050000 13.8
4.114850000 14.1
4.119550000 13.5
4.119600000 13.8
4.119650000 0.5
4.122000000 0.6
4.124950000 0.5
4.125000000 13.8
4.125001000 -40.0
4.125003000 65.0
4.125006000 20.0
4.125010000 5.0
4.125014000 14.5
4.125020000 13.5
4.125030000 13.9
4.125050000 13.8
4.129850000 14.1
4.134550000 13.5
4.134600000 13.8
4.134650000 0.5
4.137000000 0.6
4.139950000 0.5
4.140000000 13.8
4.140001000 -40.0
4.140003000 65.0
4.140006000 20.0
4.140010000 5.0
4.140014000 14.5
4.140020000 13.5
4.140030000 13.9
4.140050000 13.8
4.144850000 14.1
4.149550000 13.5
4.149600000 13.8
4.149650000 0.5
4.152000000 0.6
4.154950000 0.5
4.155000000 13.8
4.155001000 -40.0
4.155003000 65.0
4.155006000 20.0
4.155010000 5.0
4.155014000 14.5
4.155020000 13.5
4.155030000 13.9
4.155050000 13.8
4.159850000 14.1
4.164550000 13.5
4.164600000 13.8
4.164650000 0.5
4.167000000 0.6
4.169950000 0.5
4.170000000 13.8
4.170001000 -40.0
4.170003000 65.0
4.170006000 20.0
4.170010000 5.0
4.170014000 14.5
4.170020000 13.5
4.170030000 13.9
4.170050000 13.8
4.174850000 14.1
4.179550000 13.5
4.179600000 13.8
4.179650000 0.5
4.182000000 0.6
4.184950000 0.5
4.185000000 13.8
4.185001000 -40.0
4.185003000 65.0
4.185006000 20.0
4.185010000 5.0
4.185014000 14.5
4.185020000 13.5
4.185030000 13.9
4.185050000 13.8
4.189850000 14.1
4.194550000 13.5
4.194600000 13.8
4.194650000 0.5
4.197000000 0.6
4.199950000 0.5
4.200000000 13.8
4.200001000 -40.0
4.200003000 65.0
4.200006000 20.0
4.200010000 5.0
4.200014000 14.5
4.200020000 13.5
4.200030000 13.9
4.200050000 13.8
4.204850000 14.1
4.209550000 13.5
4.209600000 13.8
4.209650000 0.5
4.212000000 0.6
4.214950000 0.5
4.215000000 13.8
4.215001000 -40.0
4.215003000 65.0
4.215006000 20.0
4.215010000 5.0
4.215014000 14.5
4.215020000 13.5
4.215030000 13.9
4.215050000 13.8
4.219850000 14.1
4.224550000 13.5
4.224600000 13.8
4.224650000 0.5
4.227000000 0.6
4.229950000 0.5
4.230000000 13.8
4.230001000 -40.0
4.230003000 65.0
4.230006000 20.0
4.230010000 5.0
4.230014000 14.5
4.230020000 13.5
4.230030000 13.9
4.230050000 13.8
4.234850000 14.1
4.239550000 13.5
4.239600000 13.8
4.239650000 0.5
4.242000000 0.6
4.244950000 0.5
4.245000000 13.8
4.245001000 -40.0
4.245003000 65.0
4.245006000 20.0
4.245010000 5.0
4.245014000 14.5
4.245020000 13.5
4.245030000 13.9
4.245050000 13.8
4.249850000 14.1
4.254550000 13.5
4.254600000 13.8
4.254650000 0.5
4.257000000 0.6
4.259950000 0.5
4.260000000 13.8
4.260001000 -40.0
4.260003000 65.0
4.260006000 20.0
4.260010000 5.0
4.260014000 14.5
4.260020000 13.5
4.260030000 13.9
4.260050000 13.8
4.264850000 14.1
4.269550000 13.5
4.269600000 13.8
4.269650000 0.5
4.272000000 0.6
4.274950000 0.5
4.275000000 13.8
4.275001000 -40.0
4.275003000 65.0
4.275006000 20.0
4.275010000 5.0
4.275014000 14.5
4.275020000 13.5
4.275030000 13.9
4.275050000 13.8
4.279850000 14.1
4.284550000 13.5
4.284600000 13.8
4.284650000 0.5
4.287000000 0.6
4.289950000 0.5
4.290000000 13.8
4.290001000 -40.0
4.290003000 65.0
4.290006000 20.0
4.290010000 5.0
4.290014000 14.5
4.290020000 13.5
4.290030000 13.9
4.290050000 13.8
4.294850000 14.1
4.299550000 13.5
4.299600000 13.8
4.299650000 0.5
4.302000000 0.6
4.304950000 0.5
4.305000000 13.8
4.305001000 -40.0
4.305003000 65.0
4.305006000 20.0
4.305010000 5.0
4.305014000 14.5
4.305020000 13.5
4.305030000 13.9
4.305050000 13.8
4.309850000 14.1
4.314550000 13.5
4.314600000 13.8
4.314650000 0.5
4.317000000 0.6
4.319950000 0.5
4.320000000 13.8
4.320001000 -40.0
4.320003000 65.0
4.320006000 20.0
4.320010000 5.0
4.320014000 14.5
4.320020000 13.5
4.320030000 13.9
4.320050000 13.8
4.324850000 14.1
4.329550000 13.5
4.329600000 13.8
4.329650000 0.5
4.332000000 0.6
4.334950000 0.5
4.335000000 13.8
4.335001000 -40.0
4.335003000 65.0
4.335006000 20.0
4.335010000 5.0
4.335014000 14.5
4.335020000 13.5
4.335030000 13.9
4.335050000 13.8
4.339850000 14.1
4.344550000 13.5
4.344600000 13.8
4.344650000 0.5
4.347000000 0.6
4.349950000 0.5
4.350000000 13.8
4.350001000 -40.0
4.350003000 65.0
4.350006000 20.0
4.350010000 5.0
4.350014000 14.5
4.350020000 13.5
4.350030000 13.9
4.350050000 13.8
4.354850000 14.1
4.359550000 13.5
4.359600000 13.8
4.359650000 0.5
4.362000000 0.6
4.364950000 0.5
4.365000000 13.8
4.365001000 -40.0
4.365003000 65.0
4.365006000 20.0
4.365010000 5.0
4.365014000 14.5
4.365020000 13.5
4.365030000 13.9
4.365050000 13.8
4.369850000 14.1
4.374550000 13.5
4.374600000 13.8
4.374650000 0.5
4.377000000 0.6
4.379950000 0.5
4.380000000 13.8
4.380001000 -40.0
4.380003000 65.0
4.380006000 20.0
4.380010000 5.0
4.380014000 14.5
4.380020000 13.5
4.380030000 13.9
4.380050000 13.8
4.384850000 14.1
4.389550000 13.5
4.389600000 13.8
4.389650000 0.5
4.392000000 0.6
4.394950000 0.5
4.395000000 13.8
4.395001000 -40.0
4.395003000 65.0
4.395006000 20.0
4.395010000 5.0
4.395014000 14.5
4.395020000 13.5
4.395030000 13.9
4.395050000 13.8
4.399850000 14.1
4.404550000 13.5
4.404600000 13.8
4.404650000 0.5
4.407000000 0.6
4.409950000 0.5
4.410000000 13.8
4.410001000 -40.0
4.410003000 65.0
4.410006000 20.0
4.410010000 5.0
4.410014000 14.5
4.410020000 13.5
4.410030000 13.9
4.410050000 13.8
4.414850000 14.1
4.419550000 13.5
4.419600000 13.8
4.419650000 0.5
4.422000000 0.6
4.424950000 0.5
4.425000000 13.8
4.425001000 -40.0
4.425003000 65.0
4.425006000 20.0
4.425010000 5.0
4.425014000 14.5
4.425020000 13.5
4.425030000 13.9
4.425050000 13.8
4.429850000 14.1
4.434550000 13.5
4.434600000 13.8
4.434650000 0.5
4.437000000 0.6
4.439950000 0.5
4.440000000 13.8
4.440001000 -40.0
4.440003000 65.0
4.440006000 20.0
4.440010000 5.0
4.440014000 14.5
4.440020000 13.5
4.440030000 13.9
4.440050000 13.8
4.444850000 14.1
4.449550000 13.5
4.449600000 13.8
4.449650000 0.5
4.452000000 0.6
4.454950000 0.5
4.455000000 13.8
4.455001000 -40.0
4.455003000 65.0
4.455006000 20.0
4.455010000 5.0
4.455014000 14.5
4.455020000 13.5
4.455030000 13.9
4.455050000 13.8
4.459850000 14.1
4.464550000 13.5
4.464600000 13.8
4.464650000 0.5
4.467000000 0.6
4.469950000 0.5
4.470000000 13.8
4.470001000 -40.0
4.470003000 65.0
4.470006000 20.0
4.470010000 5.0
4.470014000 14.5
4.470020000 13.5
4.470030000 13.9
4.470050000 13.8
4.474850000 14.1
4.479550000 13.5
4.479600000 13.8
4.479650000 0.5
4.482000000 0.6
4.484950000 0.5
4.485000000 13.8
4.485001000 -40.0
4.485003000 65.0
4.485006000 20.0
4.485010000 5.0
4.485014000 14.5
4.485020000 13.5
4.485030000 13.9
4.485050000 13.8
4.489850000 14.1
4.494550000 13.5
4.494600000 13.8
4.494650000 0.5
4.497000000 0.6
4.499950000 0.5
4.500000000 13.8
4.500001000 -40.0
4.500003000 65.0
4.500006000 20.0
4.500010000 5.0
4.500014000 14.5
4.500020000 13.5
4.500030000 13.9
4.500050000 13.8
4.504850000 14.1
4.509550000 13.5
4.509600000 13.8
4.509650000 0.5
4.512000000 0.6
4.514950000 0.5
4.515000000 13.8
4.515001000 -40.0
4.515003000 65.0
4.515006000 20.0
4.515010000 5.0
4.515014000 14.5
4.515020000 13.5
4.515030000 13.9
4.515050000 13.8
4.519850000 14.1
4.524550000 13.5
4.524600000 13.8
4.524650000 0.5
4.527000000 0.6
4.529950000 0.5
4.530000000 13.8
4.530001000 -40.0
4.530003000 65.0
4.530006000 20.0
4.530010000 5.0
4.530014000 14.5
4.530020000 13.5
4.530030000 13.9
4.530050000 13.8
4.534850000 14.1
4.539550000 13.5
4.539600000 13.8
4.539650000 0.5
4.542000000 0.6
4.544950000 0.5
4.545000000 13.8
4.545001000 -40.0
4.545003000 65.0
4.545006000 20.0
4.545010000 5.0
4.545014000 14.5
4.545020000 13.5
4.545030000 13.9
4.545050000 13.8
4.549850000 14.1
4.554550000 13.5
4.554600000 13.8
4.554650000 0.5
4.557000000 0.6
4.559950000 0.5
4.560000000 13.8
4.560001000 -40.0
4.560003000 65.0
4.560006000 20.0
4.560010000 5.0
4.560014000 14.5
4.560020000 13.5
4.560030000 13.9
4.560050000 13.8
4.564850000 14.1
4.569550000 13.5
4.569600000 13.8
4.569650000 0.5
4.572000000 0.6
4.574950000 0.5
4.575000000 13.8
4.575001000 -40.0
4.575003000 65.0
4.575006000 20.0
4.575010000 5.0
4.575014000 14.5
4.575020000 13.5
4.575030000 13.9
4.575050000 13.8
4.579850000 14.1
4.584550000 13.5
4.584600000 13.8
4.584650000 0.5
4.587000000 0.6
4.589950000 0.5
4.590000000 13.8
4.590001000 -40.0
4.590003000 65.0
4.590006000 20.0
4.590010000 5.0
4.590014000 14.5
4.590020000 13.5
4.590030000 13.9
4.590050000 13.8
4.594850000 14.1
4.599550000 13.5
4.599600000 13.8
4.599650000 0.5
4.602000000 0.6
4.604950000 0.5
4.605000000 13.8
4.605001000 -40.0
4.605003000 65.0
4.605006000 20.0
4.605010000 5.0
4.605014000 14.5
4.605020000 13.5
4.605030000 13.9
4.605050000 13.8
4.609850000 14.1
4.614550000 13.5
4.614600000 13.8
4.614650000 0.5
4.617000000 0.6
4.619950000 0.5
4.620000000 13.8
4.620001000 -40.0
4.620003000 65.0
4.620006000 20.0
4.620010000 5.0
4.620014000 14.5
4.620020000 13.5
4.620030000 13.9
4.620050000 13.8
4.624850000 14.1
4.629550000 13.5
4.629600000 13.8
4.629650000 0.5
4.632000000 0.6
4.634950000 0.5
4.635000000 13.8
4.635001000 -40.0
4.635003000 65.0
4.635006000 20.0
4.635010000 5.0
4.635014000 14.5
4.635020000 13.5
4.635030000 13.9
4.635050000 13.8
4.639850000 14.1
4.644550000 13.5
4.644600000 13.8
4.644650000 0.5
4.647000000 0.6
4.649950000 0.5
4.650000000 13.8
4.650001000 -40.0
4.650003000 65.0
4.650006000 20.0
4.650010000 5.0
4.650014000 14.5
4.650020000 13.5
4.650030000 13.9
4.650050000 13.8
4.654850000 14.1
4.659550000 13.5
4.659600000 13.8
4.659650000 0.5
4.662000000 0.6
4.664950000 0.5
4.665000000 13.8
4.665001000 -40.0
4.665003000 65.0
4.665006000 20.0
4.665010000 5.0
4.665014000 14.5
4.665020000 13.5
4.665030000 13.9
4.665050000 13.8
4.669850000 14.1
4.674550000 13.5
4.674600000 13.8
4.674650000 0.5
4.677000000 0.6
4.679950000 0.5
4.680000000 13.8
4.680001000 -40.0
4.680003000 65.0
4.680006000 20.0
4.680010000 5.0
4.680014000 14.5
4.680020000 13.5
4.680030000 13.9
4.680050000 13.8
4.684850000 14.1
4.689550000 13.5
4.689600000 13.8
4.689650000 0.5
4.692000000 0.6
4.694950000 0.5
4.695000000 13.8
4.695001000 -40.0
4.695003000 65.0
4.695006000 20.0
4.695010000 5.0
4.695014000 14.5
4.695020000 13.5
4.695030000 13.9
4.695050000 13.8
4.699850000 14.1
4.704550000 13.5
4.704600000 13.8
4.704650000 0.5
4.707000000 0.6
4.709950000 0.5
4.710000000 13.8
4.710001000 -40.0
4.710003000 65.0
4.710006000 20.0
4.710010000 5.0
4.710014000 14.5
4.710020000 13.5
4.710030000 13.9
4.710050000 13.8
4.714850000 14.1
4.719550000 13.5
4.719600000 13.8
4.719650000 0.5
4.722000000 0.6
4.724950000 0.5
4.725000000 13.8
4.725001000 -40.0
4.725003000 65.0
4.725006000 20.0
4.725010000 5.0
4.725014000 14.5
4.725020000 13.5
4.725030000 13.9
4.725050000 13.8
4.729850000 14.1
4.734550000 13.5
4.734600000 13.8
4.734650000 0.5
4.737000000 0.6
4.739950000 0.5
4.740000000 13.8
4.740001000 -40.0
4.740003000 65.0
4.740006000 20.0
4.740010000 5.0
4.740014000 14.5
4.740020000 13.5
4.740030000 13.9
4.740050000 13.8
4.744850000 14.1
4.749550000 13.5
4.749600000 13.8
4.749650000 0.5
4.752000000 0.6
4.754950000 0.5
4.755000000 13.8
4.755001000 -40.0
4.755003000 65.0
4.755006000 20.0
4.755010000 5.0
4.755014000 14.5
4.755020000 13.5
4.755030000 13.9
4.755050000 13.8
4.759850000 14.1
4.764550000 13.5
4.764600000 13.8
4.764650000 0.5
4.767000000 0.6
4.769950000 0.5
4.770000000 13.8
4.770001000 -40.0
4.770003000 65.0
4.770006000 20.0
4.770010000 5.0
4.770014000 14.5
4.770020000 13.5
4.770030000 13.9
4.770050000 13.8
4.774850000 14.1
4.779550000 13.5
4.779600000 13.8
4.779650000 0.5
4.782000000 0.6
4.784950000 0.5
4.785000000 13.8
4.785001000 -40.0
4.785003000 65.0
4.785006000 20.0
4.785010000 5.0
4.785014000 14.5
4.785020000 13.5
4.785030000 13.9
4.785050000 13.8
4.789850000 14.1
4.794550000 13.5
4.794600000 13.8
4.794650000 0.5
4.797000000 0.6
4.799950000 0.5
4.800000000 13.8
4.800001000 -40.0
4.800003000 65.0
4.800006000 20.0
4.800010000 5.0
4.800014000 14.5
4.800020000 13.5
4.800030000 13.9
4.800050000 13.8
4.804850000 14.1
4.809550000 13.5
4.809600000 13.8
4.809650000 0.5
4.812000000 0.6
4.814950000 0.5
4.815000000 13.8
4.815001000 -40.0
4.815003000 65.0
4.815006000 20.0
4.815010000 5.0
4.815014000 14.5
4.815020000 13.5
4.815030000 13.9
4.815050000 13.8
4.819850000 14.1
4.824550000 13.5
4.824600000 13.8
4.824650000 0.5
4.827000000 0.6
4.829950000 0.5
4.830000000 13.8
4.830001000 -40.0
4.830003000 65.0
4.830006000 20.0
4.830010000 5.0
4.830014000 14.5
4.830020000 13.5
4.830030000 13.9
4.830050000 13.8
4.834850000 14.1
4.839550000 13.5
4.839600000 13.8
4.839650000 0.5
4.842000000 0.6
4.844950000 0.5
4.845000000 13.8
4.845001000 -40.0
4.845003000 65.0
4.845006000 20.0
4.845010000 5.0
4.845014000 14.5
4.845020000 13.5
4.845030000 13.9
4.845050000 13.8
4.849850000 14.1
4.854550000 13.5
4.854600000 13.8
4.854650000 0.5
4.857000000 0.6
4.859950000 0.5
4.860000000 13.8
4.860001000 -40.0
4.860003000 65.0
4.860006000 20.0
4.860010000 5.0
4.860014000 14.5
4.860020000 13.5
4.860030000 13.9
4.860050000 13.8
4.864850000 14.1
4.869550000 13.5
4.869600000 13.8
4.869650000 0.5
4.872000000 0.6
4.874950000 0.5
4.875000000 13.8
4.875001000 -40.0
4.875003000 65.0
4.875006000 20.0
4.875010000 5.0
4.875014000 14.5
4.875020000 13.5
4.875030000 13.9
4.875050000 13.8
4.879850000 14.1
4.884550000 13.5
4.884600000 13.8
4.884650000 0.5
4.887000000 0.6
4.889950000 0.5
4.890000000 13.8
4.890001000 -40.0
4.890003000 65.0
4.890006000 20.0
4.890010000 5.0
4.890014000 14.5
4.890020000 13.5
4.890030000 13.9
4.890050000 13.8
4.894850000 14.1
4.899550000 13.5
4.899600000 13.8
4.899650000 0.5
4.902000000 0.6
4.904950000 0.5
4.905000000 13.8
4.905001000 -40.0
4.905003000 65.0
4.905006000 20.0
4.905010000 5.0
4.905014000 14.5
4.905020000 13.5
4.905030000 13.9
4.905050000 13.8
4.909850000 14.1
4.914550000 13.5
4.914600000 13.8
4.914650000 0.5
4.917000000 0.6
4.919950000 0.5
4.920000000 13.8
4.920001000 -40.0
4.920003000 65.0
4.920006000 20.0
4.920010000 5.0
4.920014000 14.5
4.920020000 13.5
4.920030000 13.9
4.920050000 13.8
4.924850000 14.1
4.929550000 13.5
4.929600000 13.8
4.929650000 0.5
4.932000000 0.6
4.934950000 0.5
4.935000000 13.8
4.935001000 -40.0
4.935003000 65.0
4.935006000 20.0
4.935010000 5.0
4.935014000 14.5
4.935020000 13.5
4.935030000 13.9
4.935050000 13.8
4.939850000 14.1
4.944550000 13.5
4.944600000 13.8
4.944650000 0.5
4.947000000 0.6
4.949950000 0.5
4.950000000 13.8
4.950001000 -40.0
4.950003000 65.0
4.950006000 20.0
4.950010000 5.0
4.950014000 14.5
4.950020000 13.5
4.950030000 13.9
4.950050000 13.8
4.954850000 14.1
4.959550000 13.5
4.959600000 13.8
4.959650000 0.5
4.962000000 0.6
4.964950000 0.5
4.965000000 13.8
4.965001000 -40.0
4.965003000 65.0
4.965006000 20.0
4.965010000 5.0
4.965014000 14.5
4.965020000 13.5
4.965030000 13.9
4.965050000 13.8
4.969850000 14.1
4.974550000 13.5
4.974600000 13.8
4.974650000 0.5
4.977000000 0.6
4.979950000 0.5
4.980000000 13.8
4.980001000 -40.0
4.980003000 65.0
4.980006000 20.0
4.980010000 5.0
4.980014000 14.5
4.980020000 13.5
4.980030000 13.9
4.980050000 13.8
4.984850000 14.1
4.989550000 13.5
4.989600000 13.8
4.989650000 0.5
4.992000000 0.6
4.994950000 0.5
4.995000000 13.8
4.995001000 -40.0
4.995003000 65.0
4.995006000 20.0
4.995010000 5.0
4.995014000 14.5
4.995020000 13.5
4.995030000 13.9
4.995050000 13.8
4.999850000 14.1
5.004550000 13.5
5.004600000 13.8
5.004650000 0.5
5.007000000 0.6
5.009950000 0.5
5.010000000 13.8
5.010001000 -40.0
5.010003000 65.0
5.010006000 20.0
5.010010000 5.0
5.010014000 14.5
5.010020000 13.5
5.010030000 13.9
5.010050000 13.8
5.014850000 14.1
5.019550000 13.5
5.019600000 13.8
5.019650000 0.5
5.022000000 0.6
5.024950000 0.5
5.025000000 13.8
5.025001000 -40.0
5.025003000 65.0
5.025006000 20.0
5.025010000 5.0
5.025014000 14.5
5.025020000 13.5
5.025030000 13.9
5.025050000 13.8
5.029850000 14.1
5.034550000 13.5
5.034600000 13.8
5.034650000 0.5
5.037000000 0.6
5.039950000 0.5
5.040000000 13.8
5.040001000 -40.0
5.040003000 65.0
5.040006000 20.0
5.040010000 5.0
5.040014000 14.5
5.040020000 13.5
5.040030000 13.9
5.040050000 13.8
5.044850000 14.1
5.049550000 13.5
5.049600000 13.8
5.049650000 0.5
5.052000000 0.6
5.054950000 0.5
5.055000000 13.8
5.055001000 -40.0
5.055003000 65.0
5.055006000 20.0
5.055010000 5.0
5.055014000 14.5
5.055020000 13.5
5.055030000 13.9
5.055050000 13.8
5.059850000 14.1
5.064550000 13.5
5.064600000 13.8
5.064650000 0.5
5.067000000 0.6
5.069950000 0.5
5.070000000 13.8
5.070001000 -40.0
5.070003000 65.0
5.070006000 20.0
5.070010000 5.0
5.070014000 14.5
5.070020000 13.5
5.070030000 13.9
5.070050000 13.8
5.074850000 14.1
5.079550000 13.5
5.079600000 13.8
5.079650000 0.5
5.082000000 0.6
5.084950000 0.5
5.085000000 13.8
5.085001000 -40.0
5.085003000 65.0
5.085006000 20.0
5.085010000 5.0
5.085014000 14.5
5.085020000 13.5
5.085030000 13.9
5.085050000 13.8
5.089850000 14.1
5.094550000 13.5
5.094600000 13.8
5.094650000 0.5
5.097000000 0.6
5.099950000 0.5
5.100000000 13.8
5.100001000 -40.0
5.100003000 65.0
5.100006000 20.0
5.100010000 5.0
5.100014000 14.5
5.100020000 13.5
5.100030000 13.9
5.100050000 13.8
5.104850000 14.1
5.109550000 13.5
5.109600000 13.8
5.109650000 0.5
5.112000000 0.6
5.114950000 0.5
5.115000000 13.8
5.115001000 -40.0
5.115003000 65.0
5.115006000 20.0
5.115010000 5.0
5.115014000 14.5
5.115020000 13.5
5.115030000 13.9
5.115050000 13.8
5.119850000 14.1
5.124550000 13.5
5.124600000 13.8
5.124650000 0.5
5.127000000 0.6
5.129950000 0.5
5.130000000 13.8
5.130001000 -40.0
5.130003000 65.0
5.130006000 20.0
5.130010000 5.0
5.130014000 14.5
5.130020000 13.5
5.130030000 13.9
5.130050000 13.8
5.134850000 14.1
5.139550000 13.5
5.139600000 13.8
5.139650000 0.5
5.142000000 0.6
5.144950000 0.5
5.145000000 13.8
5.145001000 -40.0
5.145003000 65.0
5.145006000 20.0
5.145010000 5.0
5.145014000 14.5
5.145020000 13.5
5.145030000 13.9
5.145050000 13.8
5.149850000 14.1
5.154550000 13.5
5.154600000 13.8
5.154650000 0.5
5.157000000 0.6
5.159950000 0.5
5.160000000 13.8
5.160001000 -40.0
5.160003000 65.0
5.160006000 20.0
5.160010000 5.0
5.160014000 14.5
5.160020000 13.5
5.160030000 13.9
5.160050000 13.8
5.164850000 14.1
5.169550000 13.5
5.169600000 13.8
5.169650000 0.5
5.172000000 0.6
5.174950000 0.5
5.175000000 13.8
5.175001000 -40.0
5.175003000 65.0
5.175006000 20.0
5.175010000 5.0
5.175014000 14.5
5.175020000 13.5
5.175030000 13.9
5.175050000 13.8
5.179850000 14.1
5.184550000 13.5
5.184600000 13.8
5.184650000 0.5
5.187000000 0.6
5.189950000 0.5
5.190000000 13.8
5.190001000 -40.0
5.190003000 65.0
5.190006000 20.0
5.190010000 5.0
5.190014000 14.5
5.190020000 13.5
5.190030000 13.9
5.190050000 13.8
5.194850000 14.1
5.199550000 13.5
5.199600000 13.8
5.199650000 0.5
5.202000000 0.6
5.204950000 0.5
5.205000000 13.8
5.205001000 -40.0
5.205003000 65.0
5.205006000 20.0
5.205010000 5.0
5.205014000 14.5
5.205020000 13.5
5.205030000 13.9
5.205050000 13.8
5.209850000 14.1
5.214550000 13.5
5.214600000 13.8
5.214650000 0.5
5.217000000 0.6
5.219950000 0.5
5.220000000 13.8
5.220001000 -40.0
5.220003000 65.0
5.220006000 20.0
5.220010000 5.0
5.220014000 14.5
5.220020000 13.5
5.220030000 13.9
5.220050000 13.8
5.224850000 14.1
5.229550000 13.5
5.229600000 13.8
5.229650000 0.5
5.232000000 0.6
5.234950000 0.5
5.235000000 13.8
5.235001000 -40.0
5.235003000 65.0
5.235006000 20.0
5.235010000 5.0
5.235014000 14.5
5.235020000 13.5
5.235030000 13.9
5.235050000 13.8
5.239850000 14.1
5.244550000 13.5
5.244600000 13.8
5.244650000 0.5
5.247000000 0.6
5.249950000 0.5
5.250000000 13.8
5.250001000 -40.0
5.250003000 65.0
5.250006000 20.0
5.250010000 5.0
5.250014000 14.5
5.250020000 13.5
5.250030000 13.9
5.250050000 13.8
5.254850000 14.1
5.259550000 13.5
5.259600000 13.8
5.259650000 0.5
5.262000000 0.6
5.264950000 0.5
5.265000000 13.8
5.265001000 -40.0
5.265003000 65.0
5.265006000 20.0
5.265010000 5.0
5.265014000 14.5
5.265020000 13.5
5.265030000 13.9
5.265050000 13.8
5.269850000 14.1
5.274550000 13.5
5.274600000 13.8
5.274650000 0.5
5.277000000 0.6
5.279950000 0.5
5.280000000 13.8
5.280001000 -40.0
5.280003000 65.0
5.280006000 20.0
5.280010000 5.0
5.280014000 14.5
5.280020000 13.5
5.280030000 13.9
5.280050000 13.8
5.284850000 14.1
5.289550000 13.5
5.289600000 13.8
5.289650000 0.5
5.292000000 0.6
5.294950000 0.5
5.295000000 13.8
5.295001000 -40.0
5.295003000 65.0
5.295006000 20.0
5.295010000 5.0
5.295014000 14.5
5.295020000 13.5
5.295030000 13.9
5.295050000 13.8
5.299850000 14.1
5.304550000 13.5
5.304600000 13.8
5.304650000 0.5
5.307000000 0.6
5.309950000 0.5
5.310000000 13.8
5.310001000 -40.0
5.310003000 65.0
5.310006000 20.0
5.310010000 5.0
5.310014000 14.5
5.310020000 13.5
5.310030000 13.9
5.310050000 13.8
5.314850000 14.1
5.319550000 13.5
5.319600000 13.8
5.319650000 0.5
5.322000000 0.6
5.324950000 0.5
5.325000000 13.8
5.325001000 -40.0
5.325003000 65.0
5.325006000 20.0
5.325010000 5.0
5.325014000 14.5
5.325020000 13.5
5.325030000 13.9
5.325050000 13.8
5.329850000 14.1
5.334550000 13.5
5.334600000 13.8
5.334650000 0.5
5.337000000 0.6
5.339950000 0.5
5.340000000 13.8
5.340001000 -40.0
5.340003000 65.0
5.340006000 20.0
5.340010000 5.0
5.340014000 14.5
5.340020000 13.5
5.340030000 13.9
5.340050000 13.8
5.344850000 14.1
5.349550000 13.5
5.349600000 13.8
5.349650000 0.5
5.352000000 0.6
5.354950000 0.5
5.355000000 13.8
5.355001000 -40.0
5.355003000 65.0
5.355006000 20.0
5.355010000 5.0
5.355014000 14.5
5.355020000 13.5
5.355030000 13.9
5.355050000 13.8
5.359850000 14.1
5.364550000 13.5
5.364600000 13.8
5.364650000 0.5
5.367000000 0.6
5.369950000 0.5
5.370000000 13.8
5.370001000 -40.0
5.370003000 65.0
5.370006000 20.0
5.370010000 5.0
5.370014000 14.5
5.370020000 13.5
5.370030000 13.9
5.370050000 13.8
5.374850000 14.1
5.379550000 13.5
5.379600000 13.8
5.379650000 0.5
5.382000000 0.6
5.384950000 0.5
5.385000000 13.8
5.385001000 -40.0
5.385003000 65.0
5.385006000 20.0
5.385010000 5.0
5.385014000 14.5
5.385020000 13.5
5.385030000 13.9
5.385050000 13.8
5.389850000 14.1
5.394550000 13.5
5.394600000 13.8
5.394650000 0.5
5.397000000 0.6
5.399950000 0.5
5.400000000 13.8
5.400001000 -40.0
5.400003000 65.0
5.400006000 20.0
5.400010000 5.0
5.400014000 14.5
5.400020000 13.5
5.400030000 13.9
5.400050000 13.8
5.404850000 14.1
5.409550000 13.5
5.409600000 13.8
5.409650000 0.5
5.412000000 0.6
5.414950000 0.5
5.415000000 13.8
5.415001000 -40.0
5.415003000 65.0
5.415006000 20.0
5.415010000 5.0
5.415014000 14.5
5.415020000 13.5
5.415030000 13.9
5.415050000 13.8
5.419850000 14.1
5.424550000 13.5
5.424600000 13.8
5.424650000 0.5
5.427000000 0.6
5.429950000 0.5
5.430000000 13.8
5.430001000 -40.0
5.430003000 65.0
5.430006000 20.0
5.430010000 5.0
5.430014000 14.5
5.430020000 13.5
5.430030000 13.9
5.430050000 13.8
5.434850000 14.1
5.439550000 13.5
5.439600000 13.8
5.439650000 0.5
5.442000000 0.6
5.444950000 0.5
5.445000000 13.8
5.445001000 -40.0
5.445003000 65.0
5.445006000 20.0
5.445010000 5.0
5.445014000 14.5
5.445020000 13.5
5.445030000 13.9
5.445050000 13.8
5.449850000 14.1
5.454550000 13.5
5.454600000 13.8
5.454650000 0.5
5.457000000 0.6
5.459950000 0.5
5.460000000 13.8
5.460001000 -40.0
5.460003000 65.0
5.460006000 20.0
5.460010000 5.0
5.460014000 14.5
5.460020000 13.5
5.460030000 13.9
5.460050000 13.8
5.464850000 14.1
5.469550000 13.5
5.469600000 13.8
5.469650000 0.5
5.472000000 0.6
5.474950000 0.5
5.475000000 13.8
5.475001000 -40.0
5.475003000 65.0
5.475006000 20.0
5.475010000 5.0
5.475014000 14.5
5.475020000 13.5
5.475030000 13.9
5.475050000 13.8
5.479850000 14.1
5.484550000 13.5
5.484600000 13.8
5.484650000 0.5
5.487000000 0.6
5.489950000 0.5
5.490000000 13.8
5.490001000 -40.0
5.490003000 65.0
5.490006000 20.0
5.490010000 5.0
5.490014000 14.5
5.490020000 13.5
5.490030000 13.9
5.490050000 13.8
5.494850000 14.1
5.499550000 13.5
5.499600000 13.8
5.499650000 0.5
5.502000000 0.6
5.504950000 0.5
5.505000000 13.8
5.505001000 -40.0
5.505003000 65.0
5.505006000 20.0
5.505010000 5.0
5.505014000 14.5
5.505020000 13.5
5.505030000 13.9
5.505050000 13.8
5.509850000 14.1
5.514550000 13.5
5.514600000 13.8
5.514650000 0.5
5.517000000 0.6
5.519950000 0.5
5.520000000 13.8
5.520001000 -40.0
5.520003000 65.0
5.520006000 20.0
5.520010000 5.0
5.520014000 14.5
5.520020000 13.5
5.520030000 13.9
5.520050000 13.8
5.524850000 14.1
5.529550000 13.5
5.529600000 13.8
5.529650000 0.5
5.532000000 0.6
5.534950000 0.5
5.535000000 13.8
5.535001000 -40.0
5.535003000 65.0
5.535006000 20.0
5.535010000 5.0
5.535014000 14.5
5.535020000 13.5
5.535030000 13.9
5.535050000 13.8
5.539850000 14.1
5.544550000 13.5
5.544600000 13.8
5.544650000 0.5
5.547000000 0.6
5.549950000 0.5
5.550000000 13.8
5.550001000 -40.0
5.550003000 65.0
5.550006000 20.0
5.550010000 5.0
5.550014000 14.5
5.550020000 13.5
5.550030000 13.9
5.550050000 13.8
5.554850000 14.1
5.559550000 13.5
5.559600000 13.8
5.559650000 0.5
5.562000000 0.6
5.564950000 0.5
5.565000000 13.8
5.565001000 -40.0
5.565003000 65.0
5.565006000 20.0
5.565010000 5.0
5.565014000 14.5
5.565020000 13.5
5.565030000 13.9
5.565050000 13.8
5.569850000 14.1
5.574550000 13.5
5.574600000 13.8
5.574650000 0.5
5.577000000 0.6
5.579950000 0.5
5.580000000 13.8
5.580001000 -40.0
5.580003000 65.0
5.580006000 20.0
5.580010000 5.0
5.580014000 14.5
5.580020000 13.5
5.580030000 13.9
5.580050000 13.8
5.584850000 14.1
5.589550000 13.5
5.589600000 13.8
5.589650000 0.5
5.592000000 0.6
5.594950000 0.5
5.595000000 13.8
5.595001000 -40.0
5.595003000 65.0
5.595006000 20.0
5.595010000 5.0
5.595014000 14.5
5.595020000 13.5
5.595030000 13.9
5.595050000 13.8
5.599850000 14.1
5.604550000 13.5
5.604600000 13.8
5.604650000 0.5
5.607000000 0.6
5.609950000 0.5
5.610000000 13.8
5.610001000 -40.0
5.610003000 65.0
5.610006000 20.0
5.610010000 5.0
5.610014000 14.5
5.610020000 13.5
5.610030000 13.9
5.610050000 13.8
5.614850000 14.1
5.619550000 13.5
5.619600000 13.8
5.619650000 0.5
5.622000000 0.6
5.624950000 0.5
5.625000000 13.8
5.625001000 -40.0
5.625003000 65.0
5.625006000 20.0
5.625010000 5.0
5.625014000 14.5
5.625020000 13.5
5.625030000 13.9
5.625050000 13.8
5.629850000 14.1
5.634550000 13.5
5.634600000 13.8
5.634650000 0.5
5.637000000 0.6
5.639950000 0.5
5.640000000 13.8
5.640001000 -40.0
5.640003000 65.0
5.640006000 20.0
5.640010000 5.0
5.640014000 14.5
5.640020000 13.5
5.640030000 13.9
5.640050000 13.8
5.644850000 14.1
5.649550000 13.5
5.649600000 13.8
5.649650000 0.5
5.652000000 0.6
5.654950000 0.5
5.655000000 13.8
5.655001000 -40.0
5.655003000 65.0
5.655006000 20.0
5.655010000 5.0
5.655014000 14.5
5.655020000 13.5
5.655030000 13.9
5.655050000 13.8
5.659850000 14.1
5.664550000 13.5
5.664600000 13.8
5.664650000 0.5
5.667000000 0.6
5.669950000 0.5
5.670000000 13.8
5.670001000 -40.0
5.670003000 65.0
5.670006000 20.0
5.670010000 5.0
5.670014000 14.5
5.670020000 13.5
5.670030000 13.9
5.670050000 13.8
5.674850000 14.1
5.679550000 13.5
5.679600000 13.8
5.679650000 0.5
5.682000000 0.6
5.684950000 0.5
5.685000000 13.8
5.685001000 -40.0
5.685003000 65.0
5.685006000 20.0
5.685010000 5.0
5.685014000 14.5
5.685020000 13.5
5.685030000 13.9
5.685050000 13.8
5.689850000 14.1
5.694550000 13.5
5.694600000 13.8
5.694650000 0.5
5.697000000 0.6
5.699950000 0.5
5.700000000 13.8
5.700001000 -40.0
5.700003000 65.0
5.700006000 20.0
5.700010000 5.0
5.700014000 14.5
5.700020000 13.5
5.700030000 13.9
5.700050000 13.8
5.704850000 14.1
5.709550000 13.5
5.709600000 13.8
5.709650000 0.5
5.712000000 0.6
5.714950000 0.5
5.715000000 13.8
5.715001000 -40.0
5.715003000 65.0
5.715006000 20.0
5.715010000 5.0
5.715014000 14.5
5.715020000 13.5
5.715030000 13.9
5.715050000 13.8
5.719850000 14.1
5.724550000 13.5
5.724600000 13.8
5.724650000 0.5
5.727000000 0.6
5.729950000 0.5
5.730000000 13.8
5.730001000 -40.0
5.730003000 65.0
5.730006000 20.0
5.730010000 5.0
5.730014000 14.5
5.730020000 13.5
5.730030000 13.9
5.730050000 13.8
5.734850000 14.1
5.739550000 13.5
5.739600000 13.8
5.739650000 0.5
5.742000000 0.6
5.744950000 0.5
5.745000000 13.8
5.745001000 -40.0
5.745003000 65.0
5.745006000 20.0
5.745010000 5.0
5.745014000 14.5
5.745020000 13.5
5.745030000 13.9
5.745050000 13.8
5.749850000 14.1
5.754550000 13.5
5.754600000 13.8
5.754650000 0.5
5.757000000 0.6
5.759950000 0.5
5.760000000 13.8
5.760001000 -40.0
5.760003000 65.0
5.760006000 20.0
5.760010000 5.0
5.760014000 14.5
5.760020000 13.5
5.760030000 13.9
5.760050000 13.8
5.764850000 14.1
5.769550000 13.5
5.769600000 13.8
5.769650000 0.5
5.772000000 0.6
5.774950000 0.5
5.775000000 13.8
5.775001000 -40.0
5.775003000 65.0
5.775006000 20.0
5.775010000 5.0
5.775014000 14.5
5.775020000 13.5
5.775030000 13.9
5.775050000 13.8
5.779850000 14.1
5.784550000 13.5
5.784600000 13.8
5.784650000 0.5
5.787000000 0.6
5.789950000 0.5
5.790000000 13.8
5.790001000 -40.0
5.790003000 65.0
5.790006000 20.0
5.790010000 5.0
5.790014000 14.5
5.790020000 13.5
5.790030000 13.9
5.790050000 13.8
5.794850000 14.1
5.799550000 13.5
5.799600000 13.8
5.799650000 0.5
5.802000000 0.6
5.804950000 0.5
5.805000000 13.8
5.805001000 -40.0
5.805003000 65.0
5.805006000 20.0
5.805010000 5.0
5.805014000 14.5
5.805020000 13.5
5.805030000 13.9
5.805050000 13.8
5.809850000 14.1
5.814550000 13.5
5.814600000 13.8
5.814650000 0.5
5.817000000 0.6
5.819950000 0.5
5.820000000 13.8
5.820001000 -40.0
5.820003000 65.0
5.820006000 20.0
5.820010000 5.0
5.820014000 14.5
5.820020000 13.5
5.820030000 13.9
5.820050000 13.8
5.824850000 14.1
5.829550000 13.5
5.829600000 13.8
5.829650000 0.5
5.832000000 0.6
5.834950000 0.5
5.835000000 13.8
5.835001000 -40.0
5.835003000 65.0
5.835006000 20.0
5.835010000 5.0
5.835014000 14.5
5.835020000 13.5
5.835030000 13.9
5.835050000 13.8
5.839850000 14.1
5.844550000 13.5
5.844600000 13.8
5.844650000 0.5
5.847000000 0.6
5.849950000 0.5
5.850000000 13.8
5.850001000 -40.0
5.850003000 65.0
5.850006000 20.0
5.850010000 5.0
5.850014000 14.5
5.850020000 13.5
5.850030000 13.9
5.850050000 13.8
5.854850000 14.1
5.859550000 13.5
5.859600000 13.8
5.859650000 0.5
5.862000000 0.6
5.864950000 0.5
5.865000000 13.8
5.865001000 -40.0
5.865003000 65.0
5.865006000 20.0
5.865010000 5.0
5.865014000 14.5
5.865020000 13.5
5.865030000 13.9
5.865050000 13.8
5.869850000 14.1
5.874550000 13.5
5.874600000 13.8
5.874650000 0.5
5.877000000 0.6
5.879950000 0.5
5.880000000 13.8
5.880001000 -40.0
5.880003000 65.0
5.880006000 20.0
5.880010000 5.0
5.880014000 14.5
5.880020000 13.5
5.880030000 13.9
5.880050000 13.8
5.884850000 14.1
5.889550000 13.5
5.889600000 13.8
5.889650000 0.5
5.892000000 0.6
5.894950000 0.5
5.895000000 13.8
5.895001000 -40.0
5.895003000 65.0
5.895006000 20.0
5.895010000 5.0
5.895014000 14.5
5.895020000 13.5
5.895030000 13.9
5.895050000 13.8
5.899850000 14.1
5.904550000 13.5
5.904600000 13.8
5.904650000 0.5
5.907000000 0.6
5.909950000 0.5
5.910000000 13.8
5.910001000 -40.0
5.910003000 65.0
5.910006000 20.0
5.910010000 5.0
5.910014000 14.5
5.910020000 13.5
5.910030000 13.9
5.910050000 13.8
5.914850000 14.1
5.919550000 13.5
5.919600000 13.8
5.919650000 0.5
5.922000000 0.6
5.924950000 0.5
5.925000000 13.8
5.925001000 -40.0
5.925003000 65.0
5.925006000 20.0
5.925010000 5.0
5.925014000 14.5
5.925020000 13.5
5.925030000 13.9
5.925050000 13.8
5.929850000 14.1
5.934550000 13.5
5.934600000 13.8
5.934650000 0.5
5.937000000 0.6
5.939950000 0.5
5.940000000 13.8
5.940001000 -40.0
5.940003000 65.0
5.940006000 20.0
5.940010000 5.0
5.940014000 14.5
5.940020000 13.5
5.940030000 13.9
5.940050000 13.8
5.944850000 14.1
5.949550000 13.5
5.949600000 13.8
5.949650000 0.5
5.952000000 0.6
5.954950000 0.5
5.955000000 13.8
5.955001000 -40.0
5.955003000 65.0
5.955006000 20.0
5.955010000 5.0
5.955014000 14.5
5.955020000 13.5
5.955030000 13.9
5.955050000 13.8
5.959850000 14.1
5.964550000 13.5
5.964600000 13.8
5.964650000 0.5
5.967000000 0.6
5.969950000 0.5
5.970000000 13.8
5.970001000 -40.0
5.970003000 65.0
5.970006000 20.0
5.970010000 5.0
5.970014000 14.5
5.970020000 13.5
5.970030000 13.9
5.970050000 13.8
5.974850000 14.1
5.979550000 13.5
5.979600000 13.8
5.979650000 0.5
5.982000000 0.6
5.984950000 0.5
5.985000000 13.8
5.985001000 -40.0
5.985003000 65.0
5.985006000 20.0
5.985010000 5.0
5.985014000 14.5
5.985020000 13.5
5.985030000 13.9
5.985050000 13.8
5.989850000 14.1
5.994550000 13.5
5.994600000 13.8
5.994650000 0.5
5.997000000 0.6
5.999950000 0.5
6.000000000 13.8
6.000001000 -40.0
6.000003000 65.0
6.000006000 20.0
6.000010000 5.0
6.000014000 14.5
6.000020000 13.5
6.000030000 13.9
6.000050000 13.8
6.004850000 14.1
6.009550000 13.5
6.009600000 13.8
6.009650000 0.5
6.012000000 0.6
6.014950000 0.5
6.015000000 13.8
6.015001000 -40.0
6.015003000 65.0
6.015006000 20.0
6.015010000 5.0
6.015014000 14.5
6.015020000 13.5
6.015030000 13.9
6.015050000 13.8
6.019850000 14.1
6.024550000 13.5
6.024600000 13.8
6.024650000 0.5
6.027000000 0.6
6.029950000 0.5
6.030000000 13.8
6.030001000 -40.0
6.030003000 65.0
6.030006000 20.0
6.030010000 5.0
6.030014000 14.5
6.030020000 13.5
6.030030000 13.9
6.030050000 13.8
6.034850000 14.1
6.039550000 13.5
6.039600000 13.8
6.039650000 0.5
6.042000000 0.6
6.044950000 0.5
6.045000000 13.8
6.045001000 -40.0
6.045003000 65.0
6.045006000 20.0
6.045010000 5.0
6.045014000 14.5
6.045020000 13.5
6.045030000 13.9
6.045050000 13.8
6.049850000 14.1
6.054550000 13.5
6.054600000 13.8
6.054650000 0.5
6.057000000 0.6
6.059950000 0.5
6.060000000 13.8
6.060001000 -40.0
6.060003000 65.0
6.060006000 20.0
6.060010000 5.0
6.060014000 14.5
6.060020000 13.5
6.060030000 13.9
6.060050000 13.8
6.064850000 14.1
6.069550000 13.5
6.069600000 13.8
6.069650000 0.5
6.072000000 0.6
6.074950000 0.5
6.075000000 13.8
6.075001000 -40.0
6.075003000 65.0
6.075006000 20.0
6.075010000 5.0
6.075014000 14.5
6.075020000 13.5
6.075030000 13.9
6.075050000 13.8
6.079850000 14.1
6.084550000 13.5
6.084600000 13.8
6.084650000 0.5
6.087000000 0.6
6.089950000 0.5
6.090000000 13.8
6.090001000 -40.0
6.090003000 65.0
6.090006000 20.0
6.090010000 5.0
6.090014000 14.5
6.090020000 13.5
6.090030000 13.9
6.090050000 13.8
6.094850000 14.1
6.099550000 13.5
6.099600000 13.8
6.099650000 0.5
6.102000000 0.6
6.104950000 0.5
6.105000000 13.8
6.105001000 -40.0
6.105003000 65.0
6.105006000 20.0
6.105010000 5.0
6.105014000 14.5
6.105020000 13.5
6.105030000 13.9
6.105050000 13.8
6.109850000 14.1
6.114550000 13.5
6.114600000 13.8
6.114650000 0.5
6.117000000 0.6
6.119950000 0.5
6.120000000 13.8
6.120001000 -40.0
6.120003000 65.0
6.120006000 20.0
6.120010000 5.0
6.120014000 14.5
6.120020000 13.5
6.120030000 13.9
6.120050000 13.8
6.124850000 14.1
6.129550000 13.5
6.129600000 13.8
6.129650000 0.5
6.132000000 0.6
6.134950000 0.5
6.135000000 13.8
6.135001000 -40.0
6.135003000 65.0
6.135006000 20.0
6.135010000 5.0
6.135014000 14.5
6.135020000 13.5
6.135030000 13.9
6.135050000 13.8
6.139850000 14.1
6.144550000 13.5
6.144600000 13.8
6.144650000 0.5
6.147000000 0.6
6.149950000 0.5
6.150000000 13.8
6.150001000 -40.0
6.150003000 65.0
6.150006000 20.0
6.150010000 5.0
6.150014000 14.5
6.150020000 13.5
6.150030000 13.9
6.150050000 13.8
6.154850000 14.1
6.159550000 13.5
6.159600000 13.8
6.159650000 0.5
6.162000000 0.6
6.164950000 0.5
6.165000000 13.8
6.165001000 -40.0
6.165003000 65.0
6.165006000 20.0
6.165010000 5.0
6.165014000 14.5
6.165020000 13.5
6.165030000 13.9
6.165050000 13.8
6.169850000 14.1
6.174550000 13.5
6.174600000 13.8
6.174650000 0.5
6.177000000 0.6
6.179950000 0.5
6.180000000 13.8
6.180001000 -40.0
6.180003000 65.0
6.180006000 20.0
6.180010000 5.0
6.180014000 14.5
6.180020000 13.5
6.180030000 13.9
6.180050000 13.8
6.184850000 14.1
6.189550000 13.5
6.189600000 13.8
6.189650000 0.5
6.192000000 0.6
6.194950000 0.5
6.195000000 13.8
6.195001000 -40.0
6.195003000 65.0
6.195006000 20.0
6.195010000 5.0
6.195014000 14.5
6.195020000 13.5
6.195030000 13.9
6.195050000 13.8
6.199850000 14.1
6.204550000 13.5
6.204600000 13.8
6.204650000 0.5
6.207000000 0.6
6.209950000 0.5
6.210000000 13.8
6.210001000 -40.0
6.210003000 65.0
6.210006000 20.0
6.210010000 5.0
6.210014000 14.5
6.210020000 13.5
6.210030000 13.9
6.210050000 13.8
6.214850000 14.1
6.219550000 13.5
6.219600000 13.8
6.219650000 0.5
6.222000000 0.6
6.224950000 0.5
6.225000000 13.8
6.225001000 -40.0
6.225003000 65.0
6.225006000 20.0
6.225010000 5.0
6.225014000 14.5
6.225020000 13.5
6.225030000 13.9
6.225050000 13.8
6.229850000 14.1
6.234550000 13.5
6.234600000 13.8
6.234650000 0.5
6.237000000 0.6
6.239950000 0.5
6.240000000 13.8
6.240001000 -40.0
6.240003000 65.0
6.240006000 20.0
6.240010000 5.0
6.240014000 14.5
6.240020000 13.5
6.240030000 13.9
6.240050000 13.8
6.244850000 14.1
6.249550000 13.5
6.249600000 13.8
6.249650000 0.5
6.252000000 0.6
6.254950000 0.5
6.255000000 13.8
6.255001000 -40.0
6.255003000 65.0
6.255006000 20.0
6.255010000 5.0
6.255014000 14.5
6.255020000 13.5
6.255030000 13.9
6.255050000 13.8
6.259850000 14.1
6.264550000 13.5
6.264600000 13.8
6.264650000 0.5
6.267000000 0.6
6.269950000 0.5
6.270000000 13.8
6.270001000 -40.0
6.270003000 65.0
6.270006000 20.0
6.270010000 5.0
6.270014000 14.5
6.270020000 13.5
6.270030000 13.9
6.270050000 13.8
6.274850000 14.1
6.279550000 13.5
6.279600000 13.8
6.279650000 0.5
6.282000000 0.6
6.284950000 0.5
6.285000000 13.8
6.285001000 -40.0
6.285003000 65.0
6.285006000 20.0
6.285010000 5.0
6.285014000 14.5
6.285020000 13.5
6.285030000 13.9
6.285050000 13.8
6.289850000 14.1
6.294550000 13.5
6.294600000 13.8
6.294650000 0.5
6.297000000 0.6
6.299950000 0.5
6.300000000 13.8
6.300001000 -40.0
6.300003000 65.0
6.300006000 20.0
6.300010000 5.0
6.300014000 14.5
6.300020000 13.5
6.300030000 13.9
6.300050000 13.8
6.304850000 14.1
6.309550000 13.5
6.309600000 13.8
6.309650000 0.5
6.312000000 0.6
6.314950000 0.5
6.315000000 13.8
6.315001000 -40.0
6.315003000 65.0
6.315006000 20.0
6.315010000 5.0
6.315014000 14.5
6.315020000 13.5
6.315030000 13.9
6.315050000 13.8
6.319850000 14.1
6.324550000 13.5
6.324600000 13.8
6.324650000 0.5
6.327000000 0.6
6.329950000 0.5
6.330000000 13.8
6.330001000 -40.0
6.330003000 65.0
6.330006000 20.0
6.330010000 5.0
6.330014000 14.5
6.330020000 13.5
6.330030000 13.9
6.330050000 13.8
6.334850000 14.1
6.339550000 13.5
6.339600000 13.8
6.339650000 0.5
6.342000000 0.6
6.344950000 0.5
6.345000000 13.8
6.345001000 -40.0
6.345003000 65.0
6.345006000 20.0
6.345010000 5.0
6.345014000 14.5
6.345020000 13.5
6.345030000 13.9
6.345050000 13.8
6.349850000 14.1
6.354550000 13.5
6.354600000 13.8
6.354650000 0.5
6.357000000 0.6
6.359950000 0.5
6.360000000 13.8
6.360001000 -40.0
6.360003000 65.0
6.360006000 20.0
6.360010000 5.0
6.360014000 14.5
6.360020000 13.5
6.360030000 13.9
6.360050000 13.8
6.364850000 14.1
6.369550000 13.5
6.369600000 13.8
6.369650000 0.5
6.372000000 0.6
6.374950000 0.5
6.375000000 13.8
6.375001000 -40.0
6.375003000 65.0
6.375006000 20.0
6.375010000 5.0
6.375014000 14.5
6.375020000 13.5
6.375030000 13.9
6.375050000 13.8
6.379850000 14.1
6.384550000 13.5
6.384600000 13.8
6.384650000 0.5
6.387000000 0.6
6.389950000 0.5
6.390000000 13.8
6.390001000 -40.0
6.390003000 65.0
6.390006000 20.0
6.390010000 5.0
6.390014000 14.5
6.390020000 13.5
6.390030000 13.9
6.390050000 13.8
6.394850000 14.1
6.399550000 13.5
6.399600000 13.8
6.399650000 0.5
6.402000000 0.6
6.404950000 0.5
6.405000000 13.8
6.405001000 -40.0
6.405003000 65.0
6.405006000 20.0
6.405010000 5.0
6.405014000 14.5
6.405020000 13.5
6.405030000 13.9
6.405050000 13.8
6.409850000 14.1
6.414550000 13.5
6.414600000 13.8
6.414650000 0.5
6.417000000 0.6
6.419950000 0.5
6.420000000 13.8
6.420001000 -40.0
6.420003000 65.0
6.420006000 20.0
6.420010000 5.0
6.420014000 14.5
6.420020000 13.5
6.420030000 13.9
6.420050000 13.8
6.424850000 14.1
6.429550000 13.5
6.429600000 13.8
6.429650000 0.5
6.432000000 0.6
6.434950000 0.5
6.435000000 13.8
6.435001000 -40.0
6.435003000 65.0
6.435006000 20.0
6.435010000 5.0
6.435014000 14.5
6.435020000 13.5
6.435030000 13.9
6.435050000 13.8
6.439850000 14.1
6.444550000 13.5
6.444600000 13.8
6.444650000 0.5
6.447000000 0.6
6.449950000 0.5
6.450000000 13.8
6.450001000 -40.0
6.450003000 65.0
6.450006000 20.0
6.450010000 5.0
6.450014000 14.5
6.450020000 13.5
6.450030000 13.9
6.450050000 13.8
6.454850000 14.1
6.459550000 13.5
6.459600000 13.8
6.459650000 0.5
6.462000000 0.6
6.464950000 0.5
6.465000000 13.8
6.465001000 -40.0
6.465003000 65.0
6.465006000 20.0
6.465010000 5.0
6.465014000 14.5
6.465020000 13.5
6.465030000 13.9
6.465050000 13.8
6.469850000 14.1
6.474550000 13.5
6.474600000 13.8
6.474650000 0.5
6.477000000 0.6
6.479950000 0.5
6.480000000 13.8
6.480001000 -40.0
6.480003000 65.0
6.480006000 20.0
6.480010000 5.0
6.480014000 14.5
6.480020000 13.5
6.480030000 13.9
6.480050000 13.8
6.484850000 14.1
6.489550000 13.5
6.489600000 13.8
6.489650000 0.5
6.492000000 0.6
6.494950000 0.5
6.495000000 13.8
6.495001000 -40.0
6.495003000 65.0
6.495006000 20.0
6.495010000 5.0
6.495014000 14.5
6.495020000 13.5
6.495030000 13.9
6.495050000 13.8
6.499850000 14.1
6.504550000 13.5
6.504600000 13.8
6.504650000 0.5
6.507000000 0.6
6.509950000 0.5
6.510000000 13.8
6.510001000 -40.0
6.510003000 65.0
6.510006000 20.0
6.510010000 5.0
6.510014000 14.5
6.510020000 13.5
6.510030000 13.9
6.510050000 13.8
6.514850000 14.1
6.519550000 13.5
6.519600000 13.8
6.519650000 0.5
6.522000000 0.6
6.524950000 0.5
6.525000000 13.8
6.525001000 -40.0
6.525003000 65.0
6.525006000 20.0
6.525010000 5.0
6.525014000 14.5
6.525020000 13.5
6.525030000 13.9
6.525050000 13.8
6.529850000 14.1
6.534550000 13.5
6.534600000 13.8
6.534650000 0.5
6.537000000 0.6
6.539950000 0.5
6.540000000 13.8
6.540001000 -40.0
6.540003000 65.0
6.540006000 20.0
6.540010000 5.0
6.540014000 14.5
6.540020000 13.5
6.540030000 13.9
6.540050000 13.8
6.544850000 14.1
6.549550000 13.5
6.549600000 13.8
6.549650000 0.5
6.552000000 0.6
6.554950000 0.5
6.555000000 13.8
6.555001000 -40.0
6.555003000 65.0
6.555006000 20.0
6.555010000 5.0
6.555014000 14.5
6.555020000 13.5
6.555030000 13.9
6.555050000 13.8
6.559850000 14.1
6.564550000 13.5
6.564600000 13.8
6.564650000 0.5
6.567000000 0.6
6.569950000 0.5
6.570000000 13.8
6.570001000 -40.0
6.570003000 65.0
6.570006000 20.0
6.570010000 5.0
6.570014000 14.5
6.570020000 13.5
6.570030000 13.9
6.570050000 13.8
6.574850000 14.1
6.579550000 13.5
6.579600000 13.8
6.579650000 0.5
6.582000000 0.6
6.584950000 0.5
6.585000000 13.8
6.585001000 -40.0
6.585003000 65.0
6.585006000 20.0
6.585010000 5.0
6.585014000 14.5
6.585020000 13.5
6.585030000 13.9
6.585050000 13.8
6.589850000 14.1
6.594550000 13.5
6.594600000 13.8
6.594650000 0.5
6.597000000 0.6
6.599950000 0.5
6.600000000 13.8
6.600001000 -40.0
6.600003000 65.0
6.600006000 20.0
6.600010000 5.0
6.600014000 14.5
6.600020000 13.5
6.600030000 13.9
6.600050000 13.8
6.604850000 14.1
6.609550000 13.5
6.609600000 13.8
6.609650000 0.5
6.612000000 0.6
6.614950000 0.5
6.615000000 13.8
6.615001000 -40.0
6.615003000 65.0
6.615006000 20.0
6.615010000 5.0
6.615014000 14.5
6.615020000 13.5
6.615030000 13.9
6.615050000 13.8
6.619850000 14.1
6.624550000 13.5
6.624600000 13.8
6.624650000 0.5
6.627000000 0.6
6.629950000 0.5
6.630000000 13.8
6.630001000 -40.0
6.630003000 65.0
6.630006000 20.0
6.630010000 5.0
6.630014000 14.5
6.630020000 13.5
6.630030000 13.9
6.630050000 13.8
6.634850000 14.1
6.639550000 13.5
6.639600000 13.8
6.639650000 0.5
6.642000000 0.6
6.644950000 0.5
6.645000000 13.8
6.645001000 -40.0
6.645003000 65.0
6.645006000 20.0
6.645010000 5.0
6.645014000 14.5
6.645020000 13.5
6.645030000 13.9
6.645050000 13.8
6.649850000 14.1
6.654550000 13.5
6.654600000 13.8
6.654650000 0.5
6.657000000 0.6
6.659950000 0.5
6.660000000 13.8
6.660001000 -40.0
6.660003000 65.0
6.660006000 20.0
6.660010000 5.0
6.660014000 14.5
6.660020000 13.5
6.660030000 13.9
6.660050000 13.8
6.664850000 14.1
6.669550000 13.5
6.669600000 13.8
6.669650000 0.5
6.672000000 0.6
6.674950000 0.5
6.675000000 13.8
6.675001000 -40.0
6.675003000 65.0
6.675006000 20.0
6.675010000 5.0
6.675014000 14.5
6.675020000 13.5
6.675030000 13.9
6.675050000 13.8
6.679850000 14.1
6.684550000 13.5
6.684600000 13.8
6.684650000 0.5
6.687000000 0.6
6.689950000 0.5
6.690000000 13.8
6.690001000 -40.0
6.690003000 65.0
6.690006000 20.0
6.690010000 5.0
6.690014000 14.5
6.690020000 13.5
6.690030000 13.9
6.690050000 13.8
6.694850000 14.1
6.699550000 13.5
6.699600000 13.8
6.699650000 0.5
6.702000000 0.6
6.704950000 0.5
6.705000000 13.8
6.705001000 -40.0
6.705003000 65.0
6.705006000 20.0
6.705010000 5.0
6.705014000 14.5
6.705020000 13.5
6.705030000 13.9
6.705050000 13.8
6.709850000 14.1
6.714550000 13.5
6.714600000 13.8
6.714650000 0.5
6.717000000 0.6
6.719950000 0.5
6.720000000 13.8
6.720001000 -40.0
6.720003000 65.0
6.720006000 20.0
6.720010000 5.0
6.720014000 14.5
6.720020000 13.5
6.720030000 13.9
6.720050000 13.8
6.724850000 14.1
6.729550000 13.5
6.729600000 13.8
6.729650000 0.5
6.732000000 0.6
6.734950000 0.5
6.735000000 13.8
6.735001000 -40.0
6.735003000 65.0
6.735006000 20.0
6.735010000 5.0
6.735014000 14.5
6.735020000 13.5
6.735030000 13.9
6.735050000 13.8
6.739850000 14.1
6.744550000 13.5
6.744600000 13.8
6.744650000 0.5
6.747000000 0.6
6.749950000 0.5
6.750000000 13.8
6.750001000 -40.0
6.750003000 65.0
6.750006000 20.0
6.750010000 5.0
6.750014000 14.5
6.750020000 13.5
6.750030000 13.9
6.750050000 13.8
6.754850000 14.1
6.759550000 13.5
6.759600000 13.8
6.759650000 0.5
6.762000000 0.6
6.764950000 0.5
6.765000000 13.8
6.765001000 -40.0
6.765003000 65.0
6.765006000 20.0
6.765010000 5.0
6.765014000 14.5
6.765020000 13.5
6.765030000 13.9
6.765050000 13.8
6.769850000 14.1
6.774550000 13.5
6.774600000 13.8
6.774650000 0.5
6.777000000 0.6
6.779950000 0.5
6.780000000 13.8
6.780001000 -40.0
6.780003000 65.0
6.780006000 20.0
6.780010000 5.0
6.780014000 14.5
6.780020000 13.5
6.780030000 13.9
6.780050000 13.8
6.784850000 14.1
6.789550000 13.5
6.789600000 13.8
6.789650000 0.5
6.792000000 0.6
6.794950000 0.5
6.795000000 13.8
6.795001000 -40.0
6.795003000 65.0
6.795006000 20.0
6.795010000 5.0
6.795014000 14.5
6.795020000 13.5
6.795030000 13.9
6.795050000 13.8
6.799850000 14.1
6.804550000 13.5
6.804600000 13.8
6.804650000 0.5
6.807000000 0.6
6.809950000 0.5
6.810000000 13.8
6.810001000 -40.0
6.810003000 65.0
6.810006000 20.0
6.810010000 5.0
6.810014000 14.5
6.810020000 13.5
6.810030000 13.9
6.810050000 13.8
6.814850000 14.1
6.819550000 13.5
6.819600000 13.8
6.819650000 0.5
6.822000000 0.6
6.824950000 0.5
6.825000000 13.8
6.825001000 -40.0
6.825003000 65.0
6.825006000 20.0
6.825010000 5.0
6.825014000 14.5
6.825020000 13.5
6.825030000 13.9
6.825050000 13.8
6.829850000 14.1
6.834550000 13.5
6.834600000 13.8
6.834650000 0.5
6.837000000 0.6
6.839950000 0.5
6.840000000 13.8
6.840001000 -40.0
6.840003000 65.0
6.840006000 20.0
6.840010000 5.0
6.840014000 14.5
6.840020000 13.5
6.840030000 13.9
6.840050000 13.8
6.844850000 14.1
6.849550000 13.5
6.849600000 13.8
6.849650000 0.5
6.852000000 0.6
6.854950000 0.5
6.855000000 13.8
6.855001000 -40.0
6.855003000 65.0
6.855006000 20.0
6.855010000 5.0
6.855014000 14.5
6.855020000 13.5
6.855030000 13.9
6.855050000 13.8
6.859850000 14.1
6.864550000 13.5
6.864600000 13.8
6.864650000 0.5
6.867000000 0.6
6.869950000 0.5
6.870000000 13.8
6.870001000 -40.0
6.870003000 65.0
6.870006000 20.0
6.870010000 5.0
6.870014000 14.5
6.870020000 13.5
6.870030000 13.9
6.870050000 13.8
6.874850000 14.1
6.879550000 13.5
6.879600000 13.8
6.879650000 0.5
6.882000000 0.6
6.884950000 0.5
6.885000000 13.8
6.885001000 -40.0
6.885003000 65.0
6.885006000 20.0
6.885010000 5.0
6.885014000 14.5
6.885020000 13.5
6.885030000 13.9
6.885050000 13.8
6.889850000 14.1
6.894550000 13.5
6.894600000 13.8
6.894650000 0.5
6.897000000 0.6
6.899950000 0.5
6.900000000 13.8
6.900001000 -40.0
6.900003000 65.0
6.900006000 20.0
6.900010000 5.0
6.900014000 14.5
6.900020000 13.5
6.900030000 13.9
6.900050000 13.8
6.904850000 14.1
6.909550000 13.5
6.909600000 13.8
6.909650000 0.5
6.912000000 0.6
6.914950000 0.5
6.915000000 13.8
6.915001000 -40.0
6.915003000 65.0
6.915006000 20.0
6.915010000 5.0
6.915014000 14.5
6.915020000 13.5
6.915030000 13.9
6.915050000 13.8
6.919850000 14.1
6.924550000 13.5
6.924600000 13.8
6.924650000 0.5
6.927000000 0.6
6.929950000 0.5
6.930000000 13.8
6.930001000 -40.0
6.930003000 65.0
6.930006000 20.0
6.930010000 5.0
6.930014000 14.5
6.930020000 13.5
6.930030000 13.9
6.930050000 13.8
6.934850000 14.1
6.939550000 13.5
6.939600000 13.8
6.939650000 0.5
6.942000000 0.6
6.944950000 0.5
6.945000000 13.8
6.945001000 -40.0
6.945003000 65.0
6.945006000 20.0
6.945010000 5.0
6.945014000 14.5
6.945020000 13.5
6.945030000 13.9
6.945050000 13.8
6.949850000 14.1
6.954550000 13.5
6.954600000 13.8
6.954650000 0.5
6.957000000 0.6
6.959950000 0.5
6.960000000 13.8
6.960001000 -40.0
6.960003000 65.0
6.960006000 20.0
6.960010000 5.0
6.960014000 14.5
6.960020000 13.5
6.960030000 13.9
6.960050000 13.8
6.964850000 14.1
6.969550000 13.5
6.969600000 13.8
6.969650000 0.5
6.972000000 0.6
6.974950000 0.5
6.975000000 13.8
6.975001000 -40.0
6.975003000 65.0
6.975006000 20.0
6.975010000 5.0
6.975014000 14.5
6.975020000 13.5
6.975030000 13.9
6.975050000 13.8
6.979850000 14.1
6.984550000 13.5
6.984600000 13.8
6.984650000 0.5
6.987000000 0.6
6.989950000 0.5
6.990000000 13.8
6.990001000 -40.0
6.990003000 65.0
6.990006000 20.0
6.990010000 5.0
6.990014000 14.5
6.990020000 13.5
6.990030000 13.9
6.990050000 13.8
6.994850000 14.1
6.999550000 13.5
6.999600000 13.8
6.999650000 0.5
7.002000000 0.6
7.004950000 0.5
7.005000000 13.8
7.005001000 -40.0
7.005003000 65.0
7.005006000 20.0
7.005010000 5.0
7.005014000 14.5
7.005020000 13.5
7.005030000 13.9
7.005050000 13.8
7.009850000 14.1
7.014550000 13.5
7.014600000 13.8
7.014650000 0.5
7.017000000 0.6
7.019950000 0.5
7.020000000 13.8
7.020001000 -40.0
7.020003000 65.0
7.020006000 20.0
7.020010000 5.0
7.020014000 14.5
7.020020000 13.5
7.020030000 13.9
7.020050000 13.8
7.024850000 14.1
7.029550000 13.5
7.029600000 13.8
7.029650000 0.5
7.032000000 0.6
7.034950000 0.5
7.035000000 13.8
7.035001000 -40.0
7.035003000 65.0
7.035006000 20.0
7.035010000 5.0
7.035014000 14.5
7.035020000 13.5
7.035030000 13.9
7.035050000 13.8
7.039850000 14.1
7.044550000 13.5
7.044600000 13.8
7.044650000 0.5
7.047000000 0.6
7.049950000 0.5
7.050000000 13.8
7.050001000 -40.0
7.050003000 65.0
7.050006000 20.0
7.050010000 5.0
7.050014000 14.5
7.050020000 13.5
7.050030000 13.9
7.050050000 13.8
7.054850000 14.1
7.059550000 13.5
7.059600000 13.8
7.059650000 0.5
7.062000000 0.6
7.064950000 0.5
7.065000000 13.8
7.065001000 -40.0
7.065003000 65.0
7.065006000 20.0
7.065010000 5.0
7.065014000 14.5
7.065020000 13.5
7.065030000 13.9
7.065050000 13.8
7.069850000 14.1
7.074550000 13.5
7.074600000 13.8
7.074650000 0.5
7.077000000 0.6
7.079950000 0.5
7.080000000 13.8
7.080001000 -40.0
7.080003000 65.0
7.080006000 20.0
7.080010000 5.0
7.080014000 14.5
7.080020000 13.5
7.080030000 13.9
7.080050000 13.8
7.084850000 14.1
7.089550000 13.5
7.089600000 13.8
7.089650000 0.5
7.092000000 0.6
7.094950000 0.5
7.095000000 13.8
7.095001000 -40.0
7.095003000 65.0
7.095006000 20.0
7.095010000 5.0
7.095014000 14.5
7.095020000 13.5
7.095030000 13.9
7.095050000 13.8
7.099850000 14.1
7.104550000 13.5
7.104600000 13.8
7.104650000 0.5
7.107000000 0.6
7.109950000 0.5
7.110000000 13.8
7.110001000 -40.0
7.110003000 65.0
7.110006000 20.0
7.110010000 5.0
7.110014000 14.5
7.110020000 13.5
7.110030000 13.9
7.110050000 13.8
7.114850000 14.1
7.119550000 13.5
7.119600000 13.8
7.119650000 0.5
7.122000000 0.6
7.124950000 0.5
7.125000000 13.8
7.125001000 -40.0
7.125003000 65.0
7.125006000 20.0
7.125010000 5.0
7.125014000 14.5
7.125020000 13.5
7.125030000 13.9
7.125050000 13.8
7.129850000 14.1
7.134550000 13.5
7.134600000 13.8
7.134650000 0.5
7.137000000 0.6
7.139950000 0.5
7.140000000 13.8
7.140001000 -40.0
7.140003000 65.0
7.140006000 20.0
7.140010000 5.0
7.140014000 14.5
7.140020000 13.5
7.140030000 13.9
7.140050000 13.8
7.144850000 14.1
7.149550000 13.5
7.149600000 13.8
7.149650000 0.5
7.152000000 0.6
7.154950000 0.5
7.155000000 13.8
7.155001000 -40.0
7.155003000 65.0
7.155006000 20.0
7.155010000 5.0
7.155014000 14.5
7.155020000 13.5
7.155030000 13.9
7.155050000 13.8
7.159850000 14.1
7.164550000 13.5
7.164600000 13.8
7.164650000 0.5
7.167000000 0.6
7.169950000 0.5
7.170000000 13.8
7.170001000 -40.0
7.170003000 65.0
7.170006000 20.0
7.170010000 5.0
7.170014000 14.5
7.170020000 13.5
7.170030000 13.9
7.170050000 13.8
7.174850000 14.1
7.179550000 13.5
7.179600000 13.8
7.179650000 0.5
7.182000000 0.6
7.184950000 0.5
7.185000000 13.8
7.185001000 -40.0
7.185003000 65.0
7.185006000 20.0
7.185010000 5.0
7.185014000 14.5
7.185020000 13.5
7.185030000 13.9
7.185050000 13.8
7.189850000 14.1
7.194550000 13.5
7.194600000 13.8
7.194650000 0.5
7.197000000 0.6
7.199950000 0.5
7.200000000 13.8
7.200001000 -40.0
7.200003000 65.0
7.200006000 20.0
7.200010000 5.0
7.200014000 14.5
7.200020000 13.5
7.200030000 13.9
7.200050000 13.8
7.204850000 14.1
7.209550000 13.5
7.209600000 13.8
7.209650000 0.5
7.212000000 0.6
7.214950000 0.5
7.215000000 13.8
7.215001000 -40.0
7.215003000 65.0
7.215006000 20.0
7.215010000 5.0
7.215014000 14.5
7.215020000 13.5
7.215030000 13.9
7.215050000 13.8
7.219850000 14.1
7.224550000 13.5
7.224600000 13.8
7.224650000 0.5
7.227000000 0.6
7.229950000 0.5
7.230000000 13.8
7.230001000 -40.0
7.230003000 65.0
7.230006000 20.0
7.230010000 5.0
7.230014000 14.5
7.230020000 13.5
7.230030000 13.9
7.230050000 13.8
7.234850000 14.1
7.239550000 13.5
7.239600000 13.8
7.239650000 0.5
7.242000000 0.6
7.244950000 0.5
7.245000000 13.8
7.245001000 -40.0
7.245003000 65.0
7.245006000 20.0
7.245010000 5.0
7.245014000 14.5
7.245020000 13.5
7.245030000 13.9
7.245050000 13.8
7.249850000 14.1
7.254550000 13.5
7.254600000 13.8
7.254650000 0.5
7.257000000 0.6
7.259950000 0.5
7.260000000 13.8
7.260001000 -40.0
7.260003000 65.0
7.260006000 20.0
7.260010000 5.0
7.260014000 14.5
7.260020000 13.5
7.260030000 13.9
7.260050000 13.8
7.264850000 14.1
7.269550000 13.5
7.269600000 13.8
7.269650000 0.5
7.272000000 0.6
7.274950000 0.5
7.275000000 13.8
7.275001000 -40.0
7.275003000 65.0
7.275006000 20.0
7.275010000 5.0
7.275014000 14.5
7.275020000 13.5
7.275030000 13.9
7.275050000 13.8
7.279850000 14.1
7.284550000 13.5
7.284600000 13.8
7.284650000 0.5
7.287000000 0.6
7.289950000 0.5
7.290000000 13.8
7.290001000 -40.0
7.290003000 65.0
7.290006000 20.0
7.290010000 5.0
7.290014000 14.5
7.290020000 13.5
7.290030000 13.9
7.290050000 13.8
7.294850000 14.1
7.299550000 13.5
7.299600000 13.8
7.299650000 0.5
7.302000000 0.6
7.304950000 0.5
7.305000000 13.8
7.305001000 -40.0
7.305003000 65.0
7.305006000 20.0
7.305010000 5.0
7.305014000 14.5
7.305020000 13.5
7.305030000 13.9
7.305050000 13.8
7.309850000 14.1
7.314550000 13.5
7.314600000 13.8
7.314650000 0.5
7.317000000 0.6
7.319950000 0.5
7.320000000 13.8
7.320001000 -40.0
7.320003000 65.0
7.320006000 20.0
7.320010000 5.0
7.320014000 14.5
7.320020000 13.5
7.320030000 13.9
7.320050000 13.8
7.324850000 14.1
7.329550000 13.5
7.329600000 13.8
7.329650000 0.5
7.332000000 0.6
7.334950000 0.5
7.335000000 13.8
7.335001000 -40.0
7.335003000 65.0
7.335006000 20.0
7.335010000 5.0
7.335014000 14.5
7.335020000 13.5
7.335030000 13.9
7.335050000 13.8
7.339850000 14.1
7.344550000 13.5
7.344600000 13.8
7.344650000 0.5
7.347000000 0.6
7.349950000 0.5
7.350000000 13.8
7.350001000 -40.0
7.350003000 65.0
7.350006000 20.0
7.350010000 5.0
7.350014000 14.5
7.350020000 13.5
7.350030000 13.9
7.350050000 13.8
7.354850000 14.1
7.359550000 13.5
7.359600000 13.8
7.359650000 0.5
7.362000000 0.6
7.364950000 0.5
7.365000000 13.8
7.365001000 -40.0
7.365003000 65.0
7.365006000 20.0
7.365010000 5.0
7.365014000 14.5
7.365020000 13.5
7.365030000 13.9
7.365050000 13.8
7.369850000 14.1
7.374550000 13.5
7.374600000 13.8
7.374650000 0.5
7.377000000 0.6
7.379950000 0.5
7.380000000 13.8
7.380001000 -40.0
7.380003000 65.0
7.380006000 20.0
7.380010000 5.0
7.380014000 14.5
7.380020000 13.5
7.380030000 13.9
7.380050000 13.8
7.384850000 14.1
7.389550000 13.5
7.389600000 13.8
7.389650000 0.5
7.392000000 0.6
7.394950000 0.5
7.395000000 13.8
7.395001000 -40.0
7.395003000 65.0
7.395006000 20.0
7.395010000 5.0
7.395014000 14.5
7.395020000 13.5
7.395030000 13.9
7.395050000 13.8
7.399850000 14.1
7.404550000 13.5
7.404600000 13.8
7.404650000 0.5
7.407000000 0.6
7.409950000 0.5
7.410000000 13.8
7.410001000 -40.0
7.410003000 65.0
7.410006000 20.0
7.410010000 5.0
7.410014000 14.5
7.410020000 13.5
7.410030000 13.9
7.410050000 13.8
7.414850000 14.1
7.419550000 13.5
7.419600000 13.8
7.419650000 0.5
7.422000000 0.6
7.424950000 0.5
7.425000000 13.8
7.425001000 -40.0
7.425003000 65.0
7.425006000 20.0
7.425010000 5.0
7.425014000 14.5
7.425020000 13.5
7.425030000 13.9
7.425050000 13.8
7.429850000 14.1
7.434550000 13.5
7.434600000 13.8
7.434650000 0.5
7.437000000 0.6
7.439950000 0.5
7.440000000 13.8
7.440001000 -40.0
7.440003000 65.0
7.440006000 20.0
7.440010000 5.0
7.440014000 14.5
7.440020000 13.5
7.440030000 13.9
7.440050000 13.8
7.444850000 14.1
7.449550000 13.5
7.449600000 13.8
7.449650000 0.5
7.452000000 0.6
7.454950000 0.5
7.455000000 13.8
7.455001000 -40.0
7.455003000 65.0
7.455006000 20.0
7.455010000 5.0
7.455014000 14.5
7.455020000 13.5
7.455030000 13.9
7.455050000 13.8
7.459850000 14.1
7.464550000 13.5
7.464600000 13.8
7.464650000 0.5
7.467000000 0.6
7.469950000 0.5
7.470000000 13.8
7.470001000 -40.0
7.470003000 65.0
7.470006000 20.0
7.470010000 5.0
7.470014000 14.5
7.470020000 13.5
7.470030000 13.9
7.470050000 13.8
7.474850000 14.1
7.479550000 13.5
7.479600000 13.8
7.479650000 0.5
7.482000000 0.6
7.484950000 0.5
7.485000000 13.8
7.485001000 -40.0
7.485003000 65.0
7.485006000 20.0
7.485010000 5.0
7.485014000 14.5
7.485020000 13.5
7.485030000 13.9
7.485050000 13.8
7.489850000 14.1
7.494550000 13.5
7.494600000 13.8
7.494650000 0.5
7.497000000 0.6
7.499950000 0.5
7.500000000 13.8
7.500001000 -40.0
7.500003000 65.0
7.500006000 20.0
7.500010000 5.0
7.500014000 14.5
7.500020000 13.5
7.500030000 13.9
7.500050000 13.8
7.504850000 14.1
7.509550000 13.5
7.509600000 13.8
7.509650000 0.5
7.512000000 0.6
7.514950000 0.5
7.515000000 13.8
7.515001000 -40.0
7.515003000 65.0
7.515006000 20.0
7.515010000 5.0
7.515014000 14.5
7.515020000 13.5
7.515030000 13.9
7.515050000 13.8
7.519850000 14.1
7.524550000 13.5
7.524600000 13.8
7.524650000 0.5
7.527000000 0.6
7.529950000 0.5
7.530000000 13.8
7.530001000 -40.0
7.530003000 65.0
7.530006000 20.0
7.530010000 5.0
7.530014000 14.5
7.530020000 13.5
7.530030000 13.9
7.530050000 13.8
7.534850000 14.1
7.539550000 13.5
7.539600000 13.8
7.539650000 0.5
7.542000000 0.6
7.544950000 0.5
7.545000000 13.8
7.545001000 -40.0
7.545003000 65.0
7.545006000 20.0
7.545010000 5.0
7.545014000 14.5
7.545020000 13.5
7.545030000 13.9
7.545050000 13.8
7.549850000 14.1
7.554550000 13.5
7.554600000 13.8
7.554650000 0.5
7.557000000 0.6
7.559950000 0.5
7.560000000 13.8
7.560001000 -40.0
7.560003000 65.0
7.560006000 20.0
7.560010000 5.0
7.560014000 14.5
7.560020000 13.5
7.560030000 13.9
7.560050000 13.8
7.564850000 14.1
7.569550000 13.5
7.569600000 13.8
7.569650000 0.5
7.572000000 0.6
7.574950000 0.5
7.575000000 13.8
7.575001000 -40.0
7.575003000 65.0
7.575006000 20.0
7.575010000 5.0
7.575014000 14.5
7.575020000 13.5
7.575030000 13.9
7.575050000 13.8
7.579850000 14.1
7.584550000 13.5
7.584600000 13.8
7.584650000 0.5
7.587000000 0.6
7.589950000 0.5
7.590000000 13.8
7.590001000 -40.0
7.590003000 65.0
7.590006000 20.0
7.590010000 5.0
7.590014000 14.5
7.590020000 13.5
7.590030000 13.9
7.590050000 13.8
7.594850000 14.1
7.599550000 13.5
7.599600000 13.8
7.599650000 0.5
7.602000000 0.6
7.604950000 0.5
7.605000000 13.8
7.605001000 -40.0
7.605003000 65.0
7.605006000 20.0
7.605010000 5.0
7.605014000 14.5
7.605020000 13.5
7.605030000 13.9
7.605050000 13.8
7.609850000 14.1
7.614550000 13.5
7.614600000 13.8
7.614650000 0.5
7.617000000 0.6
7.619950000 0.5
7.620000000 13.8
7.620001000 -40.0
7.620003000 65.0
7.620006000 20.0
7.620010000 5.0
7.620014000 14.5
7.620020000 13.5
7.620030000 13.9
7.620050000 13.8
7.624850000 14.1
7.629550000 13.5
7.629600000 13.8
7.629650000 0.5
7.632000000 0.6
7.634950000 0.5
7.635000000 13.8
7.635001000 -40.0
7.635003000 65.0
7.635006000 20.0
7.635010000 5.0
7.635014000 14.5
7.635020000 13.5
7.635030000 13.9
7.635050000 13.8
7.639850000 14.1
7.644550000 13.5
7.644600000 13.8
7.644650000 0.5
7.647000000 0.6
7.649950000 0.5
7.650000000 13.8
7.650001000 -40.0
7.650003000 65.0
7.650006000 20.0
7.650010000 5.0
7.650014000 14.5
7.650020000 13.5
7.650030000 13.9
7.650050000 13.8
7.654850000 14.1
7.659550000 13.5
7.659600000 13.8
7.659650000 0.5
7.662000000 0.6
7.664950000 0.5
7.665000000 13.8
7.665001000 -40.0
7.665003000 65.0
7.665006000 20.0
7.665010000 5.0
7.665014000 14.5
7.665020000 13.5
7.665030000 13.9
7.665050000 13.8
7.669850000 14.1
7.674550000 13.5
7.674600000 13.8
7.674650000 0.5
7.677000000 0.6
7.679950000 0.5
7.680000000 13.8
7.680001000 -40.0
7.680003000 65.0
7.680006000 20.0
7.680010000 5.0
7.680014000 14.5
7.680020000 13.5
7.680030000 13.9
7.680050000 13.8
7.684850000 14.1
7.689550000 13.5
7.689600000 13.8
7.689650000 0.5
7.692000000 0.6
7.694950000 0.5
7.695000000 13.8
7.695001000 -40.0
7.695003000 65.0
7.695006000 20.0
7.695010000 5.0
7.695014000 14.5
7.695020000 13.5
7.695030000 13.9
7.695050000 13.8
7.699850000 14.1
7.704550000 13.5
7.704600000 13.8
7.704650000 0.5
7.707000000 0.6
7.709950000 0.5
7.710000000 13.8
7.710001000 -40.0
7.710003000 65.0
7.710006000 20.0
7.710010000 5.0
7.710014000 14.5
7.710020000 13.5
7.710030000 13.9
7.710050000 13.8
7.714850000 14.1
7.719550000 13.5
7.719600000 13.8
7.719650000 0.5
7.722000000 0.6
7.724950000 0.5
7.725000000 13.8
7.725001000 -40.0
7.725003000 65.0
7.725006000 20.0
7.725010000 5.0
7.725014000 14.5
7.725020000 13.5
7.725030000 13.9
7.725050000 13.8
7.729850000 14.1
7.734550000 13.5
7.734600000 13.8
7.734650000 0.5
7.737000000 0.6
7.739950000 0.5
7.740000000 13.8
7.740001000 -40.0
7.740003000 65.0
7.740006000 20.0
7.740010000 5.0
7.740014000 14.5
7.740020000 13.5
7.740030000 13.9
7.740050000 13.8
7.744850000 14.1
7.749550000 13.5
7.749600000 13.8
7.749650000 0.5
7.752000000 0.6
7.754950000 0.5
7.755000000 13.8
7.755001000 -40.0
7.755003000 65.0
7.755006000 20.0
7.755010000 5.0
7.755014000 14.5
7.755020000 13.5
7.755030000 13.9
7.755050000 13.8
7.759850000 14.1
7.764550000 13.5
7.764600000 13.8
7.764650000 0.5
7.767000000 0.6
7.769950000 0.5
7.770000000 13.8
7.770001000 -40.0
7.770003000 65.0
7.770006000 20.0
7.770010000 5.0
7.770014000 14.5
7.770020000 13.5
7.770030000 13.9
7.770050000 13.8
7.774850000 14.1
7.779550000 13.5
7.779600000 13.8
7.779650000 0.5
7.782000000 0.6
7.784950000 0.5
7.785000000 13.8
7.785001000 -40.0
7.785003000 65.0
7.785006000 20.0
7.785010000 5.0
7.785014000 14.5
7.785020000 13.5
7.785030000 13.9
7.785050000 13.8
7.789850000 14.1
7.794550000 13.5
7.794600000 13.8
7.794650000 0.5
7.797000000 0.6
7.799950000 0.5
7.800000000 13.8
7.800001000 -40.0
7.800003000 65.0
7.800006000 20.0
7.800010000 5.0
7.800014000 14.5
7.800020000 13.5
7.800030000 13.9
7.800050000 13.8
7.804850000 14.1
7.809550000 13.5
7.809600000 13.8
7.809650000 0.5
7.812000000 0.6
7.814950000 0.5
7.815000000 13.8
7.815001000 -40.0
7.815003000 65.0
7.815006000 20.0
7.815010000 5.0
7.815014000 14.5
7.815020000 13.5
7.815030000 13.9
7.815050000 13.8
7.819850000 14.1
7.824550000 13.5
7.824600000 13.8
7.824650000 0.5
7.827000000 0.6
7.829950000 0.5
7.830000000 13.8
7.830001000 -40.0
7.830003000 65.0
7.830006000 20.0
7.830010000 5.0
7.830014000 14.5
7.830020000 13.5
7.830030000 13.9
7.830050000 13.8
7.834850000 14.1
7.839550000 13.5
7.839600000 13.8
7.839650000 0.5
7.842000000 0.6
7.844950000 0.5
7.845000000 13.8
7.845001000 -40.0
7.845003000 65.0
7.845006000 20.0
7.845010000 5.0
7.845014000 14.5
7.845020000 13.5
7.845030000 13.9
7.845050000 13.8
7.849850000 14.1
7.854550000 13.5
7.854600000 13.8
7.854650000 0.5
7.857000000 0.6
7.859950000 0.5
7.860000000 13.8
7.860001000 -40.0
7.860003000 65.0
7.860006000 20.0
7.860010000 5.0
7.860014000 14.5
7.860020000 13.5
7.860030000 13.9
7.860050000 13.8
7.864850000 14.1
7.869550000 13.5
7.869600000 13.8
7.869650000 0.5
7.872000000 0.6
7.874950000 0.5
7.875000000 13.8
7.875001000 -40.0
7.875003000 65.0
7.875006000 20.0
7.875010000 5.0
7.875014000 14.5
7.875020000 13.5
7.875030000 13.9
7.875050000 13.8
7.879850000 14.1
7.884550000 13.5
7.884600000 13.8
7.884650000 0.5
7.887000000 0.6
7.889950000 0.5
7.890000000 13.8
7.890001000 -40.0
7.890003000 65.0
7.890006000 20.0
7.890010000 5.0
7.890014000 14.5
7.890020000 13.5
7.890030000 13.9
7.890050000 13.8
7.894850000 14.1
7.899550000 13.5
7.899600000 13.8
7.899650000 0.5
7.902000000 0.6
7.904950000 0.5
7.905000000 13.8
7.905001000 -40.0
7.905003000 65.0
7.905006000 20.0
7.905010000 5.0
7.905014000 14.5
7.905020000 13.5
7.905030000 13.9
7.905050000 13.8
7.909850000 14.1
7.914550000 13.5
7.914600000 13.8
7.914650000 0.5
7.917000000 0.6
7.919950000 0.5
7.920000000 13.8
7.920001000 -40.0
7.920003000 65.0
7.920006000 20.0
7.920010000 5.0
7.920014000 14.5
7.920020000 13.5
7.920030000 13.9
7.920050000 13.8
7.924850000 14.1
7.929550000 13.5
7.929600000 13.8
7.929650000 0.5
7.932000000 0.6
7.934950000 0.5
7.935000000 13.8
7.935001000 -40.0
7.935003000 65.0
7.935006000 20.0
7.935010000 5.0
7.935014000 14.5
7.935020000 13.5
7.935030000 13.9
7.935050000 13.8
7.939850000 14.1
7.944550000 13.5
7.944600000 13.8
7.944650000 0.5
7.947000000 0.6
7.949950000 0.5
7.950000000 13.8
7.950001000 -40.0
7.950003000 65.0
7.950006000 20.0
7.950010000 5.0
7.950014000 14.5
7.950020000 13.5
7.950030000 13.9
7.950050000 13.8
7.954850000 14.1
7.959550000 13.5
7.959600000 13.8
7.959650000 0.5
7.962000000 0.6
7.964950000 0.5
7.965000000 13.8
7.965001000 -40.0
7.965003000 65.0
7.965006000 20.0
7.965010000 5.0
7.965014000 14.5
7.965020000 13.5
7.965030000 13.9
7.965050000 13.8
7.969850000 14.1
7.974550000 13.5
7.974600000 13.8
7.974650000 0.5
7.977000000 0.6
7.979950000 0.5
7.980000000 13.8
7.980001000 -40.0
7.980003000 65.0
7.980006000 20.0
7.980010000 5.0
7.980014000 14.5
7.980020000 13.5
7.980030000 13.9
7.980050000 13.8
7.984850000 14.1
7.989550000 13.5
7.989600000 13.8
7.989650000 0.5
7.992000000 0.6
7.994950000 0.5
7.995000000 13.8
7.995001000 -40.0
7.995003000 65.0
7.995006000 20.0
7.995010000 5.0
7.995014000 14.5
7.995020000 13.5
7.995030000 13.9
7.995050000 13.8
7.999850000 14.1
8.004550000 13.5
8.004600000 13.8
8.004650000 0.5
8.007000000 0.6
8.009950000 0.5
8.010000000 13.8
8.010001000 -40.0
8.010003000 65.0
8.010006000 20.0
8.010010000 5.0
8.010014000 14.5
8.010020000 13.5
8.010030000 13.9
8.010050000 13.8
8.014850000 14.1
8.019550000 13.5
8.019600000 13.8
8.019650000 0.5
8.022000000 0.6
8.024950000 0.5
8.025000000 13.8
8.025001000 -40.0
8.025003000 65.0
8.025006000 20.0
8.025010000 5.0
8.025014000 14.5
8.025020000 13.5
8.025030000 13.9
8.025050000 13.8
8.029850000 14.1
8.034550000 13.5
8.034600000 13.8
8.034650000 0.5
8.037000000 0.6
8.039950000 0.5
8.040000000 13.8
8.040001000 -40.0
8.040003000 65.0
8.040006000 20.0
8.040010000 5.0
8.040014000 14.5
8.040020000 13.5
8.040030000 13.9
8.040050000 13.8
8.044850000 14.1
8.049550000 13.5
8.049600000 13.8
8.049650000 0.5
8.052000000 0.6
8.054950000 0.5
8.055000000 13.8
8.055001000 -40.0
8.055003000 65.0
8.055006000 20.0
8.055010000 5.0
8.055014000 14.5
8.055020000 13.5
8.055030000 13.9
8.055050000 13.8
8.059850000 14.1
8.064550000 13.5
8.064600000 13.8
8.064650000 0.5
8.067000000 0.6
8.069950000 0.5
8.070000000 13.8
8.070001000 -40.0
8.070003000 65.0
8.070006000 20.0
8.070010000 5.0
8.070014000 14.5
8.070020000 13.5
8.070030000 13.9
8.070050000 13.8
8.074850000 14.1
8.079550000 13.5
8.079600000 13.8
8.079650000 0.5
8.082000000 0.6
8.084950000 0.5
8.085000000 13.8
8.085001000 -40.0
8.085003000 65.0
8.085006000 20.0
8.085010000 5.0
8.085014000 14.5
8.085020000 13.5
8.085030000 13.9
8.085050000 13.8
8.089850000 14.1
8.094550000 13.5
8.094600000 13.8
8.094650000 0.5
8.097000000 0.6
8.099950000 0.5
8.100000000 13.8
8.100001000 -40.0
8.100003000 65.0
8.100006000 20.0
8.100010000 5.0
8.100014000 14.5
8.100020000 13.5
8.100030000 13.9
8.100050000 13.8
8.104850000 14.1
8.109550000 13.5
8.109600000 13.8
8.109650000 0.5
8.112000000 0.6
8.114950000 0.5
8.115000000 13.8
8.115001000 -40.0
8.115003000 65.0
8.115006000 20.0
8.115010000 5.0
8.115014000 14.5
8.115020000 13.5
8.115030000 13.9
8.115050000 13.8
8.119850000 14.1
8.124550000 13.5
8.124600000 13.8
8.124650000 0.5
8.127000000 0.6
8.129950000 0.5
8.130000000 13.8
8.130001000 -40.0
8.130003000 65.0
8.130006000 20.0
8.130010000 5.0
8.130014000 14.5
8.130020000 13.5
8.130030000 13.9
8.130050000 13.8
8.134850000 14.1
8.139550000 13.5
8.139600000 13.8
8.139650000 0.5
8.142000000 0.6
8.144950000 0.5
8.145000000 13.8
8.145001000 -40.0
8.145003000 65.0
8.145006000 20.0
8.145010000 5.0
8.145014000 14.5
8.145020000 13.5
8.145030000 13.9
8.145050000 13.8
8.149850000 14.1
8.154550000 13.5
8.154600000 13.8
8.154650000 0.5
8.157000000 0.6
8.159950000 0.5
8.160000000 13.8
8.160001000 -40.0
8.160003000 65.0
8.160006000 20.0
8.160010000 5.0
8.160014000 14.5
8.160020000 13.5
8.160030000 13.9
8.160050000 13.8
8.164850000 14.1
8.169550000 13.5
8.169600000 13.8
8.169650000 0.5
8.172000000 0.6
8.174950000 0.5
8.175000000 13.8
8.175001000 -40.0
8.175003000 65.0
8.175006000 20.0
8.175010000 5.0
8.175014000 14.5
8.175020000 13.5
8.175030000 13.9
8.175050000 13.8
8.179850000 14.1
8.184550000 13.5
8.184600000 13.8
8.184650000 0.5
8.187000000 0.6
8.189950000 0.5
8.190000000 13.8
8.190001000 -40.0
8.190003000 65.0
8.190006000 20.0
8.190010000 5.0
8.190014000 14.5
8.190020000 13.5
8.190030000 13.9
8.190050000 13.8
8.194850000 14.1
8.199550000 13.5
8.199600000 13.8
8.199650000 0.5
8.202000000 0.6
8.204950000 0.5
8.205000000 13.8
8.205001000 -40.0
8.205003000 65.0
8.205006000 20.0
8.205010000 5.0
8.205014000 14.5
8.205020000 13.5
8.205030000 13.9
8.205050000 13.8
8.209850000 14.1
8.214550000 13.5
8.214600000 13.8
8.214650000 0.5
8.217000000 0.6
8.219950000 0.5
8.220000000 13.8
8.220001000 -40.0
8.220003000 65.0
8.220006000 20.0
8.220010000 5.0
8.220014000 14.5
8.220020000 13.5
8.220030000 13.9
8.220050000 13.8
8.224850000 14.1
8.229550000 13.5
8.229600000 13.8
8.229650000 0.5
8.232000000 0.6
8.234950000 0.5
8.235000000 13.8
8.235001000 -40.0
8.235003000 65.0
8.235006000 20.0
8.235010000 5.0
8.235014000 14.5
8.235020000 13.5
8.235030000 13.9
8.235050000 13.8
8.239850000 14.1
8.244550000 13.5
8.244600000 13.8
8.244650000 0.5
8.247000000 0.6
8.249950000 0.5
8.250000000 13.8
8.250001000 -40.0
8.250003000 65.0
8.250006000 20.0
8.250010000 5.0
8.250014000 14.5
8.250020000 13.5
8.250030000 13.9
8.250050000 13.8
8.254850000 14.1
8.259550000 13.5
8.259600000 13.8
8.259650000 0.5
8.262000000 0.6
8.264950000 0.5
8.265000000 13.8
8.265001000 -40.0
8.265003000 65.0
8.265006000 20.0
8.265010000 5.0
8.265014000 14.5
8.265020000 13.5
8.265030000 13.9
8.265050000 13.8
8.269850000 14.1
8.274550000 13.5
8.274600000 13.8
8.274650000 0.5
8.277000000 0.6
8.279950000 0.5
8.280000000 13.8
8.280001000 -40.0
8.280003000 65.0
8.280006000 20.0
8.280010000 5.0
8.280014000 14.5
8.280020000 13.5
8.280030000 13.9
8.280050000 13.8
8.284850000 14.1
8.289550000 13.5
8.289600000 13.8
8.289650000 0.5
8.292000000 0.6
8.294950000 0.5
8.295000000 13.8
8.295001000 -40.0
8.295003000 65.0
8.295006000 20.0
8.295010000 5.0
8.295014000 14.5
8.295020000 13.5
8.295030000 13.9
8.295050000 13.8
8.299850000 14.1
8.304550000 13.5
8.304600000 13.8
8.304650000 0.5
8.307000000 0.6
8.309950000 0.5
8.310000000 13.8
8.310001000 -40.0
8.310003000 65.0
8.310006000 20.0
8.310010000 5.0
8.310014000 14.5
8.310020000 13.5
8.310030000 13.9
8.310050000 13.8
8.314850000 14.1
8.319550000 13.5
8.319600000 13.8
8.319650000 0.5
8.322000000 0.6
8.324950000 0.5
8.325000000 13.8
8.325001000 -40.0
8.325003000 65.0
8.325006000 20.0
8.325010000 5.0
8.325014000 14.5
8.325020000 13.5
8.325030000 13.9
8.325050000 13.8
8.329850000 14.1
8.334550000 13.5
8.334600000 13.8
8.334650000 0.5
8.337000000 0.6
8.339950000 0.5
8.340000000 13.8
8.340001000 -40.0
8.340003000 65.0
8.340006000 20.0
8.340010000 5.0
8.340014000 14.5
8.340020000 13.5
8.340030000 13.9
8.340050000 13.8
8.344850000 14.1
8.349550000 13.5
8.349600000 13.8
8.349650000 0.5
8.352000000 0.6
8.354950000 0.5
8.355000000 13.8
8.355001000 -40.0
8.355003000 65.0
8.355006000 20.0
8.355010000 5.0
8.355014000 14.5
8.355020000 13.5
8.355030000 13.9
8.355050000 13.8
8.359850000 14.1
8.364550000 13.5
8.364600000 13.8
8.364650000 0.5
8.367000000 0.6
8.369950000 0.5
8.370000000 13.8
8.370001000 -40.0
8.370003000 65.0
8.370006000 20.0
8.370010000 5.0
8.370014000 14.5
8.370020000 13.5
8.370030000 13.9
8.370050000 13.8
8.374850000 14.1
8.379550000 13.5
8.379600000 13.8
8.379650000 0.5
8.382000000 0.6
8.384950000 0.5
8.385000000 13.8
8.385001000 -40.0
8.385003000 65.0
8.385006000 20.0
8.385010000 5.0
8.385014000 14.5
8.385020000 13.5
8.385030000 13.9
8.385050000 13.8
8.389850000 14.1
8.394550000 13.5
8.394600000 13.8
8.394650000 0.5
8.397000000 0.6
8.399950000 0.5
8.400000000 13.8
8.400001000 -40.0
8.400003000 65.0
8.400006000 20.0
8.400010000 5.0
8.400014000 14.5
8.400020000 13.5
8.400030000 13.9
8.400050000 13.8
8.404850000 14.1
8.409550000 13.5
8.409600000 13.8
8.409650000 0.5
8.412000000 0.6
8.414950000 0.5
8.415000000 13.8
8.415001000 -40.0
8.415003000 65.0
8.415006000 20.0
8.415010000 5.0
8.415014000 14.5
8.415020000 13.5
8.415030000 13.9
8.415050000 13.8
8.419850000 14.1
8.424550000 13.5
8.424600000 13.8
8.424650000 0.5
8.427000000 0.6
8.429950000 0.5
8.430000000 13.8
8.430001000 -40.0
8.430003000 65.0
8.430006000 20.0
8.430010000 5.0
8.430014000 14.5
8.430020000 13.5
8.430030000 13.9
8.430050000 13.8
8.434850000 14.1
8.439550000 13.5
8.439600000 13.8
8.439650000 0.5
8.442000000 0.6
8.444950000 0.5
8.445000000 13.8
8.445001000 -40.0
8.445003000 65.0
8.445006000 20.0
8.445010000 5.0
8.445014000 14.5
8.445020000 13.5
8.445030000 13.9
8.445050000 13.8
8.449850000 14.1
8.454550000 13.5
8.454600000 13.8
8.454650000 0.5
8.457000000 0.6
8.459950000 0.5
8.460000000 13.8
8.460001000 -40.0
8.460003000 65.0
8.460006000 20.0
8.460010000 5.0
8.460014000 14.5
8.460020000 13.5
8.460030000 13.9
8.460050000 13.8
8.464850000 14.1
8.469550000 13.5
8.469600000 13.8
8.469650000 0.5
8.472000000 0.6
8.474950000 0.5
8.475000000 13.8
8.475001000 -40.0
8.475003000 65.0
8.475006000 20.0
8.475010000 5.0
8.475014000 14.5
8.475020000 13.5
8.475030000 13.9
8.475050000 13.8
8.479850000 14.1
8.484550000 13.5
8.484600000 13.8
8.484650000 0.5
8.487000000 0.6
8.489950000 0.5
8.490000000 13.8
8.490001000 -40.0
8.490003000 65.0
8.490006000 20.0
8.490010000 5.0
8.490014000 14.5
8.490020000 13.5
8.490030000 13.9
8.490050000 13.8
8.494850000 14.1
8.499550000 13.5
8.499600000 13.8
8.499650000 0.5
8.502000000 0.6
8.504950000 0.5
8.505000000 13.8
8.505001000 -40.0
8.505003000 65.0
8.505006000 20.0
8.505010000 5.0
8.505014000 14.5
8.505020000 13.5
8.505030000 13.9
8.505050000 13.8
8.509850000 14.1
8.514550000 13.5
8.514600000 13.8
8.514650000 0.5
8.517000000 0.6
8.519950000 0.5
8.520000000 13.8
8.520001000 -40.0
8.520003000 65.0
8.520006000 20.0
8.520010000 5.0
8.520014000 14.5
8.520020000 13.5
8.520030000 13.9
8.520050000 13.8
8.524850000 14.1
8.529550000 13.5
8.529600000 13.8
8.529650000 0.5
8.532000000 0.6
8.534950000 0.5
8.535000000 13.8
8.535001000 -40.0
8.535003000 65.0
8.535006000 20.0
8.535010000 5.0
8.535014000 14.5
8.535020000 13.5
8.535030000 13.9
8.535050000 13.8
8.539850000 14.1
8.544550000 13.5
8.544600000 13.8
8.544650000 0.5
8.547000000 0.6
8.549950000 0.5
8.550000000 13.8
8.550001000 -40.0
8.550003000 65.0
8.550006000 20.0
8.550010000 5.0
8.550014000 14.5
8.550020000 13.5
8.550030000 13.9
8.550050000 13.8
8.554850000 14.1
8.559550000 13.5
8.559600000 13.8
8.559650000 0.5
8.562000000 0.6
8.564950000 0.5
8.565000000 13.8
8.565001000 -40.0
8.565003000 65.0
8.565006000 20.0
8.565010000 5.0
8.565014000 14.5
8.565020000 13.5
8.565030000 13.9
8.565050000 13.8
8.569850000 14.1
8.574550000 13.5
8.574600000 13.8
8.574650000 0.5
8.577000000 0.6
8.579950000 0.5
8.580000000 13.8
8.580001000 -40.0
8.580003000 65.0
8.580006000 20.0
8.580010000 5.0
8.580014000 14.5
8.580020000 13.5
8.580030000 13.9
8.580050000 13.8
8.584850000 14.1
8.589550000 13.5
8.589600000 13.8
8.589650000 0.5
8.592000000 0.6
8.594950000 0.5
8.595000000 13.8
8.595001000 -40.0
8.595003000 65.0
8.595006000 20.0
8.595010000 5.0
8.595014000 14.5
8.595020000 13.5
8.595030000 13.9
8.595050000 13.8
8.599850000 14.1
8.604550000 13.5
8.604600000 13.8
8.604650000 0.5
8.607000000 0.6
8.609950000 0.5
8.610000000 13.8
8.610001000 -40.0
8.610003000 65.0
8.610006000 20.0
8.610010000 5.0
8.610014000 14.5
8.610020000 13.5
8.610030000 13.9
8.610050000 13.8
8.614850000 14.1
8.619550000 13.5
8.619600000 13.8
8.619650000 0.5
8.622000000 0.6
8.624950000 0.5
8.625000000 13.8
8.625001000 -40.0
8.625003000 65.0
8.625006000 20.0
8.625010000 5.0
8.625014000 14.5
8.625020000 13.5
8.625030000 13.9
8.625050000 13.8
8.629850000 14.1
8.634550000 13.5
8.634600000 13.8
8.634650000 0.5
8.637000000 0.6
8.639950000 0.5
8.640000000 13.8
8.640001000 -40.0
8.640003000 65.0
8.640006000 20.0
8.640010000 5.0
8.640014000 14.5
8.640020000 13.5
8.640030000 13.9
8.640050000 13.8
8.644850000 14.1
8.649550000 13.5
8.649600000 13.8
8.649650000 0.5
8.652000000 0.6
8.654950000 0.5
8.655000000 13.8
8.655001000 -40.0
8.655003000 65.0
8.655006000 20.0
8.655010000 5.0
8.655014000 14.5
8.655020000 13.5
8.655030000 13.9
8.655050000 13.8
8.659850000 14.1
8.664550000 13.5
8.664600000 13.8
8.664650000 0.5
8.667000000 0.6
8.669950000 0.5
8.670000000 13.8
8.670001000 -40.0
8.670003000 65.0
8.670006000 20.0
8.670010000 5.0
8.670014000 14.5
8.670020000 13.5
8.670030000 13.9
8.670050000 13.8
8.674850000 14.1
8.679550000 13.5
8.679600000 13.8
8.679650000 0.5
8.682000000 0.6
8.684950000 0.5
8.685000000 13.8
8.685001000 -40.0
8.685003000 65.0
8.685006000 20.0
8.685010000 5.0
8.685014000 14.5
8.685020000 13.5
8.685030000 13.9
8.685050000 13.8
8.689850000 14.1
8.694550000 13.5
8.694600000 13.8
8.694650000 0.5
8.697000000 0.6
8.699950000 0.5
8.700000000 13.8
8.700001000 -40.0
8.700003000 65.0
8.700006000 20.0
8.700010000 5.0
8.700014000 14.5
8.700020000 13.5
8.700030000 13.9
8.700050000 13.8
8.704850000 14.1
8.709550000 13.5
8.709600000 13.8
8.709650000 0.5
8.712000000 0.6
8.714950000 0.5
8.715000000 13.8
8.715001000 -40.0
8.715003000 65.0
8.715006000 20.0
8.715010000 5.0
8.715014000 14.5
8.715020000 13.5
8.715030000 13.9
8.715050000 13.8
8.719850000 14.1
8.724550000 13.5
8.724600000 13.8
8.724650000 0.5
8.727000000 0.6
8.729950000 0.5
8.730000000 13.8
8.730001000 -40.0
8.730003000 65.0
8.730006000 20.0
8.730010000 5.0
8.730014000 14.5
8.730020000 13.5
8.730030000 13.9
8.730050000 13.8
8.734850000 14.1
8.739550000 13.5
8.739600000 13.8
8.739650000 0.5
8.742000000 0.6
8.744950000 0.5
8.745000000 13.8
8.745001000 -40.0
8.745003000 65.0
8.745006000 20.0
8.745010000 5.0
8.745014000 14.5
8.745020000 13.5
8.745030000 13.9
8.745050000 13.8
8.749850000 14.1
8.754550000 13.5
8.754600000 13.8
8.754650000 0.5
8.757000000 0.6
8.759950000 0.5
8.760000000 13.8
8.760001000 -40.0
8.760003000 65.0
8.760006000 20.0
8.760010000 5.0
8.760014000 14.5
8.760020000 13.5
8.760030000 13.9
8.760050000 13.8
8.764850000 14.1
8.769550000 13.5
8.769600000 13.8
8.769650000 0.5
8.772000000 0.6
8.774950000 0.5
8.775000000 13.8
8.775001000 -40.0
8.775003000 65.0
8.775006000 20.0
8.775010000 5.0
8.775014000 14.5
8.775020000 13.5
8.775030000 13.9
8.775050000 13.8
8.779850000 14.1
8.784550000 13.5
8.784600000 13.8
8.784650000 0.5
8.787000000 0.6
8.789950000 0.5
8.790000000 13.8
8.790001000 -40.0
8.790003000 65.0
8.790006000 20.0
8.790010000 5.0
8.790014000 14.5
8.790020000 13.5
8.790030000 13.9
8.790050000 13.8
8.794850000 14.1
8.799550000 13.5
8.799600000 13.8
8.799650000 0.5
8.802000000 0.6
8.804950000 0.5
8.805000000 13.8
8.805001000 -40.0
8.805003000 65.0
8.805006000 20.0
8.805010000 5.0
8.805014000 14.5
8.805020000 13.5
8.805030000 13.9
8.805050000 13.8
8.809850000 14.1
8.814550000 13.5
8.814600000 13.8
8.814650000 0.5
8.817000000 0.6
8.819950000 0.5
8.820000000 13.8
8.820001000 -40.0
8.820003000 65.0
8.820006000 20.0
8.820010000 5.0
8.820014000 14.5
8.820020000 13.5
8.820030000 13.9
8.820050000 13.8
8.824850000 14.1
8.829550000 13.5
8.829600000 13.8
8.829650000 0.5
8.832000000 0.6
8.834950000 0.5
8.835000000 13.8
8.835001000 -40.0
8.835003000 65.0
8.835006000 20.0
8.835010000 5.0
8.835014000 14.5
8.835020000 13.5
8.835030000 13.9
8.835050000 13.8
8.839850000 14.1
8.844550000 13.5
8.844600000 13.8
8.844650000 0.5
8.847000000 0.6
8.849950000 0.5
8.850000000 13.8
8.850001000 -40.0
8.850003000 65.0
8.850006000 20.0
8.850010000 5.0
8.850014000 14.5
8.850020000 13.5
8.850030000 13.9
8.850050000 13.8
8.854850000 14.1
8.859550000 13.5
8.859600000 13.8
8.859650000 0.5
8.862000000 0.6
8.864950000 0.5
8.865000000 13.8
8.865001000 -40.0
8.865003000 65.0
8.865006000 20.0
8.865010000 5.0
8.865014000 14.5
8.865020000 13.5
8.865030000 13.9
8.865050000 13.8
8.869850000 14.1
8.874550000 13.5
8.874600000 13.8
8.874650000 0.5
8.877000000 0.6
8.879950000 0.5
8.880000000 13.8
8.880001000 -40.0
8.880003000 65.0
8.880006000 20.0
8.880010000 5.0
8.880014000 14.5
8.880020000 13.5
8.880030000 13.9
8.880050000 13.8
8.884850000 14.1
8.889550000 13.5
8.889600000 13.8
8.889650000 0.5
8.892000000 0.6
8.894950000 0.5
8.895000000 13.8
8.895001000 -40.0
8.895003000 65.0
8.895006000 20.0
8.895010000 5.0
8.895014000 14.5
8.895020000 13.5
8.895030000 13.9
8.895050000 13.8
8.899850000 14.1
8.904550000 13.5
8.904600000 13.8
8.904650000 0.5
8.907000000 0.6
8.909950000 0.5
8.910000000 13.8
8.910001000 -40.0
8.910003000 65.0
8.910006000 20.0
8.910010000 5.0
8.910014000 14.5
8.910020000 13.5
8.910030000 13.9
8.910050000 13.8
8.914850000 14.1
8.919550000 13.5
8.919600000 13.8
8.919650000 0.5
8.922000000 0.6
8.924950000 0.5
8.925000000 13.8
8.925001000 -40.0
8.925003000 65.0
8.925006000 20.0
8.925010000 5.0
8.925014000 14.5
8.925020000 13.5
8.925030000 13.9
8.925050000 13.8
8.929850000 14.1
8.934550000 13.5
8.934600000 13.8
8.934650000 0.5
8.937000000 0.6
8.939950000 0.5
8.940000000 13.8
8.940001000 -40.0
8.940003000 65.0
8.940006000 20.0
8.940010000 5.0
8.940014000 14.5
8.940020000 13.5
8.940030000 13.9
8.940050000 13.8
8.944850000 14.1
8.949550000 13.5
8.949600000 13.8
8.949650000 0.5
8.952000000 0.6
8.954950000 0.5
8.955000000 13.8
8.955001000 -40.0
8.955003000 65.0
8.955006000 20.0
8.955010000 5.0
8.955014000 14.5
8.955020000 13.5
8.955030000 13.9
8.955050000 13.8
8.959850000 14.1
8.964550000 13.5
8.964600000 13.8
8.964650000 0.5
8.967000000 0.6
8.969950000 0.5
8.970000000 13.8
8.970001000 -40.0
8.970003000 65.0
8.970006000 20.0
8.970010000 5.0
8.970014000 14.5
8.970020000 13.5
8.970030000 13.9
8.970050000 13.8
8.974850000 14.1
8.979550000 13.5
8.979600000 13.8
8.979650000 0.5
8.982000000 0.6
8.984950000 0.5
8.985000000 13.8
8.985001000 -40.0
8.985003000 65.0
8.985006000 20.0
8.985010000 5.0
8.985014000 14.5
8.985020000 13.5
8.985030000 13.9
8.985050000 13.8
8.989850000 14.1
8.994550000 13.5
8.994600000 13.8
8.994650000 0.5
8.997000000 0.6
8.999950000 0.5
9.000000000 13.8
9.000001000 -40.0
9.000003000 65.0
9.000006000 20.0
9.000010000 5.0
9.000014000 14.5
9.000020000 13.5
9.000030000 13.9
9.000050000 13.8
9.004850000 14.1
9.009550000 13.5
9.009600000 13.8
9.009650000 0.5
9.012000000 0.6
9.014950000 0.5
9.015000000 13.8
9.015001000 -40.0
9.015003000 65.0
9.015006000 20.0
9.015010000 5.0
9.015014000 14.5
9.015020000 13.5
9.015030000 13.9
9.015050000 13.8
9.019850000 14.1
9.024550000 13.5
9.024600000 13.8
9.024650000 0.5
9.027000000 0.6
9.029950000 0.5
9.030000000 13.8
9.030001000 -40.0
9.030003000 65.0
9.030006000 20.0
9.030010000 5.0
9.030014000 14.5
9.030020000 13.5
9.030030000 13.9
9.030050000 13.8
9.034850000 14.1
9.039550000 13.5
9.039600000 13.8
9.039650000 0.5
9.042000000 0.6
9.044950000 0.5
9.045000000 13.8
9.045001000 -40.0
9.045003000 65.0
9.045006000 20.0
9.045010000 5.0
9.045014000 14.5
9.045020000 13.5
9.045030000 13.9
9.045050000 13.8
9.049850000 14.1
9.054550000 13.5
9.054600000 13.8
9.054650000 0.5
9.057000000 0.6
9.059950000 0.5
9.060000000 13.8
9.060001000 -40.0
9.060003000 65.0
9.060006000 20.0
9.060010000 5.0
9.060014000 14.5
9.060020000 13.5
9.060030000 13.9
9.060050000 13.8
9.064850000 14.1
9.069550000 13.5
9.069600000 13.8
9.069650000 0.5
9.072000000 0.6
9.074950000 0.5
9.075000000 13.8
9.075001000 -40.0
9.075003000 65.0
9.075006000 20.0
9.075010000 5.0
9.075014000 14.5
9.075020000 13.5
9.075030000 13.9
9.075050000 13.8
9.079850000 14.1
9.084550000 13.5
9.084600000 13.8
9.084650000 0.5
9.087000000 0.6
9.089950000 0.5
9.090000000 13.8
9.090001000 -40.0
9.090003000 65.0
9.090006000 20.0
9.090010000 5.0
9.090014000 14.5
9.090020000 13.5
9.090030000 13.9
9.090050000 13.8
9.094850000 14.1
9.099550000 13.5
9.099600000 13.8
9.099650000 0.5
9.102000000 0.6
9.104950000 0.5
9.105000000 13.8
9.105001000 -40.0
9.105003000 65.0
9.105006000 20.0
9.105010000 5.0
9.105014000 14.5
9.105020000 13.5
9.105030000 13.9
9.105050000 13.8
9.109850000 14.1
9.114550000 13.5
9.114600000 13.8
9.114650000 0.5
9.117000000 0.6
9.119950000 0.5
9.120000000 13.8
9.120001000 -40.0
9.120003000 65.0
9.120006000 20.0
9.120010000 5.0
9.120014000 14.5
9.120020000 13.5
9.120030000 13.9
9.120050000 13.8
9.124850000 14.1
9.129550000 13.5
9.129600000 13.8
9.129650000 0.5
9.132000000 0.6
9.134950000 0.5
9.135000000 13.8
9.135001000 -40.0
9.135003000 65.0
9.135006000 20.0
9.135010000 5.0
9.135014000 14.5
9.135020000 13.5
9.135030000 13.9
9.135050000 13.8
9.139850000 14.1
9.144550000 13.5
9.144600000 13.8
9.144650000 0.5
9.147000000 0.6
9.149950000 0.5
9.150000000 13.8
9.150001000 -40.0
9.150003000 65.0
9.150006000 20.0
9.150010000 5.0
9.150014000 14.5
9.150020000 13.5
9.150030000 13.9
9.150050000 13.8
9.154850000 14.1
9.159550000 13.5
9.159600000 13.8
9.159650000 0.5
9.162000000 0.6
9.164950000 0.5
9.165000000 13.8
9.165001000 -40.0
9.165003000 65.0
9.165006000 20.0
9.165010000 5.0
9.165014000 14.5
9.165020000 13.5
9.165030000 13.9
9.165050000 13.8
9.169850000 14.1
9.174550000 13.5
9.174600000 13.8
9.174650000 0.5
9.177000000 0.6
9.179950000 0.5
9.180000000 13.8
9.180001000 -40.0
9.180003000 65.0
9.180006000 20.0
9.180010000 5.0
9.180014000 14.5
9.180020000 13.5
9.180030000 13.9
9.180050000 13.8
9.184850000 14.1
9.189550000 13.5
9.189600000 13.8
9.189650000 0.5
9.192000000 0.6
9.194950000 0.5
9.195000000 13.8
9.195001000 -40.0
9.195003000 65.0
9.195006000 20.0
9.195010000 5.0
9.195014000 14.5
9.195020000 13.5
9.195030000 13.9
9.195050000 13.8
9.199850000 14.1
9.204550000 13.5
9.204600000 13.8
9.204650000 0.5
9.207000000 0.6
9.209950000 0.5
9.210000000 13.8
9.210001000 -40.0
9.210003000 65.0
9.210006000 20.0
9.210010000 5.0
9.210014000 14.5
9.210020000 13.5
9.210030000 13.9
9.210050000 13.8
9.214850000 14.1
9.219550000 13.5
9.219600000 13.8
9.219650000 0.5
9.222000000 0.6
9.224950000 0.5
9.225000000 13.8
9.225001000 -40.0
9.225003000 65.0
9.225006000 20.0
9.225010000 5.0
9.225014000 14.5
9.225020000 13.5
9.225030000 13.9
9.225050000 13.8
9.229850000 14.1
9.234550000 13.5
9.234600000 13.8
9.234650000 0.5
9.237000000 0.6
9.239950000 0.5
9.240000000 13.8
9.240001000 -40.0
9.240003000 65.0
9.240006000 20.0
9.240010000 5.0
9.240014000 14.5
9.240020000 13.5
9.240030000 13.9
9.240050000 13.8
9.244850000 14.1
9.249550000 13.5
9.249600000 13.8
9.249650000 0.5
9.252000000 0.6
9.254950000 0.5
9.255000000 13.8
9.255001000 -40.0
9.255003000 65.0
9.255006000 20.0
9.255010000 5.0
9.255014000 14.5
9.255020000 13.5
9.255030000 13.9
9.255050000 13.8
9.259850000 14.1
9.264550000 13.5
9.264600000 13.8
9.264650000 0.5
9.267000000 0.6
9.269950000 0.5
9.270000000 13.8
9.270001000 -40.0
9.270003000 65.0
9.270006000 20.0
9.270010000 5.0
9.270014000 14.5
9.270020000 13.5
9.270030000 13.9
9.270050000 13.8
9.274850000 14.1
9.279550000 13.5
9.279600000 13.8
9.279650000 0.5
9.282000000 0.6
9.284950000 0.5
9.285000000 13.8
9.285001000 -40.0
9.285003000 65.0
9.285006000 20.0
9.285010000 5.0
9.285014000 14.5
9.285020000 13.5
9.285030000 13.9
9.285050000 13.8
9.289850000 14.1
9.294550000 13.5
9.294600000 13.8
9.294650000 0.5
9.297000000 0.6
9.299950000 0.5
9.300000000 13.8
9.300001000 -40.0
9.300003000 65.0
9.300006000 20.0
9.300010000 5.0
9.300014000 14.5
9.300020000 13.5
9.300030000 13.9
9.300050000 13.8
9.304850000 14.1
9.309550000 13.5
9.309600000 13.8
9.309650000 0.5
9.312000000 0.6
9.314950000 0.5
9.315000000 13.8
9.315001000 -40.0
9.315003000 65.0
9.315006000 20.0
9.315010000 5.0
9.315014000 14.5
9.315020000 13.5
9.315030000 13.9
9.315050000 13.8
9.319850000 14.1
9.324550000 13.5
9.324600000 13.8
9.324650000 0.5
9.327000000 0.6
9.329950000 0.5
9.330000000 13.8
9.330001000 -40.0
9.330003000 65.0
9.330006000 20.0
9.330010000 5.0
9.330014000 14.5
9.330020000 13.5
9.330030000 13.9
9.330050000 13.8
9.334850000 14.1
9.339550000 13.5
9.339600000 13.8
9.339650000 0.5
9.342000000 0.6
9.344950000 0.5
9.345000000 13.8
9.345001000 -40.0
9.345003000 65.0
9.345006000 20.0
9.345010000 5.0
9.345014000 14.5
9.345020000 13.5
9.345030000 13.9
9.345050000 13.8
9.349850000 14.1
9.354550000 13.5
9.354600000 13.8
9.354650000 0.5
9.357000000 0.6
9.359950000 0.5
9.360000000 13.8
9.360001000 -40.0
9.360003000 65.0
9.360006000 20.0
9.360010000 5.0
9.360014000 14.5
9.360020000 13.5
9.360030000 13.9
9.360050000 13.8
9.364850000 14.1
9.369550000 13.5
9.369600000 13.8
9.369650000 0.5
9.372000000 0.6
9.374950000 0.5
9.375000000 13.8
9.375001000 -40.0
9.375003000 65.0
9.375006000 20.0
9.375010000 5.0
9.375014000 14.5
9.375020000 13.5
9.375030000 13.9
9.375050000 13.8
9.379850000 14.1
9.384550000 13.5
9.384600000 13.8
9.384650000 0.5
9.387000000 0.6
9.389950000 0.5
9.390000000 13.8
9.390001000 -40.0
9.390003000 65.0
9.390006000 20.0
9.390010000 5.0
9.390014000 14.5
9.390020000 13.5
9.390030000 13.9
9.390050000 13.8
9.394850000 14.1
9.399550000 13.5
9.399600000 13.8
9.399650000 0.5
9.402000000 0.6
9.404950000 0.5
9.405000000 13.8
9.405001000 -40.0
9.405003000 65.0
9.405006000 20.0
9.405010000 5.0
9.405014000 14.5
9.405020000 13.5
9.405030000 13.9
9.405050000 13.8
9.409850000 14.1
9.414550000 13.5
9.414600000 13.8
9.414650000 0.5
9.417000000 0.6
9.419950000 0.5
9.420000000 13.8
9.420001000 -40.0
9.420003000 65.0
9.420006000 20.0
9.420010000 5.0
9.420014000 14.5
9.420020000 13.5
9.420030000 13.9
9.420050000 13.8
9.424850000 14.1
9.429550000 13.5
9.429600000 13.8
9.429650000 0.5
9.432000000 0.6
9.434950000 0.5
9.435000000 13.8
9.435001000 -40.0
9.435003000 65.0
9.435006000 20.0
9.435010000 5.0
9.435014000 14.5
9.435020000 13.5
9.435030000 13.9
9.435050000 13.8
9.439850000 14.1
9.444550000 13.5
9.444600000 13.8
9.444650000 0.5
9.447000000 0.6
9.449950000 0.5
9.450000000 13.8
9.450001000 -40.0
9.450003000 65.0
9.450006000 20.0
9.450010000 5.0
9.450014000 14.5
9.450020000 13.5
9.450030000 13.9
9.450050000 13.8
9.454850000 14.1
9.459550000 13.5
9.459600000 13.8
9.459650000 0.5
9.462000000 0.6
9.464950000 0.5
9.465000000 13.8
9.465001000 -40.0
9.465003000 65.0
9.465006000 20.0
9.465010000 5.0
9.465014000 14.5
9.465020000 13.5
9.465030000 13.9
9.465050000 13.8
9.469850000 14.1
9.474550000 13.5
9.474600000 13.8
9.474650000 0.5
9.477000000 0.6
9.479950000 0.5
9.480000000 13.8
9.480001000 -40.0
9.480003000 65.0
9.480006000 20.0
9.480010000 5.0
9.480014000 14.5
9.480020000 13.5
9.480030000 13.9
9.480050000 13.8
9.484850000 14.1
9.489550000 13.5
9.489600000 13.8
9.489650000 0.5
9.492000000 0.6
9.494950000 0.5
9.495000000 13.8
9.495001000 -40.0
9.495003000 65.0
9.495006000 20.0
9.495010000 5.0
9.495014000 14.5
9.495020000 13.5
9.495030000 13.9
9.495050000 13.8
9.499850000 14.1
9.504550000 13.5
9.504600000 13.8
9.504650000 0.5
9.507000000 0.6
9.509950000 0.5
9.510000000 13.8
9.510001000 -40.0
9.510003000 65.0
9.510006000 20.0
9.510010000 5.0
9.510014000 14.5
9.510020000 13.5
9.510030000 13.9
9.510050000 13.8
9.514850000 14.1
9.519550000 13.5
9.519600000 13.8
9.519650000 0.5
9.522000000 0.6
9.524950000 0.5
9.525000000 13.8
9.525001000 -40.0
9.525003000 65.0
9.525006000 20.0
9.525010000 5.0
9.525014000 14.5
9.525020000 13.5
9.525030000 13.9
9.525050000 13.8
9.529850000 14.1
9.534550000 13.5
9.534600000 13.8
9.534650000 0.5
9.537000000 0.6
9.539950000 0.5
9.540000000 13.8
9.540001000 -40.0
9.540003000 65.0
9.540006000 20.0
9.540010000 5.0
9.540014000 14.5
9.540020000 13.5
9.540030000 13.9
9.540050000 13.8
9.544850000 14.1
9.549550000 13.5
9.549600000 13.8
9.549650000 0.5
9.552000000 0.6
9.554950000 0.5
9.555000000 13.8
9.555001000 -40.0
9.555003000 65.0
9.555006000 20.0
9.555010000 5.0
9.555014000 14.5
9.555020000 13.5
9.555030000 13.9
9.555050000 13.8
9.559850000 14.1
9.564550000 13.5
9.564600000 13.8
9.564650000 0.5
9.567000000 0.6
9.569950000 0.5
9.570000000 13.8
9.570001000 -40.0
9.570003000 65.0
9.570006000 20.0
9.570010000 5.0
9.570014000 14.5
9.570020000 13.5
9.570030000 13.9
9.570050000 13.8
9.574850000 14.1
9.579550000 13.5
9.579600000 13.8
9.579650000 0.5
9.582000000 0.6
9.584950000 0.5
9.585000000 13.8
9.585001000 -40.0
9.585003000 65.0
9.585006000 20.0
9.585010000 5.0
9.585014000 14.5
9.585020000 13.5
9.585030000 13.9
9.585050000 13.8
9.589850000 14.1
9.594550000 13.5
9.594600000 13.8
9.594650000 0.5
9.597000000 0.6
9.599950000 0.5
9.600000000 13.8
9.600001000 -40.0
9.600003000 65.0
9.600006000 20.0
9.600010000 5.0
9.600014000 14.5
9.600020000 13.5
9.600030000 13.9
9.600050000 13.8
9.604850000 14.1
9.609550000 13.5
9.609600000 13.8
9.609650000 0.5
9.612000000 0.6
9.614950000 0.5
9.615000000 13.8
9.615001000 -40.0
9.615003000 65.0
9.615006000 20.0
9.615010000 5.0
9.615014000 14.5
9.615020000 13.5
9.615030000 13.9
9.615050000 13.8
9.619850000 14.1
9.624550000 13.5
9.624600000 13.8
9.624650000 0.5
9.627000000 0.6
9.629950000 0.5
9.630000000 13.8
9.630001000 -40.0
9.630003000 65.0
9.630006000 20.0
9.630010000 5.0
9.630014000 14.5
9.630020000 13.5
9.630030000 13.9
9.630050000 13.8
9.634850000 14.1
9.639550000 13.5
9.639600000 13.8
9.639650000 0.5
9.642000000 0.6
9.644950000 0.5
9.645000000 13.8
9.645001000 -40.0
9.645003000 65.0
9.645006000 20.0
9.645010000 5.0
9.645014000 14.5
9.645020000 13.5
9.645030000 13.9
9.645050000 13.8
9.649850000 14.1
9.654550000 13.5
9.654600000 13.8
9.654650000 0.5
9.657000000 0.6
9.659950000 0.5
9.660000000 13.8
9.660001000 -40.0
9.660003000 65.0
9.660006000 20.0
9.660010000 5.0
9.660014000 14.5
9.660020000 13.5
9.660030000 13.9
9.660050000 13.8
9.664850000 14.1
9.669550000 13.5
9.669600000 13.8
9.669650000 0.5
9.672000000 0.6
9.674950000 0.5
9.675000000 13.8
9.675001000 -40.0
9.675003000 65.0
9.675006000 20.0
9.675010000 5.0
9.675014000 14.5
9.675020000 13.5
9.675030000 13.9
9.675050000 13.8
9.679850000 14.1
9.684550000 13.5
9.684600000 13.8
9.684650000 0.5
9.687000000 0.6
9.689950000 0.5
9.690000000 13.8
9.690001000 -40.0
9.690003000 65.0
9.690006000 20.0
9.690010000 5.0
9.690014000 14.5
9.690020000 13.5
9.690030000 13.9
9.690050000 13.8
9.694850000 14.1
9.699550000 13.5
9.699600000 13.8
9.699650000 0.5
9.702000000 0.6
9.704950000 0.5
9.705000000 13.8
9.705001000 -40.0
9.705003000 65.0
9.705006000 20.0
9.705010000 5.0
9.705014000 14.5
9.705020000 13.5
9.705030000 13.9
9.705050000 13.8
9.709850000 14.1
9.714550000 13.5
9.714600000 13.8
9.714650000 0.5
9.717000000 0.6
9.719950000 0.5
9.720000000 13.8
9.720001000 -40.0
9.720003000 65.0
9.720006000 20.0
9.720010000 5.0
9.720014000 14.5
9.720020000 13.5
9.720030000 13.9
9.720050000 13.8
9.724850000 14.1
9.729550000 13.5
9.729600000 13.8
9.729650000 0.5
9.732000000 0.6
9.734950000 0.5
9.735000000 13.8
9.735001000 -40.0
9.735003000 65.0
9.735006000 20.0
9.735010000 5.0
9.735014000 14.5
9.735020000 13.5
9.735030000 13.9
9.735050000 13.8
9.739850000 14.1
9.744550000 13.5
9.744600000 13.8
9.744650000 0.5
9.747000000 0.6
9.749950000 0.5
9.750000000 13.8
9.750001000 -40.0
9.750003000 65.0
9.750006000 20.0
9.750010000 5.0
9.750014000 14.5
9.750020000 13.5
9.750030000 13.9
9.750050000 13.8
9.754850000 14.1
9.759550000 13.5
9.759600000 13.8
9.759650000 0.5
9.762000000 0.6
9.764950000 0.5
9.765000000 13.8
9.765001000 -40.0
9.765003000 65.0
9.765006000 20.0
9.765010000 5.0
9.765014000 14.5
9.765020000 13.5
9.765030000 13.9
9.765050000 13.8
9.769850000 14.1
9.774550000 13.5
9.774600000 13.8
9.774650000 0.5
9.777000000 0.6
9.779950000 0.5
9.780000000 13.8
9.780001000 -40.0
9.780003000 65.0
9.780006000 20.0
9.780010000 5.0
9.780014000 14.5
9.780020000 13.5
9.780030000 13.9
9.780050000 13.8
9.784850000 14.1
9.789550000 13.5
9.789600000 13.8
9.789650000 0.5
9.792000000 0.6
9.794950000 0.5
9.795000000 13.8
9.795001000 -40.0
9.795003000 65.0
9.795006000 20.0
9.795010000 5.0
9.795014000 14.5
9.795020000 13.5
9.795030000 13.9
9.795050000 13.8
9.799850000 14.1
9.804550000 13.5
9.804600000 13.8
9.804650000 0.5
9.807000000 0.6
9.809950000 0.5
9.810000000 13.8
9.810001000 -40.0
9.810003000 65.0
9.810006000 20.0
9.810010000 5.0
9.810014000 14.5
9.810020000 13.5
9.810030000 13.9
9.810050000 13.8
9.814850000 14.1
9.819550000 13.5
9.819600000 13.8
9.819650000 0.5
9.822000000 0.6
9.824950000 0.5
9.825000000 13.8
9.825001000 -40.0
9.825003000 65.0
9.825006000 20.0
9.825010000 5.0
9.825014000 14.5
9.825020000 13.5
9.825030000 13.9
9.825050000 13.8
9.829850000 14.1
9.834550000 13.5
9.834600000 13.8
9.834650000 0.5
9.837000000 0.6
9.839950000 0.5
9.840000000 13.8
9.840001000 -40.0
9.840003000 65.0
9.840006000 20.0
9.840010000 5.0
9.840014000 14.5
9.840020000 13.5
9.840030000 13.9
9.840050000 13.8
9.844850000 14.1
9.849550000 13.5
9.849600000 13.8
9.849650000 0.5
9.852000000 0.6
9.854950000 0.5
9.855000000 13.8
9.855001000 -40.0
9.855003000 65.0
9.855006000 20.0
9.855010000 5.0
9.855014000 14.5
9.855020000 13.5
9.855030000 13.9
9.855050000 13.8
9.859850000 14.1
9.864550000 13.5
9.864600000 13.8
9.864650000 0.5
9.867000000 0.6
9.869950000 0.5
9.870000000 13.8
9.870001000 -40.0
9.870003000 65.0
9.870006000 20.0
9.870010000 5.0
9.870014000 14.5
9.870020000 13.5
9.870030000 13.9
9.870050000 13.8
9.874850000 14.1
9.879550000 13.5
9.879600000 13.8
9.879650000 0.5
9.882000000 0.6
9.884950000 0.5
9.885000000 13.8
9.885001000 -40.0
9.885003000 65.0
9.885006000 20.0
9.885010000 5.0
9.885014000 14.5
9.885020000 13.5
9.885030000 13.9
9.885050000 13.8
9.889850000 14.1
9.894550000 13.5
9.894600000 13.8
9.894650000 0.5
9.897000000 0.6
9.899950000 0.5
9.900000000 13.8
9.900001000 -40.0
9.900003000 65.0
9.900006000 20.0
9.900010000 5.0
9.900014000 14.5
9.900020000 13.5
9.900030000 13.9
9.900050000 13.8
9.904850000 14.1
9.909550000 13.5
9.909600000 13.8
9.909650000 0.5
9.912000000 0.6
9.914950000 0.5
9.915000000 13.8
9.915001000 -40.0
9.915003000 65.0
9.915006000 20.0
9.915010000 5.0
9.915014000 14.5
9.915020000 13.5
9.915030000 13.9
9.915050000 13.8
9.919850000 14.1
9.924550000 13.5
9.924600000 13.8
9.924650000 0.5
9.927000000 0.6
9.929950000 0.5
9.930000000 13.8
9.930001000 -40.0
9.930003000 65.0
9.930006000 20.0
9.930010000 5.0
9.930014000 14.5
9.930020000 13.5
9.930030000 13.9
9.930050000 13.8
9.934850000 14.1
9.939550000 13.5
9.939600000 13.8
9.939650000 0.5
9.942000000 0.6
9.944950000 0.5
9.945000000 13.8
9.945001000 -40.0
9.945003000 65.0
9.945006000 20.0
9.945010000 5.0
9.945014000 14.5
9.945020000 13.5
9.945030000 13.9
9.945050000 13.8
9.949850000 14.1
9.954550000 13.5
9.954600000 13.8
9.954650000 0.5
9.957000000 0.6
9.959950000 0.5
9.960000000 13.8
9.960001000 -40.0
9.960003000 65.0
9.960006000 20.0
9.960010000 5.0
9.960014000 14.5
9.960020000 13.5
9.960030000 13.9
9.960050000 13.8
9.964850000 14.1
9.969550000 13.5
9.969600000 13.8
9.969650000 0.5
9.972000000 0.6
9.974950000 0.5
9.975000000 13.8
9.975001000 -40.0
9.975003000 65.0
9.975006000 20.0
9.975010000 5.0
9.975014000 14.5
9.975020000 13.5
9.975030000 13.9
9.975050000 13.8
9.979850000 14.1
9.984550000 13.5
9.984600000 13.8
9.984650000 0.5
9.987000000 0.6
9.989950000 0.5
10.000000000 13.8
